id_cliente,nombre_cliente,edad,genero,ciudad,ingreso_mensual,tipo_empleo,antiguedad_laboral_meses,monto_solicitado,plazo_meses,score_buro_externo,deuda_actual,num_tarjetas_activas,historial_pagos_atrasados,fecha_solicitud,canal_solicitud,dispositivo,ip_pais,resultado_solicitud,fraude_flag,edadrobust_scaler,ingreso_mensualrobust_scaler,antiguedad_laboral_mesesrobust_scaler,monto_solicitadorobust_scaler,plazo_mesesrobust_scaler,score_buro_externorobust_scaler,deuda_actualrobust_scaler,num_tarjetas_activasrobust_scaler,historial_pagos_atrasadosrobust_scaler,edadyeo_norm,edadl2_norm,ingreso_mensualyeo_norm,ingreso_mensuall2_norm,antiguedad_laboral_mesesyeo_norm,antiguedad_laboral_mesesl2_norm,monto_solicitadoyeo_norm,monto_solicitadol2_norm,plazo_mesesyeo_norm,plazo_mesesl2_norm,score_buro_externoyeo_norm,score_buro_externol2_norm,deuda_actualyeo_norm,deuda_actuall2_norm,num_tarjetas_activasyeo_norm,num_tarjetas_activasl2_norm,historial_pagos_atrasadosyeo_norm,historial_pagos_atrasadosl2_norm
CLI-3535,Victor Manuel Eutimio Criado Dávila,39.0,desconocido,desconocido,122820.0,empleado,32.0,1184641.0,60.0,6550.0,1075989.0,3.0,0.0,03/02/2026,call center,ios,ecuador,aprobado,0.0,-0.27586206896551724,-1.0646587972268942,-0.6637931034482759,2.281317838766593,1.0,0.299625468164794,0.47685458762417055,0.0,-0.5,-0.35844956077882295,1.0,-1.9341640015953239,1.0,-1.2217782811613032,1.0,1.713528534403934,1.0,1.3307640862439178,1.0,0.506502428668947,1.0,0.8708272340363503,1.0,0.08972016254826615,1.0,-1.154978408707881,0.0
CLI-4482,Francisco Jose Piquer Zamorano,28.0,femenino,cuenca,2335890.0,jubilado,82.0,100622.0,24.0,7720.0,66548.0,1.0,3.0,2025-02-20,desconocido,ios,ecuador,pendiente,0.0,-0.6551724137931034,0.0701557820896747,-0.23275862068965517,-0.22212086501066944,-0.5,0.7378277153558053,-0.7020105525983262,-0.5,1.0,-1.0064912487126259,1.0,0.14969071021639638,1.0,-0.33742972686673917,1.0,-0.6462945838868093,1.0,-0.7243013537000694,1.0,1.153894091702916,1.0,-1.5203786863371818,1.0,-0.9937313799445397,1.0,1.364018092104731,1.0
CLI-4858,Emma Santana Beltran,44.0,masculino,ibarra,2190810.0,independiente,12.0,139669.0,60.0,4480.0,1408454.0,5.0,3.0,18 de November de 2025,web,android,ecuador,rechazado,0.0,-0.10344827586206896,-0.004238113795791114,-0.8362068965517241,-0.13194553499672065,1.0,-0.4756554307116105,0.8651203692241575,0.5,1.0,-0.08202892461808767,1.0,0.038570377669678385,1.0,-1.7114433593027265,1.0,-0.3851617415166551,1.0,1.3307640862439178,1.0,-0.6466320189828635,1.0,1.3630134603184851,1.0,1.0312249847783386,1.0,1.364018092104731,1.0
CLI-2144,Urbano Alejo Agullo Martín,67.0,masculino,quito,1798580.0,desconocido,148.0,507051.0,48.0,6260.0,62902.0,5.0,2.0,2025-08-22,call center,ios,ecuador,pendiente,0.0,0.6896551724137931,-0.20536520080403659,0.33620689655172414,0.7164882266542266,0.5,0.19101123595505617,-0.7062684956591403,0.5,0.5,1.0889764576997847,1.0,-0.27116380266680234,1.0,0.5693087979936433,1.0,0.7907692668184748,1.0,0.6867732139686339,1.0,0.3455966768687027,1.0,-1.5402167178976285,1.0,1.0312249847783386,1.0,0.8765503230843952,1.0
CLI-3806,Lara Águila-Mendez,25.0,femenino,quito,1992730.0,independiente,237.0,204071.0,24.0,6040.0,1373836.0,5.0,3.0,desconocido,call center,desconocido,rusia,aprobado,1.0,-0.7586206896551724,-0.10580926693194405,1.103448275862069,0.016784754233139035,-0.5,0.10861423220973783,0.8246920990981943,0.5,1.0,-1.19530993688497,1.0,-0.11603040281463978,1.0,1.5885253636917243,1.0,-0.06497118873201896,1.0,-0.7243013537000694,1.0,0.2234028832486173,1.0,1.3143538581510046,1.0,1.0312249847783386,1.0,1.364018092104731,1.0
CLI-3432,Manu Hernandez Tamayo,56.0,femenino,quito,661730.0,empleado,220.0,195069.0,60.0,5460.0,1203546.0,4.0,1.0,18 de October de 2025,web,desconocido,ecuador,aprobado,0.0,0.3103448275862069,-0.7883173688312753,0.9568965517241379,-0.00400450795820901,1.0,-0.10861423220973783,0.625820699255619,0.25,0.0,0.5467223259835524,1.0,-1.2895216553276363,1.0,1.4059280443839117,1.0,-0.10412770062161412,1.0,1.3307640862439178,1.0,-0.099304583866562,1.0,1.066664402150985,1.0,0.5731179750185994,1.0,0.1590477084166273,1.0
CLI-4013,Ariel Cabrera Salcedo,51.0,femenino,manta,3584760.0,independiente,28.0,523054.0,24.0,6280.0,1154522.0,1.0,0.0,11-01-2024,desconocido,ios,ecuador,rechazado,0.0,0.13793103448275862,0.7105493908192149,-0.6982758620689655,0.7534456319917231,-0.5,0.19850187265917604,0.5685685323293027,-0.5,-0.5,0.2900687935278137,1.0,1.048903817045211,1.0,-1.308586937982773,1.0,0.8223220633114312,1.0,-0.7243013537000694,1.0,0.3566996748777426,1.0,0.9925358768014476,1.0,-0.9937313799445397,1.0,-1.154978408707881,0.0
CLI-3542,Sebastián Rebollo Valera,48.0,masculino,loja,2387260.0,desconocido,51.0,192464.0,60.0,4230.0,1327158.0,4.0,3.0,10-12-2024,app,ios,ecuador,aprobado,0.0,0.034482758620689655,0.09649721048529351,-0.5,-0.010020507514803285,1.0,-0.5692883895131086,0.7701796837957589,0.25,1.0,0.1325511349327879,1.0,0.18863819026354292,1.0,-0.8513246856946745,1.0,-0.11573995092001371,1.0,1.3307640862439178,1.0,-0.7867254604629969,1.0,1.2478774816487301,1.0,0.5731179750185994,1.0,1.364018092104731,1.0
CLI-2048,María Cristina Almudena Beltran Fabra,69.0,femenino,ambato,3227510.0,empleado,155.0,187309.0,24.0,3650.0,454141.0,1.0,0.0,2026-02-11,desconocido,android,ecuador,pendiente,0.0,0.7586206896551724,0.5273592935964229,0.39655172413793105,-0.021925489362881398,-0.5,-0.7865168539325843,-0.24936411135583839,-0.5,-0.5,1.1846571514076158,1.0,0.8006515645017436,1.0,0.6560971099557745,1.0,-0.13911127028774237,1.0,-0.7243013537000694,1.0,-1.1125859851623576,1.0,-0.28852708129656846,1.0,-0.9937313799445397,1.0,-1.154978408707881,0.0
CLI-1859,Miguela de Zamora,73.0,masculino,loja,2931980.0,independiente,44.0,128612.0,24.0,6730.0,243561.0,3.0,0.0,27/07/2024,call center,desconocido,ecuador,rechazado,0.0,0.896551724137931,0.3758178816097141,-0.5603448275862069,-0.15748062409355862,-0.5,0.36704119850187267,-0.4952877673476728,0.0,-0.5,1.3736137957931474,1.0,0.59030366594751,1.0,-0.9811520321659798,1.0,-0.45218255521141654,1.0,-0.7243013537000694,1.0,0.606282413826771,1.0,-0.8388902173021712,1.0,0.08972016254826615,1.0,-1.154978408707881,0.0
CLI-1582,Julio César del Diéguez,19.0,desconocido,manta,2395780.0,estudiante,95.0,761733.0,12.0,5510.0,138412.0,2.0,0.0,2026-01-24,web,android,colombia,aprobado,0.0,-0.9655172413793104,0.10086608278295114,-0.1206896551724138,1.3046520650697901,-1.0,-0.0898876404494382,-0.6180849299646611,-0.25,-0.5,-1.5939640155838737,1.0,0.1950784421471816,1.0,-0.14300134766817957,1.0,1.2171761388555842,1.0,-1.5406771205288021,1.0,-0.07145154358340182,1.0,-1.1967522605873318,1.0,-0.42741696705649357,1.0,-1.154978408707881,0.0
CLI-2348,Casemiro Berenguer Marqués,37.0,femenino,quito,2367860.0,empleado,215.0,87154.0,36.0,3550.0,355115.0,0.0,3.0,03-12-2026,desconocido,desconocido,ecuador,rechazado,0.0,-0.3448275862068966,0.08654930877466464,0.9137931034482759,-0.2532239291289849,0.0,-0.8239700374531835,-0.36501059230487154,-0.75,1.0,-0.47186551462805226,1.0,0.173953283996448,1.0,1.3512938076934038,1.0,-0.7563366852381705,1.0,0.0068301062973813,1.0,-1.16889793115219,1.0,-0.5289164216348152,1.0,-1.6454266338532069,0.0,1.364018092104731,1.0
CLI-1215,Felicia Mayoral Goñi,24.0,desconocido,guayaquil,3192890.0,desconocido,237.0,872784.0,24.0,5940.0,1361905.0,0.0,2.0,12-12-2024,app,ios,ecuador,rechazado,0.0,-0.7931034482758621,0.5096069040488985,1.103448275862069,1.5611137797566812,-0.5,0.07116104868913857,0.8107586052258485,-0.75,0.5,-1.2596709610745607,1.0,0.7762554071462803,1.0,1.5885253636917243,1.0,1.366292796178734,1.0,-0.7243013537000694,1.0,0.16782268546918708,1.0,1.2974584025337415,1.0,-1.6454266338532069,0.0,0.8765503230843952,1.0
CLI-4095,Rómulo Emigdio Barbero Ortiz,25.0,femenino,guayaquil,2199075.0,independiente,222.0,288844.0,36.0,7520.0,1305739.0,1.0,2.0,08/07/2025,web,desconocido,ecuador,aprobado,0.0,-0.7586206896551724,0.0,0.9741379310344828,0.21255992905508392,0.0,0.6629213483146067,0.7451657281129348,-0.5,0.5,-1.19530993688497,1.0,0.04494689081865905,1.0,1.4276599138063724,1.0,0.24656466290118592,1.0,0.0068301062973813,1.0,1.0434188431026767,1.0,1.2170288291123097,1.0,-0.9937313799445397,1.0,0.8765503230843952,1.0
CLI-3757,Jordana Sanchez Moraleda,59.0,desconocido,desconocido,4380860.0,jubilado,72.0,93346.0,24.0,4770.0,151356.0,3.0,1.0,26/03/2026,app,ios,ecuador,pendiente,0.0,0.41379310344827586,1.118772305862083,-0.31896551724137934,-0.23892409448237,-0.5,-0.36704119850187267,-0.6029684146110744,0.0,0.0,0.6974843537928508,1.0,1.582062170417017,1.0,-0.4943771528149459,1.0,-0.7041009424456799,1.0,-0.7243013537000694,1.0,-0.48437442147189985,1.0,-1.1473876137377435,1.0,0.08972016254826615,1.0,0.1590477084166273,1.0
CLI-3314,Joaquina del Almeida,38.0,femenino,manta,4022630.0,empleado,66.0,187393.0,36.0,6720.0,67451.0,5.0,2.0,desconocido,sucursal,android,ecuador,aprobado,0.0,-0.3103448275862069,0.9350796857693727,-0.3706896551724138,-0.02173149935798546,0.0,0.36329588014981273,-0.7009559934694412,0.5,0.5,-0.4149408651735799,1.0,1.3452865209485443,1.0,-0.5921759567055255,1.0,-0.13872615998958843,1.0,0.0068301062973813,1.0,0.6007408968792451,1.0,-1.5155401077011286,1.0,1.0312249847783386,1.0,0.8765503230843952,1.0
CLI-2125,Donato Arregui Quesada,35.0,femenino,guayaquil,2199075.0,empleado,56.0,238253.0,60.0,7710.0,493128.0,3.0,1.0,05-19-2025,app,desktop,ecuador,aprobado,0.0,-0.41379310344827586,0.0,-0.45689655172413796,0.09572482979686475,1.0,0.7340823970037453,-0.2038335501622129,0.0,0.0,-0.5870752304386575,1.0,0.04494689081865905,1.0,-0.7623349151880522,1.0,0.07168815762807565,1.0,1.3307640862439178,1.0,1.1483720913918585,1.0,-0.20036140568697564,1.0,0.08972016254826615,1.0,0.1590477084166273,1.0
CLI-1491,Nadia del Cortina,18.0,otro,cuenca,929660.0,jubilado,128.0,278649.0,12.0,0.0,863639.0,4.0,1.0,18 de November de 2024,call center,desktop,ecuador,pendiente,0.0,-1.0,-0.6509286417524716,0.16379310344827586,0.1890155469132495,-1.0,-2.153558052434457,0.22886385559897324,0.25,0.0,-1.663682524383616,1.0,-1.025895081346142,1.0,0.3130423455107314,1.0,0.21350525663020087,1.0,-1.5406771205288021,1.0,-3.2212900173237156,0.0,0.5204046602955958,1.0,0.5731179750185994,1.0,0.1590477084166273,1.0
CLI-1788,Angelita Chico Gonzalez,36.0,femenino,desconocido,2199075.0,desempleado,40.0,64166.0,60.0,8260.0,824048.0,2.0,0.0,23 de March de 2026,app,ios,ecuador,pendiente,0.0,-0.3793103448275862,0.0,-0.5948275862068966,-0.30631252713550666,1.0,0.9400749063670412,0.1826279193069573,-0.25,-0.5,-0.5292383727752412,1.0,0.04494689081865905,1.0,-1.0585238691968175,1.0,-0.9822769285411529,1.0,1.3307640862439178,1.0,1.4518154193319097,1.0,0.45101948212380105,1.0,-0.42741696705649357,1.0,-1.154978408707881,0.0
CLI-3308,Anselmo Ramis Parra,60.0,masculino,machala,3768430.0,independiente,97.0,139651.0,12.0,8440.0,98939.0,5.0,0.0,13/07/2025,web,desconocido,ecuador,pendiente,0.0,0.4482758620689655,0.804731406653813,-0.10344827586206896,-0.13198710428348406,-1.0,1.0074906367041199,-0.6641830611877863,0.5,-0.5,0.747235570809405,1.0,1.1742195964342643,1.0,-0.11393478994525327,1.0,-0.38526719070521925,1.0,-1.5406771205288021,1.0,1.5510097104634137,1.0,-1.3615966328295426,1.0,1.0312249847783386,1.0,-1.154978408707881,0.0
CLI-2937,Remigio del Pinilla,20.0,otro,cuenca,293480.0,independiente,9.0,352862.0,12.0,7860.0,30349.0,6.0,3.0,05/03/2025,app,desktop,peru,aprobado,0.0,-0.9310344827586207,-0.9771480288796817,-0.8620689655172413,0.36040340683399075,-1.0,0.7902621722846442,-0.7442851770795135,0.75,1.0,-1.5252770679937777,1.0,-1.701309911816014,1.0,-1.8037703271338996,1.0,0.4343843483452117,1.0,-1.5406771205288021,1.0,1.2311829118773159,1.0,-1.747688232455327,1.0,1.4693164031674129,1.0,1.364018092104731,1.0
CLI-2317,Bartolomé Amigó Catalá,50.0,femenino,manta,2793030.0,desempleado,37.0,304928.0,12.0,8300.0,85976.0,4.0,3.0,desconocido,app,android,ecuador,rechazado,0.0,0.10344827586206896,0.3045673175534315,-0.6206896551724138,0.2497043961830157,-1.0,0.9550561797752809,-0.6793217654931436,0.25,1.0,0.23787146391646838,1.0,0.4896732699997436,1.0,-1.1183057357088202,1.0,0.2967922597342609,1.0,-1.5406771205288021,1.0,1.473863352385727,1.0,-1.4218876028030822,1.0,0.5731179750185994,1.0,1.364018092104731,1.0
CLI-1683,Anselmo Soria Landa,56.0,femenino,quito,1382070.0,independiente,16.0,6013.0,36.0,4920.0,4855.0,2.0,0.0,08-09-2025,app,ios,ecuador,aprobado,0.0,0.3103448275862069,-0.4189425483037289,-0.8017241379310345,-0.4406113456440006,0.0,-0.31086142322097376,-0.7740580789973397,-0.25,-0.5,0.5467223259835524,1.0,-0.6184457267228674,1.0,-1.5993022202629956,1.0,-2.391213864148339,1.0,0.0068301062973813,1.0,-0.40054847849444347,1.0,-2.0121849450436047,1.0,-0.42741696705649357,1.0,-1.154978408707881,0.0
CLI-1282,Azahar Plaza,48.0,otro,cuenca,3552790.0,independiente,95.0,539707.0,48.0,6840.0,1311831.0,1.0,2.0,desconocido,web,android,ecuador,aprobado,0.0,0.034482758620689655,0.6941558641342249,-0.1206896551724138,0.7919041504623429,0.5,0.40823970037453183,0.752280206754317,-0.5,0.5,0.1325511349327879,1.0,1.0269364618815142,1.0,-0.14300134766817957,1.0,0.8543124035414508,1.0,0.6867732139686339,1.0,0.667225209871084,1.0,1.2258253867857183,1.0,-0.9937313799445397,1.0,0.8765503230843952,1.0
CLI-3651,Consuela Mínguez Diéguez,51.0,desconocido,machala,724650.0,empleado,38.0,247323.0,60.0,5750.0,114799.0,0.0,1.0,2024-08-27,call center,android,peru,rechazado,0.0,0.13793103448275862,-0.7560533494687616,-0.6120689655172413,0.1166711315159857,1.0,0.0,-0.6456611256572017,-0.75,0.0,0.2900687935278137,1.0,-1.225627306062719,1.0,-1.0982001927342542,1.0,0.10518581636657796,1.0,1.3307640862439178,1.0,0.062153721058298174,1.0,-1.2923939581079407,1.0,-1.6454266338532069,0.0,0.1590477084166273,1.0
CLI-4052,Ildefonso Escribano Marin,24.0,masculino,machala,2385190.0,independiente,76.0,82407.0,60.0,4890.0,590695.0,6.0,1.0,desconocido,desconocido,android,ecuador,rechazado,0.0,-0.7931034482758621,0.09543575911720063,-0.28448275862068967,-0.2641866738104256,1.0,-0.32209737827715357,-0.08989094714124553,0.75,0.0,-1.2596709610745607,1.0,0.18707265468998682,1.0,-0.43074453660333284,1.0,-0.798522770344863,1.0,1.3307640862439178,1.0,-0.41730835039344627,1.0,0.007692638618927532,1.0,1.4693164031674129,1.0,0.1590477084166273,1.0
CLI-1960,Fidela Gimenez Chacón,35.0,femenino,cuenca,1018410.0,desempleado,180.0,53152.0,60.0,7770.0,630215.0,6.0,1.0,10 de July de 2025,app,desconocido,ecuador,aprobado,0.0,-0.41379310344827586,-0.605419555318538,0.6120689655172413,-0.3317483118250764,1.0,0.7565543071161048,-0.04373792745847747,0.75,0.0,-0.5870752304386575,1.0,-0.9427877679067952,1.0,0.9554999871692291,1.0,-1.1156505907181617,1.0,1.3307640862439178,1.0,1.181501341804303,1.0,0.08759213050833556,1.0,1.4693164031674129,1.0,0.1590477084166273,1.0
CLI-1582,Alex Huguet Río,74.0,femenino,desconocido,4230420.0,independiente,89.0,966954.0,12.0,8090.0,919787.0,2.0,1.0,12 de September de 2024,call center,desconocido,ecuador,rechazado,0.0,0.9310344827586207,1.041629917545227,-0.1724137931034483,1.778590431673949,-1.0,0.8764044943820225,0.2944357115996833,-0.25,0.0,1.4203727179882517,1.0,1.4832118401968843,1.0,-0.23150688136671793,1.0,1.4807993707646734,1.0,-1.5406771205288021,1.0,1.358080934401652,1.0,0.616444777487824,1.0,-0.42741696705649357,1.0,0.1590477084166273,1.0
CLI-4824,Gerardo Meléndez Heras,30.0,femenino,sto. domingo,1010860.0,desempleado,18.0,227604.0,60.0,5950.0,456137.0,3.0,0.0,08-14-2024,desconocido,android,ecuador,aprobado,0.0,-0.5862068965517241,-0.6092910325306642,-0.7844827586206896,0.0711319778666642,1.0,0.0749063670411985,-0.24703310358036254,0.0,-0.5,-0.8838487923359118,1.0,-0.9497885624222641,1.0,-1.5467711588774813,1.0,0.030972679124750106,1.0,1.3307640862439178,1.0,0.17338178036141322,1.0,-0.2839341006999017,1.0,0.08972016254826615,1.0,-1.154978408707881,0.0
CLI-3785,Custodio Noguera Torre,51.0,femenino,guayaquil,3511990.0,jubilado,12.0,556482.0,36.0,3050.0,1320148.0,6.0,0.0,20 de November de 2024,app,desconocido,ecuador,rechazado,0.0,0.13793103448275862,0.6732345038355827,-0.8362068965517241,0.8306444163210257,0.0,-1.0112359550561798,0.7619931284319885,0.75,-0.5,0.2900687935278137,1.0,0.9988332361362201,1.0,-1.7114433593027265,1.0,0.8857148966888447,1.0,0.0068301062973813,1.0,-1.451094526480961,1.0,1.2378056935968953,1.0,1.4693164031674129,1.0,-1.154978408707881,0.0
CLI-1062,Leonel Bernardo Feliu Rivero,31.0,femenino,ibarra,4498250.0,jubilado,178.0,158798.0,24.0,6290.0,800475.0,2.0,0.0,01/11/2025,web,ios,ecuador,aprobado,0.0,-0.5517241379310345,1.1789673667801617,0.5948275862068966,-0.0877689301913111,-0.5,0.20224719101123595,0.1550984371970916,-0.25,-0.5,-0.8234160113523812,1.0,1.6586347405161581,1.0,0.932106923821541,1.0,-0.27901883042581455,1.0,-0.7243013537000694,1.0,0.3622508330705719,1.0,0.40900702280505224,1.0,-0.42741696705649357,1.0,-1.154978408707881,0.0
CLI-4162,Isidoro Bernabé Solís Mateu,51.0,masculino,quito,514350.0,empleado,61.0,238121.0,60.0,4130.0,389635.0,4.0,0.0,2025-08-24,app,desconocido,ecuador,aprobado,0.0,0.13793103448275862,-0.8638906551257333,-0.41379310344827586,0.0954199883605997,1.0,-0.6067415730337079,-0.3246967704564618,0.25,-0.5,0.2900687935278137,1.0,-1.4452728531714354,1.0,-0.6760490593057004,1.0,0.07119284865454656,1.0,1.3307640862439178,1.0,-0.8428217374245156,1.0,-0.4421086511476459,1.0,0.5731179750185994,1.0,-1.154978408707881,0.0
CLI-4390,Cecilio Mora Gomis,32.0,masculino,guayaquil,4344410.0,independiente,187.0,524337.0,12.0,3750.0,23726.0,1.0,0.0,2025-03-12,web,ios,ecuador,aprobado,0.0,-0.5172413793103449,1.100081531771752,0.6724137931034483,0.7564085983760265,-1.0,-0.7490636704119851,-0.7520197785309045,-0.5,-0.5,-0.763543483957753,1.0,1.5581870717052473,1.0,1.0366708132147295,1.0,0.8248166896799647,1.0,-1.5406771205288021,1.0,-1.0563136590852213,1.0,-1.8007333284111326,1.0,-0.9937313799445397,1.0,-1.154978408707881,0.0
CLI-2477,José Luis Lara,22.0,masculino,machala,2199075.0,independiente,95.0,52142.0,12.0,6530.0,155496.0,4.0,2.0,desconocido,web,ios,ecuador,pendiente,0.0,-0.8620689655172413,0.0,-0.1206896551724138,-0.33408081069346807,-1.0,0.29213483146067415,-0.5981335588042257,0.25,0.5,-1.3907510032894055,1.0,0.04494689081865905,1.0,-0.14300134766817957,1.0,-1.1290061927699435,1.0,-1.5406771205288021,1.0,0.4954114496842367,1.0,-1.131995848669792,1.0,0.5731179750185994,1.0,0.8765503230843952,1.0
CLI-4137,Aurora Lopez Gonzalo,55.0,otro,loja,2350890.0,independiente,124.0,12072.0,12.0,4250.0,942557.0,1.0,0.0,2026-02-13,app,desconocido,peru,aprobado,0.0,0.27586206896551724,0.07784745867005784,0.12931034482758622,-0.42661866183847097,-1.0,-0.5617977528089888,0.321027418537351,-0.5,-0.5,0.49594657480158233,1.0,0.16108425294346596,1.0,0.2601583786421341,1.0,-2.0321262365857513,1.0,-1.5406771205288021,1.0,-0.7755103184242059,1.0,0.6546520737979088,1.0,-0.9937313799445397,1.0,-1.154978408707881,0.0
CLI-1215,Ambrosio Barrera,47.0,desconocido,desconocido,2199075.0,desconocido,109.0,196803.0,36.0,5750.0,667667.0,3.0,1.0,desconocido,desconocido,desconocido,ecuador,rechazado,0.0,0.0,0.0,0.0,0.0,0.0,0.0,0.0,0.0,0.0,0.07941182896138738,1.0,0.04494689081865905,1.0,0.05629167104489695,1.0,-0.09646962235387585,1.0,0.0068301062973813,1.0,0.062153721058298174,1.0,0.161293931918486,1.0,0.08972016254826615,1.0,0.1590477084166273,1.0
CLI-2873,Isidro Berenguer-Macias,54.0,desconocido,guayaquil,249430.0,empleado,198.0,335045.0,12.0,7510.0,153625.0,6.0,2.0,desconocido,app,desktop,ecuador,aprobado,0.0,0.2413793103448276,-0.9997359191040736,0.7672413793103449,0.3192567411526701,-1.0,0.6591760299625468,-0.6003185866338426,0.75,0.5,0.44489989639032784,1.0,-1.7572526902333037,1.0,1.1621134229268408,1.0,0.38517531453058396,1.0,-1.5406771205288021,1.0,1.03789311549748,1.0,-1.1389292062754663,1.0,1.4693164031674129,1.0,0.8765503230843952,1.0
CLI-4728,María Manuela Martínez Navarrete,61.0,femenino,machala,2815510.0,empleado,79.0,1180734.0,60.0,4250.0,145223.0,6.0,0.0,08/07/2025,web,android,peru,rechazado,0.0,0.4827586206896552,0.3160945768552324,-0.25862068965517243,2.272294994134112,1.0,-0.5617977528089888,-0.6101307746746983,0.75,-0.5,0.7967443292520429,1.0,0.5060332181968359,1.0,-0.3837797914588617,1.0,1.709679133589617,1.0,1.3307640862439178,1.0,-0.7755103184242059,1.0,-1.1705347239347863,1.0,1.4693164031674129,1.0,-1.154978408707881,0.0
CLI-3732,Rosalinda Ros Camacho,72.0,femenino,cuenca,2199075.0,empleado,158.0,63936.0,12.0,6100.0,1441813.0,0.0,0.0,10/07/2024,app,desconocido,ecuador,pendiente,0.0,0.8620689655172413,0.0,0.4224137931034483,-0.30684369024415026,-1.0,0.13108614232209737,0.9040783293354292,-0.75,-0.5,1.3266661942191638,1.0,0.04494689081865905,1.0,0.6928717622509784,1.0,-0.9848592120507136,1.0,-1.5406771205288021,1.0,0.2567396314036662,1.0,1.4094066032239243,1.0,-1.6454266338532069,0.0,-1.154978408707881,0.0
CLI-4141,Artemio Marquez Morillo,18.0,femenino,loja,202380.0,empleado,213.0,370059.0,48.0,7850.0,722243.0,5.0,1.0,desconocido,web,android,ecuador,aprobado,0.0,-1.0,-1.023862144644542,0.896551724137931,0.4001182415267937,0.5,0.7865168539325843,0.0637360122015878,0.5,0.0,-1.663682524383616,1.0,-1.819692194559314,1.0,1.3293160063010825,1.0,0.47995226477072533,1.0,0.6867732139686339,1.0,1.2256634621766858,1.0,0.2655044655883836,1.0,1.0312249847783386,1.0,0.1590477084166273,1.0
CLI-2440,Celso del Torralba,23.0,masculino,machala,3243360.0,estudiante,177.0,115593.0,60.0,7610.0,915807.0,0.0,1.0,2026-01-31,desconocido,ios,colombia,pendiente,0.0,-0.8275862068965517,0.5354868318496944,0.5862068965517241,-0.18754676544760884,1.0,0.6966292134831461,0.28978771012353405,-0.75,0.0,-1.3248039713607136,1.0,0.811799969888919,1.0,0.920375985307669,1.0,-0.5375618881682342,1.0,1.3307640862439178,1.0,1.0931419276795205,1.0,0.6097238105741917,1.0,-1.6454266338532069,0.0,0.1590477084166273,1.0
CLI-4208,Sebastian Atienza Agudo,19.0,desconocido,quito,341330.0,independiente,11.0,967896.0,12.0,3150.0,629824.0,0.0,0.0,30/04/2025,desconocido,android,ecuador,aprobado,0.0,-0.9655172413793104,-0.9526115805882595,-0.8448275862068966,1.7807658910145678,-1.0,-0.9737827715355806,-0.04419455272912429,-0.75,-0.5,-1.5939640155838737,1.0,-1.642766780386363,1.0,-1.7412941433400335,1.0,1.4818968856560153,1.0,-1.5406771205288021,1.0,-1.394565862905559,1.0,0.08681263924330625,1.0,-1.6454266338532069,0.0,-1.154978408707881,0.0
CLI-3471,Elías Sancho Vilanova,49.0,femenino,guayaquil,4136520.0,jubilado,59.0,927992.0,12.0,6770.0,1289561.0,3.0,1.0,2024-10-18,web,ios,ecuador,aprobado,0.0,0.06896551724137931,0.9934800221520286,-0.43103448275862066,1.6886114010697164,-1.0,0.38202247191011235,0.726272419600085,0.0,0.0,0.1853682330189416,1.0,1.4210883782312336,1.0,-0.7102588497352234,1.0,1.4346038404087358,1.0,-1.5406771205288021,1.0,0.6284463695714099,1.0,1.1935802600906116,1.0,0.08972016254826615,1.0,0.1590477084166273,1.0
CLI-4149,Jordán Saturnino Alegria Pedrosa,53.0,femenino,ibarra,1509740.0,jubilado,110.0,81306.0,12.0,7840.0,101775.0,3.0,1.0,02/03/2025,web,desktop,ecuador,pendiente,0.0,0.20689655172413793,-0.3534761250358945,0.008620689655172414,-0.26672932851745446,-1.0,0.7827715355805244,-0.6608710681761383,0.0,0.0,0.39357587886174883,1.0,-0.5096349522120378,1.0,0.07017471510373664,1.0,-0.8085961459282167,1.0,-1.5406771205288021,1.0,1.220143831841577,1.0,-1.3488813159708957,1.0,0.08972016254826615,1.0,0.1590477084166273,1.0
CLI-4701,Vicente de Pont,39.0,masculino,quito,2261540.0,empleado,107.0,203137.0,12.0,6110.0,92127.0,3.0,1.0,2025-05-30,app,desconocido,ecuador,aprobado,0.0,-0.27586206896551724,0.03203070517290889,-0.017241379310344827,0.014627770131081817,-1.0,0.1348314606741573,-0.672138384317316,0.0,0.0,-0.35844956077882295,1.0,0.09295637385758838,1.0,0.028391833526907297,1.0,-0.06896606795291052,1.0,-1.5406771205288021,1.0,0.2622949349356893,1.0,-1.3928130912580694,1.0,0.08972016254826615,1.0,0.1590477084166273,1.0
CLI-4881,Ambrosio Barrera,71.0,femenino,quito,2226310.0,empleado,144.0,96208.0,36.0,4900.0,60657.0,2.0,1.0,14 de February de 2025,app,desconocido,ecuador,aprobado,0.0,0.8275862068965517,0.013965520777782335,0.3017241379310345,-0.23231457788698698,0.0,-0.31835205992509363,-0.7088902954867672,-0.25,0.0,1.2795265513516445,1.0,0.06591865363926352,1.0,0.5190728782198476,1.0,-0.6809289127151884,1.0,0.0068301062973813,1.0,-0.41172143374472575,1.0,-1.5526848359209584,1.0,-0.42741696705649357,1.0,0.1590477084166273,1.0
CLI-4583,Juan Francisco Pinto Coloma,51.0,masculino,guayaquil,624240.0,independiente,85.0,225235.0,36.0,3620.0,766231.0,5.0,0.0,23 de February de 2026,app,ios,ecuador,rechazado,0.0,0.13793103448275862,-0.8075414324978464,-0.20689655172413793,0.06566099784763471,0.0,-0.797752808988764,0.11510693906913844,0.5,-0.5,0.2900687935278137,1.0,-1.3282781387127869,1.0,-0.29166449877925726,1.0,0.02169942345031763,1.0,0.0068301062973813,1.0,-1.129475358007263,1.0,0.3469910544077386,1.0,1.0312249847783386,1.0,-1.154978408707881,0.0
CLI-2334,Abilio Cruz Ramírez,50.0,masculino,guayaquil,2199075.0,jubilado,176.0,115412.0,12.0,6180.0,512179.0,4.0,3.0,12 de August de 2024,web,ios,ecuador,aprobado,0.0,0.10344827586206896,0.0,0.5775862068965517,-0.18796476772006318,-1.0,0.16104868913857678,-0.1815850385737409,0.25,1.0,0.23787146391646838,1.0,0.04494689081865905,1.0,0.9086218766799399,1.0,-0.5388043321767082,1.0,-1.5406771205288021,1.0,0.30117554164518745,1.0,-0.15840074516878627,1.0,0.5731179750185994,1.0,1.364018092104731,1.0
CLI-2493,Octavio Lozano Aparicio,75.0,femenino,loja,2199075.0,desempleado,82.0,182733.0,60.0,4310.0,1478256.0,5.0,1.0,11-11-2024,web,android,ecuador,rechazado,0.0,0.9655172413793104,0.0,-0.23275862068965517,-0.032493325820069655,1.0,-0.5393258426966292,0.9466379066709332,0.5,0.0,1.4669462199060965,1.0,0.04494689081865905,1.0,-0.33742972686673917,1.0,-0.16031167435408286,1.0,1.3307640862439178,1.0,-0.7418730001152517,1.0,1.4595507210299639,1.0,1.0312249847783386,1.0,0.1590477084166273,1.0
CLI-3147,Josefa Sala Salamanca,40.0,masculino,cuenca,4288310.0,estudiante,138.0,732148.0,12.0,5750.0,716983.0,2.0,1.0,2026-03-02,sucursal,desktop,ecuador,aprobado,0.0,-0.2413793103448276,1.071314661361119,0.25,1.2363283234644766,-1.0,0.0,0.05759317607984286,-0.25,0.0,-0.3023775888082796,1.0,1.5213474904417486,1.0,0.4427959605385764,1.0,1.1743989730461084,1.0,-1.5406771205288021,1.0,0.062153721058298174,1.0,0.25561563925512887,1.0,-0.42741696705649357,1.0,0.1590477084166273,1.0
CLI-2924,Isidoro Manuel,210.0,femenino,machala,3475790.0,independiente,135.0,185354.0,48.0,4970.0,214625.0,6.0,3.0,2026-03-02,desconocido,ios,ecuador,pendiente,0.0,5.620689655172414,0.6546719243549247,0.22413793103448276,-0.026440375786352343,0.5,-0.29213483146067415,-0.5290803730546713,0.75,1.0,6.74039497372509,1.0,0.97383331479238,1.0,0.40422468620958396,1.0,-0.14811522132133628,1.0,0.6867732139686339,1.0,-0.37262118394006083,1.0,-0.9290653394454432,1.0,1.4693164031674129,1.0,1.364018092104731,1.0
CLI-2599,Alonso Goñi Mancebo,34.0,desconocido,manta,2134330.0,desconocido,169.0,97596.0,24.0,3590.0,1121963.0,0.0,0.0,06-23-2026,desconocido,ios,ecuador,rechazado,0.0,-0.4482758620689655,-0.033199840013127126,0.5172413793103449,-0.2291091239965636,-0.5,-0.8089887640449438,0.5305448438715283,-0.75,-0.5,-0.6453928909647655,1.0,-0.005159316900405438,1.0,0.8256791759936113,1.0,-0.6698975640248036,1.0,-0.7243013537000694,1.0,-1.1463683265247264,1.0,0.9425343162997715,1.0,-1.6454266338532069,0.0,-1.154978408707881,0.0
CLI-3770,Evita Espinosa Aznar,59.0,masculino,quito,3037930.0,estudiante,218.0,92995.0,48.0,6280.0,75526.0,1.0,1.0,03 de January de 2025,call center,android,ecuador,aprobado,0.0,0.41379310344827586,0.4301467571891537,0.9396551724137931,-0.2397346955742566,0.5,0.19850187265917604,-0.6915256889669524,-0.5,0.0,0.6974843537928508,1.0,0.6662716441547343,1.0,1.3841269892583585,1.0,-0.7069834616589027,1.0,0.6867732139686339,1.0,0.3566996748777426,1.0,-1.473477917989315,1.0,-0.9937313799445397,1.0,0.1590477084166273,1.0
CLI-1414,Mercedes Segura Coronado,27.0,femenino,quito,2357110.0,estudiante,140.0,18977.0,48.0,7740.0,143737.0,1.0,0.0,desconocido,sucursal,android,ecuador,aprobado,0.0,-0.6896551724137931,0.08103694055872339,0.2672413793103448,-0.41067222155506083,0.5,0.7453183520599251,-0.6118661842710695,-0.5,-0.5,-1.0687537389404749,1.0,0.16580369000427003,1.0,0.4683477868350122,1.0,-1.7758884675393267,1.0,0.6867732139686339,1.0,1.1649375413047958,1.0,-1.1762076963629655,1.0,-0.9937313799445397,1.0,-1.154978408707881,0.0
CLI-4368,Elodia Santos Zamora,19.0,masculino,cuenca,2148660.0,desempleado,212.0,9492.0,12.0,7550.0,130296.0,1.0,0.0,29 de June de 2025,web,desktop,ecuador,aprobado,0.0,-0.9655172413793104,-0.02585172498666776,0.8879310344827587,-0.4325769262745605,-1.0,0.6741573033707865,-0.6275631158893916,-0.5,-0.5,-1.5939640155838737,1.0,0.0059615357815204235,1.0,1.3183000648522345,1.0,-2.1607144827742504,1.0,-1.5406771205288021,1.0,1.059994894335738,1.0,-1.228748362043821,1.0,-0.9937313799445397,1.0,-1.154978408707881,0.0
CLI-1539,Laura Bou-Vicens,23.0,femenino,quito,2217850.0,empleado,24.0,258672.0,24.0,3170.0,134950.0,5.0,3.0,05-24-2025,web,ios,ecuador (vpn),aprobado,1.0,-0.8275862068965517,0.00962741518644624,-0.7327586206896551,0.14288056682031908,-0.5,-0.9662921348314607,-0.6221279905451709,0.5,1.0,-1.3248039713607136,1.0,0.059410781195747275,1.0,-1.3997211428447183,1.0,0.14568571994938243,1.0,-0.7243013537000694,1.0,-1.3832657079920987,1.0,-1.2102965851579899,1.0,1.0312249847783386,1.0,1.364018092104731,1.0
CLI-1556,Yéssica Matas Real,23.0,otro,quito,4063690.0,independiente,159.0,106965.0,48.0,6930.0,90686.0,4.0,1.0,desconocido,app,desconocido,ecuador,rechazado,0.0,-0.8275862068965517,0.9561343684620749,0.43103448275862066,-0.20747231023620594,0.5,0.4419475655430712,-0.6738212411331781,0.25,0.0,-1.3248039713607136,1.0,1.372673085267321,1.0,0.7050756945351918,1.0,-0.5986807276598418,1.0,0.6867732139686339,1.0,0.7170687546988324,1.0,-1.3995456088244433,1.0,0.5731179750185994,1.0,0.1590477084166273,1.0
CLI-2531,Angelino Sala Ojeda,29.0,desconocido,quito,96380.0,empleado,104.0,63509.0,48.0,5270.0,1136665.0,0.0,0.0,24/06/2026,desconocido,desconocido,ecuador,rechazado,0.0,-0.6206896551724138,-1.0782166591459161,-0.04310344827586207,-0.3078298061023713,0.5,-0.1797752808988764,0.5477144211836755,-0.75,-0.5,-0.9448654062922993,1.0,-1.9758601980118582,1.0,-0.013800748394049009,1.0,-0.9896739016119556,1.0,0.6867732139686339,1.0,-0.20520643496870428,1.0,0.965190686780545,1.0,-1.6454266338532069,0.0,-1.154978408707881,0.0
CLI-2112,Severo Córdoba-Jimenez,62.0,desconocido,manta,3206360.0,estudiante,120.0,143623.0,60.0,5640.0,1049422.0,5.0,0.0,desconocido,web,android,ecuador,aprobado,0.0,0.5172413793103449,0.5165140296180826,0.09482758620689655,-0.12281414833769042,1.0,-0.04119850187265917,0.44582859385109114,0.5,-0.5,0.8460156933322333,1.0,0.7857549548389692,1.0,0.20667656665699863,1.0,-0.36226826241706966,1.0,1.3307640862439178,1.0,0.0009361267944611839,1.0,0.8287730032600632,1.0,1.0312249847783386,1.0,-1.154978408707881,0.0
CLI-4804,María Del Carmen Lamas Aroca,35.0,masculino,guayaquil,449510.0,empleado,86.0,57311.0,36.0,5750.0,1215389.0,4.0,0.0,2025-11-04,app,ios,ecuador,rechazado,0.0,-0.41379310344827586,-0.8971392090905361,-0.19827586206896552,-0.3221434971779073,0.0,0.0,0.6396514232460802,0.25,-0.5,-0.5870752304386575,1.0,-1.5170837867185554,1.0,-0.2765345842800862,1.0,-1.0627926530508778,1.0,0.0068301062973813,1.0,0.062153721058298174,1.0,1.0843710600568541,1.0,0.5731179750185994,1.0,-1.154978408707881,0.0
CLI-4778,Aroa Bru Pinto,51.0,femenino,quito,479850.0,empleado,61.0,74741.0,48.0,3700.0,188641.0,5.0,1.0,09-11-2024,sucursal,desktop,ecuador,aprobado,0.0,0.13793103448275862,-0.8815815112606145,-0.41379310344827586,-0.2818905711620001,0.5,-0.7677902621722846,-0.5594255163602645,0.5,0.0,0.2900687935278137,1.0,-1.4831945730849971,1.0,-0.6760490593057004,1.0,-0.871141302441475,1.0,0.6867732139686339,1.0,-1.0844449387294304,1.0,-1.0147346729493385,1.0,1.0312249847783386,1.0,0.1590477084166273,1.0
CLI-2694,Dionisia Nidia Cerro Caballero,51.0,femenino,cuenca,638560.0,desconocido,22.0,214164.0,36.0,5650.0,53078.0,1.0,1.0,04-24-2026,desconocido,ios,ecuador,aprobado,0.0,0.13793103448275862,-0.8001984452557739,-0.75,0.04009357708331409,0.0,-0.03745318352059925,-0.7177413515640876,-0.5,0.0,0.2900687935278137,1.0,-1.3134106279833537,1.0,-1.4471986850469787,1.0,-0.02274734570775913,1.0,0.0068301062973813,1.0,0.006502621241068186,1.0,-1.5963625182224697,1.0,-0.9937313799445397,1.0,0.1590477084166273,1.0
CLI-1004,Mercedes Téllez Bou,75.0,otro,guayaquil,212480.0,desconocido,109.0,972658.0,48.0,6580.0,1142309.0,5.0,1.0,2025-06-11,call center,ios,ecuador,aprobado,0.0,0.9655172413793104,-1.0186830824137507,0.0,1.7917632767683114,0.5,0.31086142322097376,0.5543057076990991,0.5,0.0,1.4669462199060965,1.0,-1.8060202081831853,1.0,0.05629167104489695,1.0,1.48743144099698,1.0,0.6867732139686339,1.0,0.5231372668231036,1.0,0.9738539397816031,1.0,1.0312249847783386,1.0,0.1590477084166273,1.0
CLI-2317,Bartolomé Amigó Catalá,53.0,femenino,guayaquil,75770.0,empleado,121.0,189397.0,24.0,0.0,996961.0,3.0,2.0,12-19-2024,web,ios,ecuador,rechazado,0.0,0.20689655172413793,-1.0887850227673628,0.10344827586206896,-0.01710345209832522,-0.5,-2.153558052434457,0.3845625623334369,0.0,0.5,0.39357587886174883,1.0,-2.0102884078464807,1.0,0.22010450178429655,1.0,-0.12958096818683637,1.0,-0.7243013537000694,1.0,-3.2212900173237156,0.0,0.7443254806094136,1.0,0.08972016254826615,1.0,0.8765503230843952,1.0
CLI-2398,Florina Calista Cámara Escrivá,30.0,desconocido,cuenca,323890.0,empleado,157.0,289474.0,48.0,3430.0,958151.0,5.0,0.0,02/03/2026,app,ios,ecuador,aprobado,0.0,-0.5862068965517241,-0.9615544365590516,0.41379310344827586,0.21401485409180346,0.5,-0.8689138576779026,0.3392387087431477,0.5,-0.5,-0.8838487923359118,1.0,-1.6638623293521684,1.0,0.6806408420118275,1.0,0.24857544446429308,1.0,0.6867732139686339,1.0,-1.2365261816229196,1.0,0.6805837224586295,1.0,1.0312249847783386,1.0,-1.154978408707881,0.0
CLI-1586,Rosenda Marquez Nevado,67.0,masculino,ambato,3370740.0,desconocido,12.0,58741.0,60.0,3890.0,154654.0,6.0,2.0,10 de February de 2026,app,android,ecuador,rechazado,0.0,0.6896551724137931,0.600804549370308,-0.8362068965517241,-0.31884104828503596,1.0,-0.6966292134831461,-0.5991168797195316,0.75,0.5,1.0889764576997847,1.0,0.9009305401099903,1.0,-1.7114433593027265,1.0,-1.045357342379383,1.0,1.3307640862439178,1.0,-0.977596912422802,1.0,-1.1351114638602375,1.0,1.4693164031674129,1.0,0.8765503230843952,1.0
CLI-4589,Maricruz Suárez-Herrero,41.0,masculino,cuenca,1453580.0,estudiante,206.0,366508.0,48.0,3770.0,1290211.0,5.0,2.0,27/01/2026,web,android,ecuador,pendiente,0.0,-0.20689655172413793,-0.382273762152849,0.8362068965517241,0.39191754501029996,0.5,-0.7415730337078652,0.7270315153185516,0.5,0.5,-0.2467117193929858,1.0,-0.5572175344684892,1.0,1.251818538311037,1.0,0.4706899419029976,1.0,0.6867732139686339,1.0,-1.0450638518989972,1.0,1.1945248709073597,1.0,1.0312249847783386,1.0,0.8765503230843952,1.0
CLI-3128,Aránzazu Vera Garcia,26.0,femenino,ibarra,1581910.0,independiente,83.0,506722.0,60.0,6190.0,33881.0,3.0,0.0,desconocido,call center,ios,ecuador,pendiente,0.0,-0.7241379310344828,-0.3164689051154777,-0.22413793103448276,0.7157284324683842,1.0,0.1647940074906367,-0.7401603677293228,0.0,-0.5,-1.1316825600056744,1.0,-0.44910171035458424,1.0,-0.3221110698520794,1.0,0.7901119155533122,1.0,1.3307640862439178,1.0,0.3067289875376254,1.0,-1.7215014107196651,1.0,0.08972016254826615,1.0,-1.154978408707881,0.0
CLI-4448,Rodolfo Vázquez-Tormo,46.0,femenino,quito,238690.0,independiente,143.0,850923.0,48.0,7250.0,25088.0,4.0,4.0,desconocido,app,desktop,nigeria,pendiente,1.0,-0.034482758620689655,-1.005243159535628,0.29310344827586204,1.510627880982513,0.5,0.5617977528089888,-0.7504291810408253,0.25,1.5,0.025941573775701342,1.0,-1.7712383141423513,1.0,0.5064381804469242,1.0,1.3382433406510057,1.0,0.6867732139686339,1.0,0.8941570810271556,1.0,-1.7893381784375806,1.0,0.5731179750185994,1.0,1.7302388816259997,1.0
CLI-2628,Piedad Villena,61.0,masculino,quito,217320.0,desempleado,3.0,58132.0,36.0,5880.0,400927.0,5.0,0.0,desconocido,app,ios,ecuador,aprobado,0.0,0.4827586206896552,-1.0162012347704803,-0.9137931034482759,-0.32024747582053154,0.0,0.04868913857677903,-0.311509526067347,0.5,-0.5,0.7967443292520429,1.0,-1.7995236382306783,1.0,-2.0267474499789353,1.0,-1.0527388042037162,1.0,0.0068301062973813,1.0,0.13446305262148495,1.0,-0.414456349546826,1.0,1.0312249847783386,1.0,-1.154978408707881,0.0
CLI-3267,Josué Escalona-Vera,51.0,femenino,loja,3281710.0,empleado,59.0,153933.0,60.0,4890.0,414749.0,4.0,3.0,05-01-2026,app,android,ecuador,rechazado,0.0,0.13793103448275862,0.5551518849735406,-0.43103448275862066,-0.09900418464153418,1.0,-0.32209737827715357,-0.2953676475740469,0.25,1.0,0.2900687935278137,1.0,0.838720660532167,1.0,-0.7102588497352234,1.0,-0.3049566782268971,1.0,1.3307640862439178,1.0,-0.41730835039344627,1.0,-0.3810719857863156,1.0,0.5731179750185994,1.0,1.364018092104731,1.0
CLI-2563,Juana Núñez Roig,51.0,masculino,cuenca,96320.0,independiente,145.0,765832.0,24.0,3820.0,265236.0,5.0,0.0,2026-07-01,desconocido,desktop,ecuador,rechazado,0.0,0.13793103448275862,-1.0782474258522379,0.3103448275862069,1.314118315427748,-0.5,-0.7228464419475655,-0.4699748447357296,0.5,-0.5,0.2900687935278137,1.0,-1.9759576990374799,1.0,0.5316770085429829,1.0,1.2229930830859355,1.0,-0.7243013537000694,1.0,-1.0169460222483448,1.0,-0.7744091613275179,1.0,1.0312249847783386,1.0,-1.154978408707881,0.0
CLI-3770,Evita Espinosa Aznar,28.0,masculino,quito,2199560.0,empleado,240.0,101585.0,36.0,4440.0,763047.0,1.0,0.0,09-19-2024,app,ios,ecuador,aprobado,0.0,-0.6551724137931034,0.0002486975427657218,1.1293103448275863,-0.21989690816882673,0.0,-0.49063670411985016,0.11138853788821906,-0.5,-0.5,-1.0064912487126259,1.0,0.04532089458985259,1.0,1.6202659739428393,1.0,-0.6389073784340942,1.0,0.0068301062973813,1.0,-0.6690331771115604,1.0,0.3411632737353779,1.0,-0.9937313799445397,1.0,-1.154978408707881,0.0
CLI-1299,Paloma Gaya-Tello,30.0,desconocido,guayaquil,2351750.0,jubilado,153.0,56634.0,12.0,7530.0,1208649.0,4.0,3.0,02/12/2024,app,desktop,ecuador,pendiente,0.0,-0.5862068965517241,0.07828844812733314,0.3793103448275862,-0.3237069642411758,-1.0,0.6666666666666666,0.6317801845653651,0.25,1.0,-0.8838487923359118,1.0,0.16173695671756272,1.0,0.6314426078488757,1.0,-1.071173916712189,1.0,-1.5406771205288021,1.0,1.048944381939507,1.0,1.0743033607763717,1.0,0.5731179750185994,1.0,1.364018092104731,1.0
CLI-1313,Alcides Rius Alcázar,38.0,masculino,cuenca,4405060.0,independiente,97.0,82809.0,36.0,7320.0,1120151.0,5.0,2.0,25 de December de 2024,web,desconocido,ecuador,rechazado,0.0,-0.3103448275862069,1.1311815440784345,-0.10344827586206896,-0.2632582930727093,0.0,0.5880149812734082,0.5284287185763569,0.5,0.5,-0.4149408651735799,1.0,1.597887249296305,1.0,-0.11393478994525327,1.0,-0.7948727316369494,1.0,0.0068301062973813,1.0,0.93286807793095,1.0,0.9397329090355181,1.0,1.0312249847783386,1.0,0.8765503230843952,1.0
CLI-1250,Isabela Nadal Ros,46.0,masculino,guayaquil,1120990.0,desempleado,224.0,176998.0,12.0,4920.0,1487971.0,1.0,1.0,19 de February de 2026,app,ios,colombia,pendiente,0.0,-0.034482758620689655,-0.5528187430774911,0.9913793103448276,-0.045737762463857815,-1.0,-0.31086142322097376,0.9579834680630913,-0.5,0.0,0.025941573775701342,1.0,-0.8488495599962608,1.0,1.4493234346630277,1.0,-0.18751639940631665,1.0,-1.5406771205288021,1.0,-0.40054847849444347,1.0,1.472825796140003,1.0,-0.9937313799445397,1.0,0.1590477084166273,1.0
CLI-3005,Eusebia del Santiago,68.0,femenino,cuenca,2919370.0,independiente,109.0,450934.0,60.0,5040.0,133801.0,6.0,3.0,01-17-2025,app,android,colombia,rechazado,0.0,0.7241379310344828,0.3693517454978053,0.0,0.586891356359639,1.0,-0.26591760299625467,-0.6234698382075065,0.75,1.0,1.1369201125057966,1.0,0.5812188920297199,1.0,0.05629167104489695,1.0,0.673119840850481,1.0,1.3307640862439178,1.0,-0.33353507879192695,1.0,-1.214825594741252,1.0,1.4693164031674129,1.0,1.364018092104731,1.0
CLI-1045,Nadia Figuerola-Rodríguez,53.0,masculino,guayaquil,571270.0,independiente,137.0,8175.0,36.0,5160.0,768829.0,1.0,0.0,2024-09-24,app,ios,peru,rechazado,0.0,0.20689655172413793,-0.8347033063953727,0.2413793103448276,-0.4356184124227504,0.0,-0.2209737827715356,0.11814098626387101,-0.5,-0.5,0.39357587886174883,1.0,-1.3840007784321806,1.0,0.4299716577377605,1.0,-2.238057150138527,1.0,0.0068301062973813,1.0,-0.26656265773085924,1.0,0.35173834873110166,1.0,-0.9937313799445397,1.0,-1.154978408707881,0.0
CLI-4306,Trinidad Rocío Bilbao Zaragoza,65.0,desconocido,ambato,1089210.0,jubilado,23.0,95733.0,48.0,3000.0,78284.0,4.0,3.0,25/05/2025,call center,desconocido,ecuador,rechazado,0.0,0.6206896551724138,-0.5691148418591295,-0.7413793103448276,-0.23341154517657708,0.5,-1.0299625468164795,-0.6883047874415205,0.25,1.0,0.9924533531215401,1.0,-0.8777243732170583,1.0,-1.4232861573708768,1.0,-0.6847345581264731,1.0,0.6867732139686339,1.0,-1.4793766198249692,1.0,-1.4595714128130268,1.0,0.5731179750185994,1.0,1.364018092104731,1.0
CLI-2380,Magdalena Nevado Díez,56.0,femenino,sto. domingo,4049620.0,jubilado,240.0,525687.0,12.0,6640.0,4627.0,6.0,2.0,02/03/2026,sucursal,android,ecuador,pendiente,0.0,0.3103448275862069,0.9489195758296756,1.1293103448275863,0.7595262948832827,-1.0,0.3333333333333333,-0.7743243464185864,0.75,0.5,0.5467223259835524,1.0,1.3632960110393875,1.0,1.6202659739428393,1.0,0.8274360952012398,1.0,-1.5406771205288021,1.0,0.5564011074225333,1.0,-2.0161150277653417,1.0,1.4693164031674129,1.0,0.8765503230843952,1.0
CLI-3421,Ildefonso Cañete Lamas,42.0,masculino,manta,473130.0,empleado,233.0,123666.0,48.0,3370.0,5868.0,5.0,0.0,2025-12-16,desconocido,android,ecuador,pendiente,0.0,-0.1724137931034483,-0.8850273823686262,1.0689655172413792,-0.16890294033421707,0.5,-0.8913857677902621,-0.7728750575160986,0.5,-0.5,-0.19143944416027134,1.0,-1.4906555549295706,1.0,1.5459850503564572,1.0,-0.4837304102746085,1.0,0.6867732139686339,1.0,-1.2703629741290947,1.0,-1.9956310619662503,1.0,1.0312249847783386,1.0,-1.154978408707881,0.0
CLI-3047,Ariadna Ríos Santamaria,38.0,masculino,ibarra,2341750.0,desconocido,197.0,383895.0,48.0,3270.0,1138574.0,0.0,1.0,21/02/2025,web,android,colombia,aprobado,0.0,-0.3103448275862069,0.07316066374041104,0.7586206896551724,0.43207116661893896,0.5,-0.9288389513108615,0.5499438269168335,-0.75,0.0,-0.4149408651735799,1.0,0.15414385676090536,1.0,1.150811991570793,1.0,0.5153486714606307,1.0,0.6867732139686339,1.0,-1.3267921664978306,1.0,0.9681230242279024,1.0,-1.6454266338532069,0.0,0.1590477084166273,1.0
CLI-1721,Nicolasa Gámez Saldaña,71.0,femenino,quito,3808930.0,independiente,86.0,216496.0,36.0,6810.0,1465653.0,4.0,1.0,22 de September de 2025,web,android,ecuador,rechazado,0.0,0.8275862068965517,0.8254989334208476,-0.19827586206896552,0.04547910912399657,0.0,0.3970037453183521,0.9319196246096496,0.25,0.0,1.2795265513516445,1.0,1.2016543970318943,1.0,-0.2765345842800862,1.0,-0.013228262050550011,1.0,0.0068301062973813,1.0,0.6506069613881756,1.0,1.4422718425749954,1.0,0.5731179750185994,1.0,0.1590477084166273,1.0
CLI-3057,Desiderio Pazos Paredes,36.0,otro,guayaquil,4260880.0,jubilado,78.0,102319.0,48.0,6200.0,11504.0,1.0,0.0,2025-04-08,app,android,ecuador,aprobado,0.0,-0.3793103448275862,1.0572491487877917,-0.2672413793103448,-0.21820180503080747,0.5,0.16853932584269662,-0.76629311371721,-0.5,-0.5,-0.5292383727752412,1.0,1.5032930827881532,1.0,-0.39936485889317025,1.0,-0.6333159840135831,1.0,0.6867732139686339,1.0,0.31228220295945713,1.0,-1.9203887581886518,1.0,-0.9937313799445397,1.0,-1.154978408707881,0.0
CLI-1413,Juan Bautista Figueras Pascual,56.0,masculino,ambato,3436220.0,jubilado,138.0,47803.0,36.0,5390.0,478356.0,4.0,3.0,14 de May de 2025,web,ios,ecuador,rechazado,0.0,0.3103448275862069,0.634381281535874,0.25,-0.3441013182082714,0.0,-0.1348314606741573,-0.2210848762440411,0.25,1.0,0.5467223259835524,1.0,0.946434952784249,1.0,0.4427959605385764,1.0,-1.188961110016951,1.0,0.0068301062973813,1.0,-0.1383098634351395,1.0,-0.23339191491082137,1.0,0.5731179750185994,1.0,1.364018092104731,1.0
CLI-4392,Toni de Elorza,50.0,masculino,quito,3744570.0,independiente,106.0,56938.0,36.0,5330.0,255768.0,5.0,2.0,04-08-2026,call center,ios,ecuador,aprobado,0.0,0.10344827586206896,0.7924965131066168,-0.02586206896551724,-0.3230049051758381,0.0,-0.15730337078651685,-0.48103194975487046,0.5,0.5,0.23787146391646838,1.0,1.1580238993754322,1.0,0.014373925441329297,1.0,-1.0674001107161968,1.0,0.0068301062973813,1.0,-0.17175331284498135,1.0,-0.8022780899802571,1.0,1.0312249847783386,1.0,0.8765503230843952,1.0
CLI-4701,Apolonia Girona Sanmartín,73.0,femenino,manta,2172020.0,estudiante,40.0,226999.0,60.0,5750.0,214038.0,0.0,3.0,10/04/2026,app,ios,ecuador,aprobado,0.0,0.896551724137931,-0.013873220658817739,-0.5948275862068966,0.0697347879504494,1.0,0.0,-0.5297658948804249,-0.75,1.0,1.3736137957931474,1.0,0.024052359993103515,1.0,-1.0585238691968175,1.0,0.028612142576524637,1.0,1.3307640862439178,1.0,0.062153721058298174,1.0,-0.9309483993688316,1.0,-1.6454266338532069,0.0,1.364018092104731,1.0
CLI-3484,Leandro Araujo Peiró,27.0,femenino,ibarra,445090.0,independiente,33.0,112466.0,36.0,5470.0,371878.0,0.0,0.0,01/09/2025,call center,desconocido,ecuador,rechazado,0.0,-0.6896551724137931,-0.8994056897895557,-0.6551724137931034,-0.19476827432034216,0.0,-0.10486891385767791,-0.34543409764540184,-0.75,-0.5,-1.0687537389404749,1.0,-1.5220656420835466,1.0,-1.200665901506059,1.0,-0.5592588214643774,1.0,0.0068301062973813,1.0,-0.093733453525226,1.0,-0.48631846237108695,1.0,-1.6454266338532069,0.0,-1.154978408707881,0.0
CLI-1050,Jordán de Sarabia,36.0,femenino,ibarra,4094660.0,jubilado,146.0,48390.0,36.0,6080.0,250811.0,2.0,1.0,01/05/2025,desconocido,desconocido,ecuador,rechazado,0.0,-0.3793103448275862,0.9720151167083726,0.31896551724137934,-0.34274569757882,0.0,0.12359550561797752,-0.4868209304878533,-0.25,0.0,-0.5292383727752412,1.0,1.3932861113634458,1.0,0.5442508539812441,1.0,-1.180590924776375,1.0,0.0068301062973813,1.0,0.24562832207028912,1.0,-0.81705044933798,1.0,-0.42741696705649357,1.0,0.1590477084166273,1.0
CLI-3041,Mamen Pi Sarabia,41.0,masculino,loja,728910.0,desempleado,14.0,464277.0,48.0,4850.0,1225876.0,6.0,0.0,2026-05-15,app,android,ecuador,rechazado,0.0,-0.20689655172413793,-0.7538689133199328,-0.8189655172413793,0.6177057448754307,0.5,-0.33707865168539325,0.6518985567838632,0.75,-0.5,-0.2467117193929858,1.0,-1.2213502776807532,1.0,-1.654055533156114,1.0,0.7021564220289206,1.0,0.6867732139686339,1.0,-0.4396589581741116,1.0,1.0999868961142254,1.0,1.4693164031674129,1.0,-1.154978408707881,0.0
CLI-3608,Juana Doménech,18.0,femenino,quito,3865850.0,empleado,144.0,100633.0,12.0,5350.0,1331331.0,3.0,0.0,2025-10-27,web,desconocido,ecuador,rechazado,0.0,-1.0,0.8546862821512081,0.3017241379310345,-0.22209546155764737,-1.0,-0.149812734082397,0.7750530783083143,0.0,-0.5,-1.663682524383616,1.0,1.240094992915253,1.0,0.5190728782198476,1.0,-0.6462098700587481,1.0,-1.5406771205288021,1.0,-0.16060442713289988,1.0,1.253861997907229,1.0,0.08972016254826615,1.0,-1.154978408707881,0.0
CLI-4592,David Carrillo-Fernández,40.0,femenino,machala,2463680.0,independiente,210.0,216474.0,60.0,8360.0,1493209.0,2.0,1.0,18/02/2025,app,ios,ecuador,aprobado,0.0,-0.2413793103448276,0.1356837387701522,0.8706896551724138,0.04542830221795239,1.0,0.9775280898876404,0.9641006117143651,-0.25,0.0,-0.3023775888082796,1.0,0.24621089562232343,1.0,1.2962135269515536,1.0,-0.013317664070168366,1.0,1.3307640862439178,1.0,1.5069301382154328,1.0,1.479967401738086,1.0,-0.42741696705649357,1.0,0.1590477084166273,1.0
CLI-3787,Ruth Castell Zurita,63.0,femenino,cuenca,2963470.0,jubilado,59.0,274416.0,48.0,-10.0,1304874.0,4.0,1.0,09/09/2024,sucursal,ios,ecuador,rechazado,0.0,0.5517241379310345,0.3919652746441318,-0.43103448275862066,0.17923983630938634,0.5,-2.157303370786517,0.7441555468875908,0.25,0.0,0.8950545429529138,1.0,0.6129498544185527,1.0,-0.7102588497352234,1.0,0.19948164683112632,1.0,0.6867732139686339,1.0,-3.2285394430448684,-1.0,1.2157783436533225,1.0,0.5731179750185994,1.0,0.1590477084166273,1.0
CLI-2978,Noelia Valverde Mercader,50.0,femenino,guayaquil,2199075.0,desempleado,12.0,119926.0,24.0,5020.0,58593.0,3.0,1.0,2025-11-19,desconocido,ios,ecuador,aprobado,0.0,0.10344827586206896,0.0,-0.8362068965517241,-0.1775401143617267,-0.5,-0.27340823970037453,-0.7113007163527904,0.0,0.0,0.23787146391646838,1.0,0.04494689081865905,1.0,-1.7114433593027265,1.0,-0.5082926752032784,1.0,-0.7243013537000694,1.0,-0.3447011059258041,1.0,-1.5643286165660997,1.0,0.08972016254826615,1.0,0.1590477084166273,1.0
CLI-4455,Noemí Orozco-Roman,41.0,femenino,sto. domingo,2199075.0,empleado,84.0,103622.0,60.0,3000.0,254902.0,3.0,3.0,01/11/2024,web,desktop,ecuador,rechazado,0.0,-0.20689655172413793,0.0,-0.21551724137931033,-0.21519265055010023,1.0,-1.0299625468164795,-0.4820432988197813,0.0,1.0,-0.2467117193929858,1.0,0.04494689081865905,1.0,-0.30685633184130723,1.0,-0.6234720422919113,1.0,1.3307640862439178,1.0,-1.4793766198249692,1.0,-0.8048496901344966,1.0,0.08972016254826615,1.0,1.364018092104731,1.0
CLI-3345,Cayetano Heredia Durán,53.0,femenino,guayaquil,1301840.0,independiente,201.0,558616.0,48.0,3940.0,995002.0,2.0,0.0,10/08/2025,app,desconocido,ecuador,rechazado,0.0,0.20689655172413793,-0.4600827624400049,0.7931034482758621,0.8355726862073106,0.5,-0.6779026217228464,0.38227476462193527,-0.25,-0.5,0.39357587886174883,1.0,-0.6880472646982615,1.0,1.1958986800727796,1.0,0.8896528661381812,1.0,0.6867732139686339,1.0,-0.9495015586314872,1.0,0.7411345386124677,1.0,-0.42741696705649357,1.0,-1.154978408707881,0.0
CLI-3801,David Serra Izquierdo,69.0,masculino,manta,3222980.0,desempleado,110.0,116249.0,60.0,4610.0,1422902.0,0.0,3.0,03/06/2025,sucursal,desconocido,vietnam,aprobado,1.0,0.7586206896551724,0.5250364072691471,0.008620689655172414,-0.18603179588556437,1.0,-0.42696629213483145,0.8819933152863192,-0.75,1.0,1.1846571514076158,1.0,0.7974629057544768,1.0,0.07017471510373664,1.0,-0.5330724480480115,1.0,1.3307640862439178,1.0,-0.5738634943617656,1.0,1.383165494340381,1.0,-1.6454266338532069,0.0,1.364018092104731,1.0
CLI-3204,Belén Blazquez Menendez,70.0,masculino,ambato,2423580.0,empleado,88.0,56963.0,60.0,3820.0,194197.0,5.0,0.0,2025-03-14,app,android,colombia,pendiente,0.0,0.7931034482758621,0.11512132337859457,-0.1810344827586207,-0.32294717005533335,1.0,-0.7228464419475655,-0.5529369997267255,0.5,-0.5,1.2321913977431922,1.0,0.21605459189618745,1.0,-0.24645669744358392,1.0,-1.0670905136007272,1.0,1.3307640862439178,1.0,-1.0169460222483448,1.0,-0.995999387936073,1.0,1.0312249847783386,1.0,-1.154978408707881,0.0
CLI-3768,Eliseo de Campoy,67.0,masculino,cuenca,2385140.0,empleado,142.0,241694.0,24.0,8000.0,1400551.0,6.0,2.0,08/04/2025,app,android,ecuador,aprobado,0.0,0.6896551724137931,0.09541012019526603,0.28448275862068967,0.10367149178313766,-0.5,0.8426966292134831,0.8558909331271707,0.75,0.5,1.0889764576997847,1.0,0.18703483581723626,1.0,0.4937726280398604,1.0,0.08451986875021213,1.0,-0.7243013537000694,1.0,1.3084363719559977,1.0,1.3519517867081676,1.0,1.4693164031674129,1.0,0.8765503230843952,1.0
CLI-3020,Rosario Arjona Anguita,67.0,femenino,cuenca,426150.0,jubilado,138.0,6402.0,12.0,6850.0,155924.0,4.0,0.0,28/05/2026,desconocido,android,ecuador,pendiente,0.0,0.6896551724137931,-0.9091177134183862,0.25,-0.4397129871689468,-1.0,0.41198501872659177,-0.5976337234696046,0.25,-0.5,1.0889764576997847,1.0,-1.543548734360099,1.0,0.4427959605385764,1.0,-2.360586313417664,1.0,-1.5406771205288021,1.0,0.6727642095392217,1.0,-1.1304149928288378,1.0,0.5731179750185994,1.0,-1.154978408707881,0.0
CLI-1663,Herminia Saldaña Torres,58.0,masculino,guayaquil,4429710.0,empleado,117.0,936808.0,48.0,7130.0,97103.0,4.0,0.0,desconocido,call center,desconocido,ecuador,rechazado,0.0,0.3793103448275862,1.1438215325921977,0.06896551724137931,1.708971113964509,0.5,0.5168539325842697,-0.6663272146325626,0.25,-0.5,0.6474854195246892,1.0,1.613985311515614,1.0,0.16615678713460444,1.0,1.4451963210164969,1.0,0.6867732139686339,1.0,0.8277729766954871,1.0,-1.36991429165344,1.0,0.5731179750185994,1.0,-1.154978408707881,0.0
CLI-4479,José Mari Pont Ripoll,42.0,femenino,guayaquil,3873860.0,estudiante,113.0,620117.0,48.0,3230.0,1322709.0,3.0,3.0,desconocido,web,desktop,ecuador (vpn),rechazado,1.0,-0.1724137931034483,0.8587936374451327,0.034482758620689655,0.9776033920537999,0.5,-0.9438202247191011,0.7649839655627468,0.0,1.0,-0.19143944416027134,1.0,1.2454936367662375,1.0,0.11156279128500424,1.0,0.9980827213206288,1.0,0.6867732139686339,1.0,-1.3493761828276136,1.0,1.241488001787938,1.0,0.08972016254826615,1.0,1.364018092104731,1.0
CLI-1456,Natividad Olivera Barón,24.0,masculino,loja,1878330.0,desconocido,154.0,196803.0,48.0,3890.0,1113881.0,0.0,0.0,08-09-2025,app,ios,ecuador,aprobado,0.0,-0.7931034482758621,-0.16447112031833286,0.3879310344827586,0.0,0.5,-0.6966292134831461,0.5211063644920715,-0.75,-0.5,-1.2596709610745607,1.0,-0.2069802762949384,1.0,0.6437838255471102,1.0,-0.09646962235387585,1.0,0.6867732139686339,1.0,-0.977596912422802,1.0,0.9300238344342887,1.0,-1.6454266338532069,0.0,-1.154978408707881,0.0
CLI-3717,Segismundo de Moles,39.0,masculino,machala,884570.0,desconocido,117.0,959581.0,60.0,5750.0,212386.0,5.0,0.0,18/10/2024,app,ios,ecuador,aprobado,0.0,-0.27586206896551724,-0.6740498215531033,0.06896551724137931,1.76156318993469,1.0,0.0,-0.5316951658448968,0.5,-0.5,-0.35844956077882295,1.0,-1.0688375033651973,1.0,0.16615678713460444,1.0,1.4721782019911716,1.0,1.3307640862439178,1.0,0.062153721058298174,1.0,-0.9362601795171805,1.0,1.0312249847783386,1.0,-1.154978408707881,0.0
CLI-1406,Reyes de Morante,66.0,femenino,manta,3107760.0,desempleado,141.0,5317.0,60.0,7810.0,1060434.0,5.0,3.0,25/06/2025,web,desconocido,ecuador,rechazado,0.0,0.6551724137931034,0.4659540755630307,0.27586206896551724,-0.44221869139885267,1.0,0.7715355805243446,0.45868884316148184,0.5,1.0,1.0408222341491922,1.0,0.7159954463220035,1.0,0.481075929086469,1.0,-2.4503998423968594,1.0,1.3307640862439178,1.0,1.2035838546633646,1.0,0.84626079065595,1.0,1.0312249847783386,1.0,1.364018092104731,1.0
CLI-3854,Lope Gibert Sola,56.0,femenino,cuenca,773970.0,empleado,101.0,200813.0,24.0,3310.0,833931.0,4.0,0.0,2025-11-26,desconocido,android,ecuador,aprobado,0.0,0.3103448275862069,-0.7307631168724618,-0.06896551724137931,0.00926071332896086,-0.5,-0.9138576779026217,0.1941696777463499,0.25,-0.5,0.5467223259835524,1.0,-1.1764665041726428,1.0,-0.05641893163366354,1.0,-0.07897314383349159,1.0,-0.7243013537000694,1.0,-1.3042152450632953,1.0,0.4684752165310518,1.0,0.5731179750185994,1.0,-1.154978408707881,0.0
CLI-4805,Goyo Lobo Santana,66.0,masculino,quito,2946750.0,independiente,18.0,100608.0,36.0,3700.0,23662.0,6.0,1.0,10 de October de 2025,app,ios,colombia,rechazado,0.0,0.6551724137931034,0.383391619149198,-0.7844827586206896,-0.22215319667815212,0.0,-0.7677902621722846,-0.7520945202631844,0.75,0.0,1.0408222341491922,1.0,0.60093276406594,1.0,-1.5467711588774813,1.0,-0.6464024126636205,1.0,0.0068301062973813,1.0,-1.0844449387294304,1.0,-1.8012757882712964,1.0,1.4693164031674129,1.0,0.1590477084166273,1.0
CLI-3874,Eliana Zamorano Luna,27.0,masculino,manta,2199075.0,desconocido,69.0,106753.0,12.0,8230.0,171019.0,0.0,1.0,2026-06-19,app,desconocido,ecuador,rechazado,0.0,-0.6896551724137931,0.0,-0.3448275862068966,-0.20796190405808615,-1.0,0.9288389513108615,-0.580005185207677,-0.75,0.0,-1.0687537389404749,1.0,0.04494689081865905,1.0,-0.5429084010836153,1.0,-0.6002335532354663,1.0,-1.5406771205288021,1.0,1.435277670107989,1.0,-1.0758317252357243,1.0,-1.6454266338532069,0.0,0.1590477084166273,1.0
CLI-2574,Rubén Fuertes Bayona,62.0,desconocido,guayaquil,272570.0,empleado,85.0,461039.0,12.0,6740.0,120685.0,3.0,3.0,desconocido,app,desconocido,ecuador,aprobado,0.0,0.5172413793103449,-0.9878702260327358,-0.20689655172413793,0.6102278920676564,-1.0,0.3707865168539326,-0.6387872219665951,0.0,1.0,0.8460156933322333,1.0,-1.7275956768483884,1.0,-0.29166449877925726,1.0,0.6951746256998041,1.0,-1.5406771205288021,1.0,0.611823719248386,1.0,-1.2677987716582695,1.0,0.08972016254826615,1.0,1.364018092104731,1.0
CLI-2274,Ruperto Bermudez Valle,40.0,otro,manta,244870.0,independiente,51.0,82871.0,12.0,8360.0,91351.0,4.0,0.0,29 de December de 2025,web,android,ecuador,aprobado,0.0,-0.2413793103448276,-1.00207418878451,-0.5,-0.26311510997385756,-1.0,0.9775280898876404,-0.6730446278212084,0.25,-0.5,-0.3023775888082796,1.0,-1.7631728275010183,1.0,-0.8513246856946745,1.0,-0.7943111070617046,1.0,-1.5406771205288021,1.0,1.5069301382154328,1.0,-1.3964328322442763,1.0,0.5731179750185994,1.0,-1.154978408707881,0.0
CLI-2025,Emma Porta Rius,23.0,masculino,quito,202500.0,jubilado,109.0,72035.0,48.0,3790.0,1019974.0,0.0,0.0,31 de July de 2025,web,desconocido,ecuador,rechazado,0.0,-0.8275862068965517,-1.023800611231899,0.0,-0.2881398206054336,0.5,-0.7340823970037453,0.41143805428585445,-0.75,-0.5,-1.3248039713607136,1.0,-1.8195288145304047,1.0,0.05629167104489695,1.0,-0.8982635198361659,1.0,0.6867732139686339,1.0,-1.033815577612119,1.0,0.7816055385586868,1.0,-1.6454266338532069,0.0,-1.154978408707881,0.0
CLI-1717,Vera Bayona Hidalgo,38.0,femenino,desconocido,4056360.0,empleado,176.0,100028.0,12.0,7960.0,814101.0,3.0,0.0,01-20-2026,sucursal,ios,ecuador,pendiente,0.0,-0.3103448275862069,0.952375702506461,0.5775862068965517,-0.22349265147386216,-1.0,0.8277153558052435,0.17101141913528486,0.0,-0.5,-0.4149408651735799,1.0,1.367788909969027,1.0,0.9086218766799399,1.0,-0.6508806479207256,1.0,-1.5406771205288021,1.0,1.2863675255397076,1.0,0.4333571939877783,1.0,0.08972016254826615,1.0,-1.154978408707881,0.0
CLI-4778,Aroa Bru Pinto,40.0,femenino,machala,2885460.0,independiente,230.0,183551.0,48.0,3010.0,1030286.0,5.0,2.0,21 de January de 2026,app,desktop,peru,pendiente,0.0,-0.2413793103448276,0.35196342864175245,1.043103448275862,-0.030604232677154442,0.5,-1.0262172284644195,0.423480815899435,0.5,0.5,-0.3023775888082796,1.0,0.556742152609936,1.0,1.5139120182414763,1.0,-0.15648964254008865,1.0,0.6867732139686339,1.0,-1.4737192389513596,1.0,0.7981900049688582,1.0,1.0312249847783386,1.0,0.8765503230843952,1.0
CLI-1914,Teodoro Octavio Carrillo Armengol,60.0,masculino,machala,1657980.0,desempleado,45.0,620151.0,60.0,3330.0,121321.0,4.0,0.0,13 de March de 2025,web,android,ecuador,rechazado,0.0,0.4482758620689655,-0.2774618492841613,-0.5517241379310345,0.9776819118176864,1.0,-0.9063670411985019,-0.6380444760020647,0.25,-0.5,0.747235570809405,1.0,-0.38600544790842317,1.0,-0.9621922813596406,1.0,0.9981401331918286,1.0,1.3307640862439178,1.0,-1.2929294173772072,1.0,-1.2651731988982562,1.0,0.5731179750185994,1.0,-1.154978408707881,0.0
CLI-1029,Primitivo Eustaquio Tovar Comas,53.0,otro,guayaquil,2192140.0,independiente,212.0,186337.0,24.0,8290.0,1211362.0,5.0,0.0,25/05/2025,app,android,ecuador,rechazado,0.0,0.20689655172413793,-0.0035561184723304756,0.8879310344827587,-0.024170230848105826,-0.5,0.951310861423221,0.634948533310288,0.5,-0.5,0.39357587886174883,1.0,0.039596869735256474,1.0,1.3183000648522345,1.0,-0.1435780613984537,1.0,-0.7243013537000694,1.0,1.4683516255471651,1.0,1.0783588047420782,1.0,1.0312249847783386,1.0,-1.154978408707881,0.0
CLI-4612,Albino Clavero Ríos,72.0,masculino,manta,438940.0,desempleado,168.0,563512.0,36.0,3540.0,555226.0,6.0,0.0,28 de July de 2024,call center,desconocido,ecuador,pendiente,0.0,0.8620689655172413,-0.9025592771875128,0.5086206896551724,0.8468795322069597,0.0,-0.8277153558052435,-0.1313130487386165,0.75,-0.5,1.3266661942191638,1.0,-1.5290170789834878,1.0,0.8137331275760344,1.0,0.8986404604637886,1.0,0.0068301062973813,1.0,-1.1745313483696658,1.0,-0.06604974953330378,1.0,1.4693164031674129,1.0,-1.154978408707881,0.0
CLI-1153,Marino Juanito Bueno Valverde,36.0,desconocido,guayaquil,4029340.0,jubilado,226.0,120753.0,24.0,8130.0,977092.0,6.0,0.0,14/10/2025,sucursal,desktop,ecuador,aprobado,0.0,-0.3793103448275862,0.9385204290929975,1.0086206896551724,-0.17563023657542978,-0.5,0.8913857677902621,0.36135875797926387,0.75,-0.5,-0.5292383727752412,1.0,1.349766553483383,1.0,1.470919426621819,1.0,-0.5028069070452541,1.0,-0.7243013537000694,1.0,1.3801406210219138,1.0,0.7118320456910915,1.0,1.4693164031674129,1.0,-1.154978408707881,0.0
CLI-2190,Berta Mosquera,71.0,masculino,desconocido,1000990.0,empleado,205.0,877012.0,36.0,5630.0,688126.0,6.0,0.0,14/05/2026,web,ios,ecuador,aprobado,0.0,0.8275862068965517,-0.6143521557205562,0.8275862068965517,1.5708779433364433,0.0,-0.0449438202247191,0.02389282969862732,0.75,-0.5,1.2795265513516445,1.0,-0.9589594216441326,1.0,1.2406728577736816,1.0,1.3716498761585887,1.0,0.0068301062973813,1.0,-0.004630621199116125,1.0,0.20078470330688047,1.0,1.4693164031674129,1.0,-1.154978408707881,0.0
CLI-1779,Ani Marcos Pardo,52.0,otro,cuenca,1542040.0,independiente,113.0,939163.0,60.0,3150.0,1273044.0,1.0,1.0,29/08/2025,desconocido,ios,ecuador,rechazado,0.0,0.1724137931034483,-0.3369133814661361,0.034482758620689655,1.714409762316056,1.0,-0.9737827715355806,0.7069832134740658,-0.5,0.0,0.34196783666934744,1.0,-0.4824596826700851,1.0,0.11156279128500424,1.0,1.4480117864412125,1.0,1.3307640862439178,1.0,-1.394565862905559,1.0,1.1695060573068956,1.0,-0.9937313799445397,1.0,0.1590477084166273,1.0
CLI-4295,Isidoro Carpio Gálvez,28.0,femenino,cuenca,1945080.0,independiente,21.0,48001.0,48.0,8040.0,1190384.0,5.0,2.0,2024-12-03,app,android,ecuador,rechazado,0.0,-0.6551724137931034,-0.13024315953562784,-0.7586206896551724,-0.34364405605387377,0.5,0.8576779026217228,0.6104495948764542,0.5,0.5,-1.0064912487126259,1.0,-0.153757557619511,1.0,-1.471479311371391,1.0,-1.1861282376648044,1.0,0.6867732139686339,1.0,1.3305023837714085,1.0,1.0468952524021686,1.0,1.0312249847783386,1.0,0.8765503230843952,1.0
CLI-1268,León Pomares Luz,48.0,femenino,quito,1503550.0,independiente,63.0,102185.0,48.0,7560.0,305185.0,1.0,0.0,01-03-2025,sucursal,desconocido,ecuador,rechazado,0.0,0.034482758620689655,-0.35665022357139925,-0.39655172413793105,-0.21851126527671288,0.5,0.6779026217228464,-0.42332082187877357,-0.5,-0.5,0.1325511349327879,1.0,-0.5148585929569806,1.0,-0.6422247499588069,1.0,-0.6343342533098854,1.0,0.6867732139686339,1.0,1.065519868407253,1.0,-0.6613732579430592,1.0,-0.9937313799445397,1.0,-1.154978408707881,0.0
CLI-1137,Alejo Mayo Ugarte,20.0,femenino,guayaquil,277910.0,independiente,36.0,1293432.0,36.0,7760.0,915106.0,1.0,1.0,25 de September de 2024,web,desconocido,ecuador,pendiente,0.0,-0.9310344827586207,-0.9851319891701193,-0.6293103448275862,2.532560298559855,0.0,0.7528089887640449,0.28896905458715705,-0.5,0.0,-1.5252770679937777,1.0,-1.7208384677847244,1.0,-1.1385979958255257,1.0,1.8166829895299865,1.0,0.0068301062973813,1.0,1.1759802578350993,1.0,0.6085387085749945,1.0,-0.9937313799445397,1.0,0.1590477084166273,1.0
CLI-4487,Moisés de Larrañaga,66.0,desconocido,sto. domingo,2653620.0,independiente,64.0,1024493.0,36.0,4310.0,427706.0,0.0,0.0,27/02/2026,desconocido,android,peru,pendiente,0.0,0.6551724137931034,0.23308087541535052,-0.3879310344827586,1.9114712756228465,0.0,-0.5393258426966292,-0.2802359503060908,-0.75,-0.5,1.0408222341491922,1.0,0.38750299915350855,1.0,-0.6254520439620257,1.0,1.5462577904148833,1.0,0.0068301062973813,1.0,-0.7418730001152517,1.0,-0.35021986765071,1.0,-1.6454266338532069,0.0,-1.154978408707881,0.0
CLI-1643,Raúl Tejero Herrera,38.0,desconocido,sto. domingo,2840440.0,empleado,58.0,1018986.0,36.0,6790.0,53090.0,5.0,0.0,23/11/2025,app,android,ecuador,aprobado,0.0,-0.3103448275862069,0.3288781433318292,-0.4396551724137931,1.8987533832780616,0.0,0.3895131086142322,-0.7177273374892851,0.5,-0.5,-0.4149408651735799,1.0,0.5241398128748707,1.0,-0.7275137061788782,1.0,1.5401275252385431,1.0,0.0068301062973813,1.0,0.6395270846987265,1.0,-1.5962912631814832,1.0,1.0312249847783386,1.0,-1.154978408707881,0.0
CLI-4501,Maricruz Milla Falcó,20.0,femenino,loja,2384040.0,desconocido,1.0,254127.0,24.0,3300.0,1141441.0,1.0,2.0,11/01/2026,web,ios,nigeria,aprobado,1.0,-0.9310344827586207,0.0948460639127046,-0.9310344827586207,0.1323843219125567,-0.5,-0.9176029962546817,0.5532920229550545,-0.5,0.5,-1.5252770679937777,1.0,0.1862027728085929,1.0,-2.126194560901341,1.0,0.1296480041857287,1.0,-0.7243013537000694,1.0,-1.3098588151197776,1.0,0.9725228347561911,1.0,-0.9937313799445397,1.0,0.8765503230843952,1.0
CLI-2692,Guiomar Valbuena Maldonado,53.0,desconocido,cuenca,1917870.0,empleado,78.0,597156.0,12.0,5350.0,242693.0,1.0,1.0,30/10/2025,web,desconocido,peru,aprobado,0.0,0.20689655172413793,-0.14419586085244288,-0.2672413793103448,0.9245771479774233,-1.0,-0.149812734082397,-0.49630145209171744,-0.5,0.0,0.39357587886174883,1.0,-0.1753998903538397,1.0,-0.39936485889317025,1.0,0.9586973237458253,1.0,-1.5406771205288021,1.0,-0.16060442713289988,1.0,-0.8415240754508069,1.0,-0.9937313799445397,1.0,0.1590477084166273,1.0
CLI-3915,Eugenia de Barroso,42.0,otro,guayaquil,1265990.0,desempleado,48.0,370796.0,24.0,5950.0,201416.0,0.0,2.0,2025-10-10,sucursal,desconocido,peru,aprobado,0.0,-0.1724137931034483,-0.47846586946712066,-0.5258620689655172,0.4018202728792736,-0.5,0.0749063670411985,-0.544506365893479,-0.75,0.5,-0.19143944416027134,1.0,-0.7194763805850164,1.0,-0.9061620574385207,1.0,0.48186533360097145,1.0,-0.7243013537000694,1.0,0.17338178036141322,1.0,-0.9720060054549535,1.0,-1.6454266338532069,0.0,0.8765503230843952,1.0
CLI-4924,Espiridión Luciano Lastra Vilar,66.0,masculino,quito,3963610.0,empleado,106.0,28778.0,24.0,5450.0,416793.0,1.0,2.0,2026-06-23,call center,android,colombia,pendiente,0.0,0.6551724137931034,0.9048155023177585,-0.02586206896551724,-0.3880377449123812,-0.5,-0.11235955056179775,-0.2929805834993612,-0.5,0.5,1.0408222341491922,1.0,1.3058037770196511,1.0,0.014373925441329297,1.0,-1.52243951782064,1.0,-0.7243013537000694,1.0,-0.10487597633035442,1.0,-0.37617702728953745,1.0,-0.9937313799445397,1.0,0.8765503230843952,1.0
CLI-1215,Felicia Mayoral Goñi,42.0,otro,sto. domingo,3850810.0,independiente,91.0,127803.0,12.0,8270.0,145459.0,5.0,2.0,28/03/2025,app,android,ecuador,aprobado,0.0,-0.1724137931034483,0.8469740944332773,-0.15517241379310345,-0.1593489325930921,-1.0,0.9438202247191011,-0.6098551645369166,0.5,0.5,-0.19143944416027134,1.0,1.2299510045899251,1.0,-0.20178107384067778,1.0,-0.4572726753511504,1.0,-1.5406771205288021,1.0,1.4573276592320852,1.0,-1.1696361284066534,1.0,1.0312249847783386,1.0,0.8765503230843952,1.0
CLI-1799,Evelia Estévez Valderrama,62.0,otro,guayaquil,936690.0,empleado,217.0,216603.0,24.0,4400.0,1345827.0,1.0,0.0,desconocido,app,desconocido,ecuador,rechazado,0.0,0.5172413793103449,-0.6473238093284653,0.9310344827586207,0.045726215439756863,-0.5,-0.5056179775280899,0.7919820806696859,-0.5,-0.5,0.8460156933322333,1.0,-1.0192451466237573,1.0,1.3732002505433907,1.0,-0.012793551207313535,1.0,-0.7243013537000694,1.0,-0.6914395199985646,1.0,1.2745867463491687,1.0,-0.9937313799445397,1.0,-1.154978408707881,0.0
CLI-4039,Marcos Tomé-Fernandez,28.0,femenino,guayaquil,2786640.0,independiente,52.0,125732.0,36.0,7170.0,511067.0,5.0,2.0,02 de June de 2026,desconocido,ios,ecuador,aprobado,0.0,-0.6551724137931034,0.3012906633301883,-0.49137931034482757,-0.16413170997570506,0.0,0.5318352059925093,-0.1828836761721022,0.5,0.5,-1.0064912487126259,1.0,0.4850171916567184,1.0,-0.8332943523492113,1.0,-0.47042672229806226,1.0,0.0068301062973813,1.0,0.8499041770625053,1.0,-0.16083084420966684,1.0,1.0312249847783386,1.0,0.8765503230843952,1.0
CLI-1992,Juan José Vera Vera,48.0,femenino,sto. domingo,2199075.0,desempleado,66.0,100172.0,60.0,0.0,1375324.0,3.0,2.0,08-12-2025,web,ios,ecuador,rechazado,0.0,0.034482758620689655,0.0,-0.3706896551724138,-0.22316009717975482,1.0,-2.153558052434457,0.8264298443736994,0.0,0.5,0.1325511349327879,1.0,0.04494689081865905,1.0,-0.5921759567055255,1.0,-0.6497667922300624,1.0,1.3307640862439178,1.0,-3.2212900173237156,0.0,1.3164564627067745,1.0,0.08972016254826615,1.0,0.8765503230843952,1.0
CLI-3397,Diana Benet Salazar,59.0,masculino,ibarra,1400040.0,desempleado,84.0,794194.0,48.0,4880.0,593374.0,5.0,1.0,2025-12-10,desconocido,ios,ecuador,rechazado,0.0,0.41379310344827586,-0.40972791976042994,-0.21551724137931033,1.3796176549379693,0.5,-0.3258426966292135,-0.08676230494159634,0.5,0.0,0.6974843537928508,1.0,-0.6029898792987095,1.0,-0.30685633184130723,1.0,1.2625451461155017,1.0,0.6867732139686339,1.0,-0.4228955605426822,1.0,0.013182007925910106,1.0,1.0312249847783386,1.0,0.1590477084166273,1.0
CLI-1004,Trinidad Brígida Mínguez Bertrán,70.0,masculino,sto. domingo,2199075.0,estudiante,69.0,649848.0,24.0,8220.0,801134.0,0.0,0.0,2025-09-01,call center,desconocido,ecuador,rechazado,0.0,0.7931034482758621,0.0,-0.3448275862068966,1.046264306762861,-0.5,0.9250936329588015,0.15586804347166003,-0.75,-0.5,1.2321913977431922,1.0,0.04494689081865905,1.0,-0.5429084010836153,1.0,1.0473113594030807,1.0,-0.7243013537000694,1.0,1.429764743146704,1.0,0.4101888685535599,1.0,-1.6454266338532069,0.0,-1.154978408707881,0.0
CLI-3093,Lucía Ileana Cantero Maldonado,58.0,masculino,ambato,486970.0,independiente,79.0,601449.0,60.0,3810.0,444922.0,1.0,1.0,2024-12-23,app,ios,ecuador,aprobado,0.0,0.3793103448275862,-0.877930528777126,-0.25862068965517243,0.9344914228704978,1.0,-0.7265917602996255,-0.26013042432282824,-0.5,0.0,0.6474854195246892,1.0,-1.4753165987131076,1.0,-0.3837797914588617,1.0,0.9661561109609085,1.0,1.3307640862439178,1.0,-1.0225688279302427,1.0,-0.30985742228115054,1.0,-0.9937313799445397,1.0,0.1590477084166273,1.0
CLI-1792,Brígida Hernando,33.0,femenino,ambato,4349770.0,independiente,31.0,98233.0,24.0,5750.0,175938.0,2.0,1.0,2024-11-20,desconocido,ios,ecuador,aprobado,0.0,-0.4827586206896552,1.1028300242031424,-0.6724137931034483,-0.22763803312610273,-0.5,0.0,-0.5742605823782352,-0.25,0.0,-0.7042092660851709,1.0,1.5617009078255997,1.0,-1.2431166039743322,1.0,-0.6648786811127692,1.0,-0.7243013537000694,1.0,0.062153721058298174,1.0,-1.058508440262896,1.0,-0.42741696705649357,1.0,0.1590477084166273,1.0
CLI-2997,Josué Uribe-Río,32.0,femenino,ambato,575510.0,empleado,99.0,1002097.0,12.0,6310.0,95035.0,2.0,3.0,30 de August de 2024,app,ios,ecuador,aprobado,0.0,-0.5172413793103449,-0.8325291258153177,-0.08620689655172414,1.859749845269877,-1.0,0.20973782771535582,-0.6687423068568532,-0.25,1.0,-0.763543483957753,1.0,-1.379496421110385,1.0,-0.08507584853816202,1.0,1.5211530895506742,1.0,-1.5406771205288021,1.0,0.37335246968402697,1.0,-1.3793665227426788,1.0,-0.42741696705649357,1.0,1.364018092104731,1.0
CLI-3147,Rosalva Jordán Niño,74.0,masculino,ambato,3988240.0,empleado,63.0,63361.0,24.0,5800.0,595413.0,0.0,2.0,2025-01-23,app,desktop,ecuador,rechazado,0.0,0.9310344827586207,0.9174452352627477,-0.39655172413793105,-0.3081715980157594,-0.5,0.018726591760299626,-0.08438108006474503,-0.75,0.5,1.4203727179882517,1.0,1.3222974812213752,1.0,-0.6422247499588069,1.0,-0.991348998007054,1.0,-0.7243013537000694,1.0,0.0899699213703311,1.0,0.017352669236838158,1.0,-1.6454266338532069,0.0,0.8765503230843952,1.0
CLI-1155,David Maldonado Luna,23.0,masculino,desconocido,2199075.0,jubilado,233.0,540225.0,48.0,7430.0,177459.0,0.0,2.0,28 de November de 2025,web,desconocido,ecuador,aprobado,0.0,-0.8275862068965517,0.0,1.0689655172413792,0.7931004221592012,0.5,0.6292134831460674,-0.5724842983970234,-0.75,0.5,-1.3248039713607136,1.0,0.04494689081865905,1.0,1.5459850503564572,1.0,0.8552941974963855,1.0,0.6867732139686339,1.0,0.9936804679136364,1.0,-1.053195310280773,1.0,-1.6454266338532069,0.0,0.8765503230843952,1.0
CLI-3725,Marisol del Marquez,30.0,femenino,ibarra,395570.0,desempleado,52.0,72839.0,60.0,3400.0,1431991.0,2.0,3.0,22/10/2024,app,desconocido,ecuador,rechazado,0.0,-0.5862068965517241,-0.9247984780735939,-0.49137931034482757,-0.286283059130001,1.0,-0.8801498127340824,0.8926078091096158,-0.25,1.0,-0.8838487923359118,1.0,-1.578723410279703,1.0,-0.8332943523492113,1.0,-0.8901174882210124,1.0,1.3307640862439178,1.0,-1.2534426606551412,1.0,1.3957965693904015,1.0,-0.42741696705649357,1.0,1.364018092104731,1.0
CLI-1534,Yolanda de Vázquez,66.0,femenino,cuenca,4225380.0,empleado,173.0,74744.0,12.0,3540.0,1397344.0,2.0,0.0,03 de November de 2024,sucursal,ios,ecuador,pendiente,0.0,0.6551724137931034,1.0390455142142183,0.5517241379310345,-0.28188364294753954,-1.0,-0.8277153558052435,0.8521456716362134,-0.25,-0.5,1.0408222341491922,1.0,1.4798858225587608,1.0,0.8732187476401274,1.0,-0.8711116914322717,1.0,-1.5406771205288021,1.0,-1.1745313483696658,1.0,1.3474551600150217,1.0,-0.42741696705649357,1.0,-1.154978408707881,0.0
CLI-4901,Nélida Corominas Gargallo,58.0,otro,cuenca,2678840.0,desempleado,51.0,507893.0,48.0,3430.0,877812.0,3.0,2.0,18 de December de 2025,desconocido,ios,rusia,pendiente,1.0,0.3793103448275862,0.24601314763916807,-0.5,0.7184327455128264,0.5,-0.8689138576779026,0.2454156457802453,0.0,0.5,0.6474854195246892,1.0,0.4060791208376217,1.0,-0.8513246856946745,1.0,0.7924499869031456,1.0,0.6867732139686339,1.0,-1.2365261816229196,1.0,0.5449009954095484,1.0,0.08972016254826615,1.0,0.8765503230843952,1.0
CLI-1624,Amor Daza Meléndez,54.0,femenino,machala,1091420.0,jubilado,182.0,505336.0,36.0,4370.0,719931.0,3.0,0.0,desconocido,app,android,ecuador,rechazado,0.0,0.2413793103448276,-0.5679816015096197,0.6293103448275862,0.7125275973876013,0.0,-0.5168539325842697,0.06103596712298051,0.0,-0.5,0.44489989639032784,1.0,-0.8757099664728051,1.0,0.9788024374954525,1.0,0.7873387318807779,1.0,0.0068301062973813,1.0,-0.7082477087081627,1.0,0.2611618211209957,1.0,0.08972016254826615,1.0,-1.154978408707881,0.0
CLI-3397,Diana Benet Salazar,53.0,otro,cuenca,2575280.0,independiente,25.0,99289.0,60.0,5200.0,62072.0,6.0,1.0,13/02/2026,call center,desconocido,ecuador,pendiente,0.0,0.20689655172413793,0.1929098125282028,-0.7241379310344828,-0.22519930163598237,1.0,-0.20599250936329588,-0.7072378024996439,0.75,0.0,0.39357587886174883,1.0,0.32952975916182387,1.0,-1.3764849799789398,1.0,-0.6566180368445926,1.0,1.3307640862439178,1.0,-0.24424745352173582,1.0,-1.5448030737062963,1.0,1.4693164031674129,1.0,0.1590477084166273,1.0
CLI-1937,Rosalía de Torrents,42.0,femenino,guayaquil,1684740.0,desempleado,97.0,115663.0,24.0,5750.0,97503.0,3.0,0.0,10 de December de 2024,app,desconocido,ecuador,rechazado,0.0,-0.1724137931034483,-0.26373989826475774,-0.10344827586206896,-0.18738510711019557,-0.5,0.0,-0.665860078805814,0.0,-0.5,-0.19143944416027134,1.0,-0.3639745519546027,1.0,-0.11393478994525327,1.0,-0.5370818202609645,1.0,-0.7243013537000694,1.0,0.062153721058298174,1.0,-1.3680962944372728,1.0,0.08972016254826615,1.0,-1.154978408707881,0.0
CLI-1227,Gracia Zamora-Bermúdez,65.0,otro,guayaquil,2035320.0,independiente,22.0,144776.0,48.0,5910.0,231202.0,2.0,1.0,desconocido,call center,desconocido,ecuador,rechazado,0.0,0.6206896551724138,-0.08397003322804283,-0.75,-0.12015140458001164,0.5,0.0599250936329588,-0.5097210965546397,-0.25,0.0,0.9924533531215401,1.0,-0.08249117279110992,1.0,-1.4471986850469787,1.0,-0.3556915384359599,1.0,0.6867732139686339,1.0,0.1511439565874379,1.0,-0.8767928424587398,1.0,-0.42741696705649357,1.0,0.1590477084166273,1.0
CLI-4761,Elba Gimenez Morata,26.0,masculino,quito,1466640.0,estudiante,83.0,505651.0,48.0,5580.0,1123536.0,0.0,0.0,2024-10-27,web,desconocido,ecuador,aprobado,0.0,-0.7241379310344828,-0.3755768757435287,-0.22413793103448276,0.713255059905961,0.5,-0.06367041198501873,0.5323818555102174,-0.75,-0.5,-1.1316825600056744,1.0,-0.5461136948409528,1.0,-0.3221110698520794,1.0,0.7879695577248457,1.0,0.6867732139686339,1.0,-0.03246818059475469,1.0,0.9449646041738757,1.0,-1.6454266338532069,0.0,-1.154978408707881,0.0
CLI-3981,Edu Arregui,32.0,masculino,manta,2298320.0,independiente,136.0,149851.0,36.0,4580.0,1087536.0,0.0,0.0,desconocido,call center,ios,ecuador,rechazado,0.0,-0.5172413793103449,0.05089069614800837,0.23275862068965517,-0.10843117511754871,0.0,-0.43820224719101125,0.4903396311028376,-0.75,-0.5,-0.763543483957753,1.0,0.12107679160161178,1.0,0.4171146738783833,1.0,-0.3272531749007867,1.0,0.0068301062973813,1.0,-0.5906514975635724,1.0,0.8889625436682722,1.0,-1.6454266338532069,0.0,-1.154978408707881,0.0
CLI-4160,Guillermo Hernando Neira Badía,63.0,femenino,sto. domingo,2693350.0,desconocido,147.0,975758.0,48.0,8140.0,1404273.0,1.0,0.0,30/01/2026,app,ios,ecuador,aprobado,0.0,0.5517241379310345,0.253453562784592,0.3275862068965517,1.7989224317108994,0.5,0.8951310861423221,0.8602376319950671,-0.5,-0.5,0.8950545429529138,1.0,0.4167477547321143,1.0,0.556794692585294,1.0,1.4910222255861956,1.0,0.6867732139686339,1.0,1.38565510648316,1.0,1.3571648181415934,1.0,-0.9937313799445397,1.0,-1.154978408707881,0.0
CLI-3116,Josefa Ruano Ledesma,69.0,masculino,guayaquil,4291940.0,desempleado,54.0,91707.0,12.0,7450.0,221817.0,4.0,0.0,23/02/2025,web,android,ecuador,rechazado,0.0,0.7586206896551724,1.0731760470935718,-0.47413793103448276,-0.242709208982661,-1.0,0.6367041198501873,-0.5206812708897303,0.25,-0.5,1.1846571514076158,1.0,1.5237346888642878,1.0,-0.7975880085017198,1.0,-0.7176393006275077,1.0,-1.5406771205288021,1.0,1.0047347712457642,1.0,-0.9061755252970902,1.0,0.5731179750185994,1.0,-1.154978408707881,0.0
CLI-1428,Raquel de Castellanos,71.0,otro,desconocido,1738140.0,estudiante,125.0,1276457.0,48.0,4900.0,128541.0,4.0,0.0,desconocido,app,desconocido,ecuador,rechazado,0.0,0.8275862068965517,-0.23635752963859374,0.13793103448275862,2.493358151737134,0.5,-0.31835205992509363,-0.6296126743292514,0.25,-0.5,1.2795265513516445,1.0,-0.320258738691974,1.0,0.27343441315113165,1.0,1.8010762924822041,1.0,0.6867732139686339,1.0,-0.41172143374472575,1.0,-1.2357817295488314,1.0,0.5731179750185994,1.0,-1.154978408707881,0.0
CLI-3445,Marcia Escolano Domínguez,52.0,femenino,guayaquil,4363840.0,empleado,10.0,1021971.0,48.0,5750.0,1026467.0,2.0,2.0,07/11/2024,app,ios,ecuador,pendiente,0.0,0.1724137931034483,1.1100448168355417,-0.853448275862069,1.9056469566663279,0.5,0.0,0.4190208365935521,-0.25,0.5,0.34196783666934744,1.0,1.5709198230625456,1.0,-1.7720327595953136,1.0,1.5434537799348786,1.0,0.6867732139686339,1.0,0.062153721058298174,1.0,0.7920566031334157,1.0,-0.42741696705649357,1.0,0.8765503230843952,1.0
CLI-4672,Marianela Palomar Marqués,63.0,desconocido,guayaquil,1425340.0,desempleado,183.0,75653.0,48.0,6710.0,1090311.0,4.0,1.0,2026-06-28,call center,ios,ecuador,pendiente,0.0,0.5517241379310345,-0.396754625261517,0.6379310344827587,-0.2797843939659871,0.5,0.3595505617977528,0.49358038590090647,0.25,0.0,0.8950545429529138,1.0,-0.581309402940472,1.0,0.9904201014930888,1.0,-0.8621848955848167,1.0,0.6867732139686339,1.0,0.5951991680829932,1.0,0.8933081799416197,1.0,0.5731179750185994,1.0,0.1590477084166273,1.0
CLI-4302,Evaristo Agudo Priego,66.0,femenino,cuenca,1930890.0,jubilado,199.0,72309.0,12.0,6490.0,234366.0,5.0,3.0,02/03/2025,web,desconocido,ecuador,aprobado,0.0,0.6551724137931034,-0.13751948558067031,0.7758620689655172,-0.2875070436847016,-1.0,0.27715355805243447,-0.5060260521650578,0.5,1.0,1.0408222341491922,1.0,-0.1650349556104234,1.0,1.1733949253745235,1.0,-0.8954789005988907,1.0,-1.5406771205288021,1.0,0.4732268708915827,1.0,-0.8670060439802708,1.0,1.0312249847783386,1.0,1.364018092104731,1.0
CLI-4547,Cintia Conde,41.0,femenino,ibarra,2138720.0,jubilado,97.0,48917.0,36.0,8380.0,492677.0,2.0,0.0,10-31-2024,app,ios,colombia,pendiente,0.0,-0.20689655172413793,-0.030948742667268325,-0.10344827586206896,-0.34152864123858,0.0,0.9850187265917603,-0.20436024580687204,-0.25,-0.5,-0.2467117193929858,1.0,-0.0017505549543244312,1.0,-0.11393478994525327,1.0,-1.173148166582068,1.0,0.0068301062973813,1.0,1.517951043196338,1.0,-0.20136333712671545,1.0,-0.42741696705649357,1.0,-1.154978408707881,0.0
CLI-4597,Álvaro Olmo Menéndez,45.0,femenino,sto. domingo,4276170.0,estudiante,69.0,310996.0,48.0,-10.0,1383387.0,4.0,1.0,2026-06-10,app,desconocido,ecuador,aprobado,0.0,-0.06896551724137931,1.0650895311153956,-0.3448275862068966,0.26371786463192703,0.5,-2.157303370786517,0.8358461348013855,0.25,0.0,-0.027868800795079914,1.0,1.5133603556618915,1.0,-0.5429084010836153,1.0,0.3151681780150828,1.0,0.6867732139686339,1.0,-3.2285394430448684,-1.0,1.327832400373471,1.0,0.5731179750185994,1.0,0.1590477084166273,1.0
CLI-1615,Luisina Trillo,51.0,masculino,manta,2199075.0,empleado,3.0,151981.0,60.0,4260.0,645484.0,5.0,3.0,2025-12-03,app,desktop,ecuador,rechazado,0.0,0.13793103448275862,0.0,-0.9137931034482759,-0.10351214285054455,1.0,-0.5580524344569289,-0.025906185111914067,0.5,1.0,0.2900687935278137,1.0,0.04494689081865905,1.0,-2.0267474499789353,1.0,-0.3155564322512609,1.0,1.3307640862439178,1.0,-0.769903256175019,1.0,0.11786719488409404,1.0,1.0312249847783386,1.0,1.364018092104731,1.0
CLI-4701,Apolonia Girona Sanmartín,59.0,masculino,guayaquil,1638410.0,jubilado,30.0,62606.0,48.0,0.0,682867.0,4.0,2.0,01-08-2025,app,desktop,ecuador (vpn),rechazado,1.0,0.41379310344827586,-0.2874969233293678,-0.6810344827586207,-0.3099151986550026,0.5,-2.153558052434457,0.017751161416449255,0.25,0.5,0.6974843537928508,1.0,-0.4021706349960051,1.0,-1.264690466210096,1.0,-0.9999454154438087,1.0,0.6867732139686339,1.0,-3.2212900173237156,0.0,0.19068360863712108,1.0,0.5731179750185994,1.0,0.8765503230843952,1.0
CLI-4207,Adelia Tormo Cerezo,68.0,masculino,manta,2646550.0,desempleado,12.0,171158.0,12.0,3680.0,1174715.0,4.0,0.0,desconocido,desconocido,ios,ecuador,rechazado,0.0,0.7241379310344828,0.2294555318537966,-0.8362068965517241,-0.0592246866137659,-1.0,-0.7752808988764045,0.5921507167031422,0.25,-0.5,1.1369201125057966,1.0,0.3822879603242357,1.0,-1.7114433593027265,1.0,-0.2159858818470531,1.0,-1.5406771205288021,1.0,-1.0957001776880233,1.0,1.0232344443042678,1.0,0.5731179750185994,1.0,-1.154978408707881,0.0
CLI-3484,Leandro Araujo Peiró,74.0,femenino,desconocido,3403040.0,desempleado,150.0,16871.0,48.0,5510.0,991036.0,4.0,4.0,desconocido,app,desconocido,rusia,pendiente,1.0,0.9310344827586207,0.6173672929400664,0.35344827586206895,-0.4155358281063804,0.5,-0.0898876404494382,0.3776431128997223,0.25,1.5,1.4203727179882517,1.0,0.9234030503765481,1.0,0.5942488823083881,1.0,-1.8443809172958172,1.0,0.6867732139686339,1.0,-0.07145154358340182,1.0,0.7346659715191203,1.0,0.5731179750185994,1.0,1.7302388816259997,1.0
CLI-4155,Luna Alba Prada Amores,5.0,masculino,manta,1284550.0,independiente,129.0,1206844.0,48.0,7110.0,924071.0,2.0,0.0,02/09/2024,web,ios,ecuador,rechazado,0.0,-1.4482758620689655,-0.46894870164499325,0.1724137931034483,2.3325935539892657,0.5,0.5093632958801498,0.29943873630416146,-0.25,-0.5,-2.7186144465288518,1.0,-0.7031790240594415,1.0,0.3261728842782216,1.0,1.7352051833800792,1.0,0.6867732139686339,1.0,0.8167061814655499,1.0,0.6236647825365713,1.0,-0.42741696705649357,1.0,-1.154978408707881,0.0
CLI-1348,Javier Cañellas Sobrino,27.0,masculino,ambato,1494610.0,empleado,174.0,58812.0,36.0,5750.0,1221039.0,0.0,1.0,desconocido,app,desconocido,ecuador,rechazado,0.0,-0.6896551724137931,-0.3612344628133076,0.5603448275862069,-0.3186770805428025,0.0,0.0,0.6462497167989051,-0.75,0.0,-1.0687537389404749,1.0,-0.522411971296778,1.0,0.8850434384794411,1.0,-1.0445009396890603,1.0,0.0068301062973813,1.0,0.062153721058298174,1.0,1.0927916366164532,1.0,-1.6454266338532069,0.0,0.1590477084166273,1.0
CLI-4907,Nidia Muñoz Amorós,39.0,masculino,manta,308010.0,empleado,170.0,192777.0,60.0,6180.0,1410953.0,2.0,1.0,2024-09-25,app,ios,ecuador,rechazado,0.0,-0.27586206896551724,-0.9696973581654839,0.5258620689655172,-0.009297663806083895,1.0,0.16104868913857678,0.8680388003017697,-0.25,0.0,-0.35844956077882295,1.0,-1.6833075072995,1.0,0.8376005689051055,1.0,-0.11433779013445669,1.0,1.3307640862439178,1.0,0.30117554164518745,1.0,1.3665055595150126,1.0,-0.42741696705649357,1.0,0.1590477084166273,1.0
CLI-1971,Rosalía Dafne Cuadrado Mercader,35.0,femenino,loja,1154050.0,independiente,179.0,372519.0,36.0,7610.0,863839.0,1.0,3.0,2025-08-09,app,desconocido,ecuador,aprobado,0.0,-0.41379310344827586,-0.5358662878943267,0.603448275862069,0.4057993773844605,0.0,0.6966292134831461,0.22909742351234758,-0.5,1.0,-0.5870752304386575,1.0,-0.8190180176895315,1.0,0.9438148669570019,1.0,0.4863254633998633,1.0,0.0068301062973813,1.0,1.0931419276795205,1.0,0.5207515647342746,1.0,-0.9937313799445397,1.0,1.364018092104731,1.0
CLI-4493,Pascual Mendizábal-Nicolás,42.0,masculino,quito,1125160.0,empleado,226.0,857818.0,36.0,6980.0,1012537.0,5.0,1.0,16 de March de 2025,desconocido,android,ecuador,rechazado,0.0,-0.1724137931034483,-0.5506804569881446,1.0086206896551724,1.5265512272177215,0.0,0.4606741573033708,0.4027528314270299,0.5,0.0,-0.19143944416027134,1.0,-0.8450753405766385,1.0,1.470919426621819,1.0,1.3471544748504836,1.0,0.0068301062973813,1.0,0.744752414236235,1.0,0.7695988912383716,1.0,1.0312249847783386,1.0,0.1590477084166273,1.0
CLI-2241,Aureliano Aragonés Salom,57.0,femenino,ibarra,3675710.0,estudiante,55.0,504957.0,24.0,5750.0,598006.0,1.0,2.0,12/09/2025,app,android,ecuador,aprobado,0.0,0.3448275862068966,0.7571865898182714,-0.46551724137931033,0.7116523329607494,-0.5,0.0,-0.0813528720678468,-0.5,0.5,0.597233303961312,1.0,1.1111443898475137,1.0,-0.7799061829807394,1.0,0.7865793031891798,1.0,-0.7243013537000694,1.0,0.062153721058298174,1.0,0.02264741586607115,1.0,-0.9937313799445397,1.0,0.8765503230843952,1.0
CLI-2616,Timoteo Sosa Girón,70.0,masculino,manta,572470.0,independiente,88.0,239787.0,24.0,5060.0,843027.0,2.0,0.0,2024-11-25,app,ios,ecuador,rechazado,0.0,0.7931034482758621,-0.834087972268942,-0.1810344827586207,0.09926745679103581,-0.5,-0.25842696629213485,0.20479234644661454,-0.25,-0.5,1.2321913977431922,1.0,-1.382725154449585,1.0,-0.24645669744358392,1.0,0.07742751863344526,1.0,-0.7243013537000694,1.0,-0.32237018984504817,1.0,0.48446043819685686,1.0,-0.42741696705649357,1.0,-1.154978408707881,0.0
CLI-3364,Florentina Nicolau Pavón,59.0,desconocido,guayaquil,3454610.0,estudiante,47.0,931803.0,48.0,6600.0,12610.0,3.0,0.0,2026-01-05,call center,ios,ecuador,aprobado,0.0,0.41379310344827586,0.6438112770234237,-0.5344827586206896,1.6974125428394593,0.5,0.31835205992509363,-0.7650014831562499,0.0,-0.5,0.6974843537928508,1.0,0.9591775322679048,1.0,-0.9247013247314946,1.0,1.4391930407613154,1.0,0.6867732139686339,1.0,0.5342260759983943,1.0,-1.9077566870792777,1.0,0.08972016254826615,1.0,-1.154978408707881,0.0
CLI-1723,Encarnacion Alcántara Galán,39.0,masculino,sto. domingo,1628510.0,jubilado,87.0,1101225.0,48.0,4140.0,731371.0,2.0,1.0,19/05/2026,desconocido,ios,ecuador,pendiente,0.0,-0.27586206896551724,-0.29257342987242074,-0.1896551724137931,2.0886765262856457,0.5,-0.602996254681648,0.07439605176799233,-0.25,0.0,-0.35844956077882295,1.0,-0.4103657294769327,1.0,-0.2614656285635177,1.0,1.6289348945014872,1.0,0.6867732139686339,1.0,-0.8372105533160317,1.0,0.2825900517590052,1.0,-0.42741696705649357,1.0,0.1590477084166273,1.0
CLI-1541,Aristides Hernández,73.0,otro,guayaquil,473450.0,empleado,43.0,941378.0,60.0,7980.0,925117.0,5.0,2.0,15 de March de 2025,call center,desconocido,ecuador,rechazado,0.0,0.896551724137931,-0.8848632932682446,-0.5689655172413793,1.7195250939927762,1.0,0.8352059925093633,0.30066029649110926,0.5,0.5,1.3736137957931474,1.0,-1.490299699969659,1.0,-1.0002603568371877,1.0,1.450654506859412,1.0,1.3307640862439178,1.0,1.297402303982576,1.0,0.6254254057573092,1.0,1.0312249847783386,1.0,0.8765503230843952,1.0
CLI-1784,Teófila Aznar Maestre,36.0,masculino,ibarra,804610.0,desconocido,217.0,353776.0,24.0,7500.0,1252113.0,3.0,1.0,2025-09-14,app,android,ecuador,aprobado,0.0,-0.3793103448275862,-0.7150515855109324,0.9310344827586207,0.36251420283964414,-0.5,0.6554307116104869,0.6825391634998751,0.0,0.0,-0.5292383727752412,1.0,-1.146302446100691,1.0,1.3732002505433907,1.0,0.43685235477877005,1.0,-0.7243013537000694,1.0,1.032367198866131,1.0,1.138799397194068,1.0,0.08972016254826615,1.0,0.1590477084166273,1.0
CLI-4710,Ricarda Benítez Paniagua,28.0,femenino,ibarra,1657210.0,independiente,86.0,931011.0,36.0,3320.0,936254.0,5.0,1.0,2025-01-02,app,android,ecuador,aprobado,0.0,-0.6551724137931034,-0.2778566886819543,-0.19827586206896552,1.695583494221869,0.0,-0.9101123595505618,0.3136665257473589,0.5,0.0,-1.0064912487126259,1.0,-0.38664061984924014,1.0,-0.2765345842800862,1.0,1.4382406065469344,1.0,0.0068301062973813,1.0,-1.2985721129332688,1.0,0.644117002123148,1.0,1.0312249847783386,1.0,0.1590477084166273,1.0
CLI-1408,Adrián Paulino Castañeda Lledó,70.0,masculino,manta,1876880.0,independiente,189.0,45193.0,24.0,4740.0,1432634.0,2.0,2.0,2024-08-05,web,desconocido,ecuador,aprobado,0.0,0.7931034482758621,-0.16521464905443656,0.6896551724137931,-0.3501288647889666,-0.5,-0.3782771535580524,0.8933587299511142,-0.25,0.5,1.2321913977431922,1.0,-0.20814137740003438,1.0,1.059666416512501,1.0,-1.227249738566077,1.0,-0.7243013537000694,1.0,-0.5011476703216124,1.0,1.3966888114217664,1.0,-0.42741696705649357,1.0,0.8765503230843952,1.0
CLI-2246,Ileana Reig Solera,49.0,femenino,guayaquil,956220.0,desconocido,107.0,125417.0,12.0,8010.0,41961.0,5.0,0.0,2026-03-26,desconocido,android,ecuador,aprobado,0.0,0.06896551724137931,-0.6373092464208066,-0.017241379310344827,-0.16485917249406484,-1.0,0.846441947565543,-0.7307242240289998,0.5,-0.5,0.1853682330189416,1.0,-1.000833025922772,1.0,0.028391833526907297,1.0,-0.47244327389353796,1.0,-1.5406771205288021,1.0,1.3139531400862532,1.0,-1.6657804542196002,1.0,1.0312249847783386,1.0,-1.154978408707881,0.0
CLI-3021,Xavier Valdés Macías,33.0,desconocido,quito,2199075.0,empleado,62.0,229581.0,60.0,5120.0,979915.0,0.0,0.0,desconocido,app,desconocido,ecuador,pendiente,0.0,-0.4827586206896552,0.0,-0.4051724137931034,0.07569767119617932,1.0,-0.23595505617977527,0.36465556907654256,-0.75,-0.5,-0.7042092660851709,1.0,0.04494689081865905,1.0,-0.6590897599299094,1.0,0.03865002969507753,1.0,1.3307640862439178,1.0,-0.28888230617757965,1.0,0.7164663826685571,1.0,-1.6454266338532069,0.0,-1.154978408707881,0.0
CLI-1032,Manola Armengol-Sandoval,70.0,masculino,ibarra,2056150.0,desconocido,159.0,943191.0,48.0,5020.0,80615.0,3.0,2.0,28 de April de 2026,sucursal,ios,ecuador,rechazado,0.0,0.7931034482758621,-0.0732888583500841,0.43103448275862066,1.7237120449317802,0.5,-0.27340823970037453,-0.6855825534111426,0.0,0.5,1.2321913977431922,1.0,-0.06614876335850213,1.0,0.7050756945351918,1.0,1.4528137414022197,1.0,0.6867732139686339,1.0,-0.3447011059258041,1.0,-1.4479856570342433,1.0,0.08972016254826615,1.0,0.8765503230843952,1.0
CLI-2772,Luis Cal Estévez,56.0,femenino,guayaquil,747850.0,desempleado,197.0,303287.0,36.0,7750.0,512224.0,6.0,1.0,03-27-2025,web,desktop,ecuador,rechazado,0.0,0.3103448275862069,-0.7441568896911023,0.7586206896551724,0.24591466287308436,0.0,0.7490636704119851,-0.18153248579323167,0.75,0.0,0.5467223259835524,1.0,-1.2024060452333272,1.0,1.150811991570793,1.0,0.29177037579482484,1.0,0.0068301062973813,1.0,1.1704589910825582,1.0,-0.15830245385950964,1.0,1.4693164031674129,1.0,0.1590477084166273,1.0
CLI-1397,Modesta León,19.0,masculino,guayaquil,2199075.0,independiente,120.0,187291.0,60.0,6960.0,554102.0,3.0,0.0,26/09/2025,desconocido,android,ecuador,rechazado,0.0,-0.9655172413793104,0.0,0.09482758620689655,-0.021967058649644815,1.0,0.45318352059925093,-0.13262570041178023,0.0,-0.5,-1.5939640155838737,1.0,0.04494689081865905,1.0,0.20667656665699863,1.0,-0.139193812672498,1.0,1.3307640862439178,1.0,0.7336795638047081,1.0,-0.06842007969461224,1.0,0.08972016254826615,1.0,-1.154978408707881,0.0
CLI-3201,Charo del Malo,36.0,femenino,manta,2255520.0,independiente,221.0,105902.0,60.0,4990.0,1163867.0,1.0,2.0,12 de December de 2025,web,ios,ecuador,rechazado,0.0,-0.3793103448275862,0.028943778971981787,0.9655172413793104,-0.2099272075600676,1.0,-0.2846441947565543,0.5794819930817184,-0.5,0.5,-0.5292383727752412,1.0,0.08834339776580934,1.0,1.4168025745713373,1.0,-0.6064928433264869,1.0,1.3307640862439178,1.0,-0.3614522909104028,1.0,1.0067718873731752,1.0,-0.9937313799445397,1.0,0.8765503230843952,1.0
CLI-1178,Hugo Yáñez Molina,44.0,femenino,quito,2903440.0,estudiante,59.0,257248.0,48.0,4980.0,147666.0,3.0,3.0,17/05/2026,call center,ios,ecuador,rechazado,0.0,-0.10344827586206896,0.3611831849694384,-0.43103448275862066,0.1395919743563689,0.5,-0.2883895131086142,-0.6072777426128309,0.0,1.0,-0.08202892461808767,1.0,0.5697288687607568,1.0,-0.7102588497352234,1.0,0.1406863904658827,1.0,0.6867732139686339,1.0,-0.36703659339405187,1.0,-1.161263658511818,1.0,0.08972016254826615,1.0,1.364018092104731,1.0
CLI-1034,Sebastian Flores Chacón,67.0,femenino,desconocido,4487050.0,empleado,120.0,124619.0,24.0,5320.0,350585.0,4.0,3.0,04-02-2026,desconocido,desconocido,ecuador,aprobado,0.0,0.6896551724137931,1.173224248266809,0.09482758620689655,-0.16670207754057625,-0.5,-0.16104868913857678,-0.37030090554280015,0.25,1.0,1.0889764576997847,1.0,1.6513497996528077,1.0,0.20667656665699863,1.0,-0.47757085151997886,1.0,-0.7243013537000694,1.0,-0.17732815846419006,1.0,-0.5405793708497028,1.0,0.5731179750185994,1.0,1.364018092104731,1.0
CLI-1455,Reyes Paredes Vilanova,39.0,masculino,ambato,3593050.0,jubilado,78.0,36197.0,48.0,4050.0,315438.0,5.0,0.0,06/06/2026,sucursal,ios,ecuador,rechazado,0.0,-0.27586206896551724,0.7148003240759733,-0.2672413793103448,-0.3709042705513935,0.5,-0.6367041198501873,-0.41134696279963845,0.5,-0.5,-0.35844956077882295,1.0,1.0545924397621311,1.0,-0.39936485889317025,1.0,-1.3751814487956997,1.0,0.6867732139686339,1.0,-0.887723848108296,1.0,-0.6334358348634849,1.0,1.0312249847783386,1.0,-1.154978408707881,0.0
CLI-1942,Jorge Morales Hurtado,58.0,femenino,quito,2199075.0,independiente,167.0,248959.0,12.0,3750.0,1098958.0,0.0,0.0,07 de July de 2024,sucursal,android,ecuador,rechazado,0.0,0.3793103448275862,0.0,0.5,0.12044931780181611,-1.0,-0.7490636704119851,0.5036786946356457,-0.75,-0.5,0.6474854195246892,1.0,0.04494689081865905,1.0,0.8017622263142528,1.0,0.11111847653216753,1.0,-1.5406771205288021,1.0,-1.0563136590852213,1.0,0.9068181449964157,1.0,-1.6454266338532069,0.0,-1.154978408707881,0.0
CLI-2106,Néstor Lasa Nieto,57.0,desconocido,quito,2185860.0,empleado,82.0,80926.0,48.0,5490.0,1002283.0,2.0,0.0,22/09/2024,web,ios,ecuador,pendiente,0.0,0.3448275862068966,-0.006776367067317554,-0.23275862068965517,-0.2676069023491266,0.5,-0.09737827715355805,0.3907778045083279,-0.25,-0.5,0.597233303961312,1.0,0.0347486690037899,1.0,-0.33742972686673917,1.0,-0.8120993080331065,1.0,0.6867732139686339,1.0,-0.08259197724609514,1.0,0.7529803507573921,1.0,-0.42741696705649357,1.0,-1.154978408707881,0.0
CLI-4849,Lola Solera Valenzuela,26.0,desconocido,ambato,4308240.0,desconocido,166.0,85954.0,48.0,4970.0,1269054.0,5.0,0.0,06/04/2026,web,ios,ecuador,pendiente,0.0,-0.7241379310344828,1.0815343356442548,0.49137931034482757,-0.2559952149132126,0.5,-0.29213483146067415,0.7023235336022479,0.5,-0.5,-1.1316825600056744,1.0,1.5344481414850863,1.0,0.789766272105388,1.0,-0.766816337678376,1.0,0.6867732139686339,1.0,-0.37262118394006083,1.0,1.1636698420973364,1.0,1.0312249847783386,1.0,-1.154978408707881,0.0
CLI-3701,Aitor Severino Priego Llobet,73.0,masculino,cuenca,2199075.0,empleado,79.0,81241.0,24.0,4200.0,5299.0,6.0,0.0,2024-07-08,desconocido,android,ecuador,aprobado,0.0,0.896551724137931,0.0,-0.25862068965517243,-0.26687943983076684,-0.5,-0.5805243445692884,-0.7735395582296486,0.75,-0.5,1.3736137957931474,1.0,0.04494689081865905,1.0,-0.3837797914588617,1.0,-0.809194401044378,1.0,-0.7243013537000694,1.0,-0.8035507297264468,1.0,-2.0047582712942265,1.0,1.4693164031674129,1.0,-1.154978408707881,0.0
CLI-3199,Eligia Cortés Garrido,66.0,femenino,guayaquil,1603350.0,empleado,184.0,257751.0,24.0,8190.0,447667.0,5.0,1.0,06-02-2026,app,ios,ecuador,rechazado,0.0,0.6551724137931034,-0.3054749353899167,0.646551724137931,0.14075360498092432,-0.5,0.9138576779026217,-0.25692470471176554,0.5,0.0,1.0408222341491922,1.0,-0.4312465327358604,1.0,1.0020156104142128,1.0,0.14245493723339947,1.0,-0.7243013537000694,1.0,1.413224927597011,1.0,-0.3034859966150071,1.0,1.0312249847783386,1.0,0.1590477084166273,1.0
CLI-2941,María Fernanda Colomer Bastida,40.0,masculino,manta,2199075.0,jubilado,213.0,319403.0,36.0,6340.0,795249.0,4.0,1.0,03/10/2024,app,ios,ecuador,rechazado,0.0,-0.2413793103448276,0.0,0.896551724137931,0.2831330309552622,0.0,0.2209737827715356,0.1489953076206203,0.25,0.0,-0.3023775888082796,1.0,0.04494689081865905,1.0,1.3293160063010825,1.0,0.340139124538882,1.0,0.0068301062973813,1.0,0.39000323069161336,1.0,0.3996195086845236,1.0,0.5731179750185994,1.0,0.1590477084166273,1.0
CLI-2388,Galo Ramos Cortes,53.0,masculino,ambato,287010.0,empleado,11.0,366476.0,60.0,7670.0,209671.0,4.0,0.0,2026-05-10,call center,ios,ecuador,rechazado,0.0,0.20689655172413793,-0.9804657053780202,-0.8448275862068966,0.3918436440560539,1.0,0.7191011235955056,-0.5348658502689535,0.25,-0.5,0.39357587886174883,1.0,-1.7093941166050726,1.0,-1.7412941433400335,1.0,0.4706061342149052,1.0,1.3307640862439178,1.0,1.1262822477026442,1.0,-0.9450296508213544,1.0,0.5731179750185994,1.0,-1.154978408707881,0.0
CLI-2751,Nacio Goñi-Aznar,47.0,otro,quito,513460.0,independiente,22.0,242931.0,60.0,8240.0,1349869.0,2.0,0.0,desconocido,call center,ios,ecuador,aprobado,0.0,0.0,-0.8643470279361694,-0.75,0.10652822554571235,1.0,0.9325842696629213,0.7967024881989812,-0.25,-0.5,0.07941182896138738,1.0,-1.4462433459248418,1.0,-1.4471986850469787,1.0,0.08909548286729904,1.0,1.3307640862439178,1.0,1.4407904249832533,1.0,1.280347959778304,1.0,-0.42741696705649357,1.0,-1.154978408707881,0.0
CLI-3243,Coral Renata Yáñez Pintor,73.0,femenino,ambato,1259820.0,empleado,235.0,110156.0,36.0,4180.0,874209.0,5.0,2.0,28/05/2025,app,desconocido,ecuador,rechazado,0.0,0.896551724137931,-0.4816297124338516,1.0862068965517242,-0.20010299945498047,0.0,-0.5880149812734082,0.2412079198208067,0.5,0.5,1.3736137957931474,1.0,-0.7249067795812799,1.0,1.567286862486461,1.0,-0.5756125973743872,1.0,0.0068301062973813,1.0,-0.8147692897403896,1.0,0.5386902849106845,1.0,1.0312249847783386,1.0,0.8765503230843952,1.0
CLI-4643,Fortunata del Torrents,55.0,masculino,desconocido,1631240.0,jubilado,187.0,365149.0,24.0,7990.0,864349.0,0.0,1.0,01 de April de 2026,app,android,ecuador,aprobado,0.0,0.27586206896551724,-0.291173544734791,0.6724137931034483,0.3887790638596621,-0.5,0.8389513108614233,0.22969302169145212,-0.75,0.0,0.49594657480158233,1.0,-0.4081046874761062,1.0,1.0366708132147295,1.0,0.46712534505020337,1.0,-0.7243013537000694,1.0,1.3029194266639057,1.0,0.5216360107035596,1.0,-1.6454266338532069,0.0,0.1590477084166273,1.0
CLI-2317,Bartolomé Amigó Catalá,71.0,femenino,desconocido,58690.0,independiente,30.0,48361.0,36.0,4680.0,61048.0,0.0,3.0,desconocido,call center,desconocido,ecuador,aprobado,0.0,0.8275862068965517,-1.0975432785002257,-0.6810344827586207,-0.34281267031860546,0.0,-0.40074906367041196,-0.7084336702161204,-0.75,1.0,1.2795265513516445,1.0,-2.040553118568776,1.0,-1.264690466210096,1.0,-1.181002448332371,1.0,0.0068301062973813,1.0,-0.5347023676694502,1.0,-1.5504988702171558,1.0,-1.6454266338532069,0.0,1.364018092104731,1.0
CLI-3706,Claudia de Guijarro,30.0,otro,guayaquil,2985530.0,independiente,226.0,143397.0,24.0,3250.0,733849.0,0.0,3.0,02-28-2025,app,android,ecuador,aprobado,0.0,-0.5862068965517241,0.4032771670016819,1.0086206896551724,-0.12333607382705329,-0.5,-0.9363295880149812,0.07728995821470029,-0.75,1.0,-0.8838487923359118,1.0,0.628780251778208,1.0,1.470919426621819,1.0,-0.3635625299779015,1.0,-0.7243013537000694,1.0,-1.3380832822215203,1.0,0.28721205387067844,1.0,-1.6454266338532069,0.0,1.364018092104731,1.0
CLI-3420,Bruno Canales-Heras,31.0,femenino,ibarra,3799880.0,independiente,200.0,61148.0,60.0,6970.0,431128.0,4.0,1.0,27/12/2024,app,ios,ecuador,rechazado,0.0,-0.5517241379310345,0.820858288550683,0.7844827586206896,-0.31328231088283925,1.0,0.45692883895131087,-0.2762396033082559,0.25,0.0,-0.8234160113523812,1.0,1.1955299608537844,1.0,1.1846566334389044,1.0,-1.0167939745753185,1.0,1.3307640862439178,1.0,0.7392160910502951,1.0,-0.3421408049143207,1.0,0.5731179750185994,1.0,0.1590477084166273,1.0
CLI-3350,Marcio Carbó Céspedes,45.0,otro,quito,520880.0,desempleado,90.0,100999.0,48.0,4520.0,368677.0,2.0,1.0,08/06/2026,desconocido,android,ecuador,rechazado,0.0,-0.06896551724137931,-0.8605422119210732,-0.16379310344827586,-0.22125021939345793,0.5,-0.4606741573033708,-0.349172352098958,-0.25,0.0,-0.027868800795079914,1.0,-1.4381644535730638,1.0,-0.21661529449626332,1.0,-0.6433956060566287,1.0,0.6867732139686339,1.0,-0.6242359981453485,1.0,-0.49438631024515817,1.0,-0.42741696705649357,1.0,0.1590477084166273,1.0
CLI-1481,Nilo Córdoba Hervás,62.0,masculino,quito,160290.0,empleado,153.0,93978.0,12.0,5030.0,580956.0,5.0,3.0,15 de July de 2025,sucursal,desconocido,ecuador,rechazado,0.0,0.5172413793103449,-1.0454449891290971,0.3793103448275862,-0.23746455063601007,-1.0,-0.2696629213483146,-0.10126453668300864,0.5,1.0,0.8460156933322333,1.0,-1.8785603147501966,1.0,0.6314426078488757,1.0,-0.6989334924077473,1.0,-1.5406771205288021,1.0,-0.339117949795715,1.0,-0.012356102513539415,1.0,1.0312249847783386,1.0,1.364018092104731,1.0
CLI-3993,Jonatan Angulo Madrid,43.0,femenino,manta,3365830.0,estudiante,173.0,64415.0,24.0,8190.0,404041.0,4.0,1.0,04-27-2025,app,ios,ecuador,rechazado,0.0,-0.13793103448275862,0.5982868072363293,0.5517241379310345,-0.3057374853352794,-0.5,0.9138576779026217,-0.3078728736561086,0.25,0.0,-0.13654892106911792,1.0,0.8975099567792116,1.0,0.8732187476401274,1.0,-0.9794900186802656,1.0,-0.7243013537000694,1.0,1.413224927597011,1.0,-0.40689132623513175,1.0,0.5731179750185994,1.0,0.1590477084166273,1.0
CLI-3093,Carmela Ruth Martorell Blazquez,40.0,desconocido,quito,4229310.0,estudiante,17.0,153621.0,60.0,0.0,1066658.0,2.0,0.0,2025-08-20,app,desconocido,ecuador,aprobado,0.0,-0.2413793103448276,1.0410607334782787,-0.7931034482758621,-0.09972471894543339,1.0,-2.153558052434457,0.4659574766256911,-0.25,-0.5,-0.3023775888082796,1.0,1.4824794055282178,1.0,-1.5727802901780215,1.0,-0.30664334197676635,1.0,1.3307640862439178,1.0,-3.2212900173237156,0.0,0.8561094810365835,1.0,-0.42741696705649357,1.0,-1.154978408707881,0.0
CLI-4077,Obdulia Tejero Esparza,70.0,desconocido,cuenca,3213360.0,desconocido,105.0,64724.0,36.0,3170.0,1454396.0,5.0,0.0,16 de February de 2026,desconocido,ios,ecuador,rechazado,0.0,0.7931034482758621,0.520103478688928,-0.034482758620689655,-0.30502387924584073,0.0,-0.9662921348314607,0.9187732546053753,0.5,-0.5,1.2321913977431922,1.0,0.7906878600322761,1.0,0.00030992763958388725,1.0,-0.9760440369659684,1.0,0.0068301062973813,1.0,-1.3832657079920987,1.0,1.4267828430021487,1.0,1.0312249847783386,1.0,-1.154978408707881,0.0
CLI-2461,Jeremías del Cortina,17.0,masculino,sto. domingo,2199075.0,empleado,136.0,145514.0,60.0,3960.0,740175.0,2.0,0.0,20/01/2025,app,desconocido,ecuador,rechazado,0.0,-1.0344827586206897,0.0,0.23275862068965517,-0.11844706382271161,1.0,-0.6704119850187266,0.08467771131473043,-0.25,-0.5,-1.7345036858952965,1.0,0.04494689081865905,1.0,0.4171146738783833,1.0,-0.35150488394410667,1.0,1.3307640862439178,1.0,-0.9382659877813478,1.0,0.2989802773898428,1.0,-0.42741696705649357,1.0,-1.154978408707881,0.0
CLI-3420,Flor Juárez Piquer,45.0,otro,cuenca,3628040.0,jubilado,44.0,9566.0,60.0,7980.0,488067.0,0.0,3.0,24/02/2026,sucursal,desktop,ecuador,rechazado,0.0,-0.06896551724137931,0.7327424416458137,-0.5603448275862069,-0.43240603031786645,1.0,0.8352059925093633,-0.2097439862101504,-0.75,1.0,-0.027868800795079914,1.0,1.0785683356918219,1.0,-0.9811520321659798,1.0,-2.1566408075558563,1.0,1.3307640862439178,1.0,1.297402303982576,1.0,-0.21162811593937983,1.0,-1.6454266338532069,0.0,1.364018092104731,1.0
CLI-2293,Marcial Coronado Benet,53.0,otro,quito,879460.0,empleado,114.0,48227.0,24.0,7800.0,329554.0,5.0,0.0,11-09-2024,desconocido,ios,ecuador,aprobado,0.0,0.20689655172413793,-0.6766701193748206,0.04310344827586207,-0.3431221305645109,-0.5,0.7677902621722846,-0.3948617394736781,0.5,-0.5,0.39357587886174883,1.0,-1.0737366256252123,1.0,0.12527352285061588,1.0,-1.182906649237464,1.0,-0.7243013537000694,1.0,1.198063499421265,1.0,-0.595619702529599,1.0,1.0312249847783386,1.0,-1.154978408707881,0.0
CLI-3345,Artemio Garrido Peñalver,24.0,femenino,ibarra,3167960.0,desconocido,207.0,289995.0,36.0,6720.0,953166.0,6.0,0.0,desconocido,app,desktop,ecuador,rechazado,0.0,-0.7931034482758621,0.49682333757230174,0.8448275862068966,0.21521805400312233,0.0,0.36329588014981273,0.3334170285022925,0.75,-0.5,-1.2596709610745607,1.0,0.7586485938341517,1.0,1.2629453235382182,1.0,0.25023557203567187,1.0,0.0068301062973813,1.0,0.6007408968792451,1.0,0.6723144272443441,1.0,1.4693164031674129,1.0,-1.154978408707881,0.0
CLI-2228,Hortensia Cordero Rey,43.0,masculino,ambato,3851060.0,estudiante,219.0,85835.0,12.0,4890.0,361023.0,4.0,2.0,19 de November de 2025,app,android,ecuador,aprobado,0.0,-0.13793103448275862,0.8471022890429504,0.9482758620689655,-0.25627003408681515,-1.0,-0.32209737827715357,-0.35811099614379377,0.25,0.5,-0.13654892106911792,1.0,1.2301196984923168,1.0,1.3950362180519975,1.0,-0.7678622113668669,1.0,-1.5406771205288021,1.0,-0.41730835039344627,1.0,-0.5138038399115623,1.0,0.5731179750185994,1.0,0.8765503230843952,1.0
CLI-3623,Inmaculada Milla Jara,42.0,otro,ambato,2199075.0,independiente,181.0,350435.0,48.0,7960.0,985534.0,5.0,1.0,2025-02-20,desconocido,desconocido,ecuador,rechazado,0.0,-0.1724137931034483,0.0,0.6206896551724138,0.35479848133539027,0.5,0.8277153558052435,0.3712176596027944,0.5,0.0,-0.19143944416027134,1.0,0.04494689081865905,1.0,0.9671624546753192,1.0,0.42780491438775614,1.0,0.6867732139686339,1.0,1.2863675255397076,1.0,0.7256732375215159,1.0,1.0312249847783386,1.0,0.1590477084166273,1.0
CLI-2238,Sosimo Miguel Vera Flor,51.0,femenino,cuenca,3836410.0,jubilado,74.0,30978.0,24.0,5750.0,30043.0,4.0,0.0,09-10-2024,call center,desconocido,ecuador,pendiente,0.0,0.13793103448275862,0.8395900849161094,-0.3017241379310345,-0.38295705430796373,-0.5,0.0,-0.7446425359869763,0.25,-0.5,0.2900687935278137,1.0,1.2202298244079832,1.0,-0.4624118296856017,1.0,-1.4757522201712756,1.0,-0.7243013537000694,1.0,0.062153721058298174,1.0,-1.7500187395108187,1.0,0.5731179750185994,1.0,-1.154978408707881,0.0
CLI-2292,Carla Chamorro Leiva,55.0,desconocido,quito,1788350.0,empleado,25.0,126033.0,24.0,4670.0,927433.0,1.0,1.0,02-08-2025,desconocido,desconocido,ecuador,aprobado,0.0,0.27586206896551724,-0.2106109242318579,-0.7241379310344828,-0.16343657912482795,-0.5,-0.4044943820224719,0.303365012927984,-0.5,0.0,0.49594657480158233,1.0,-0.27944556655115255,1.0,-1.3764849799789398,1.0,-0.4685037303198062,1.0,-0.7243013537000694,1.0,-0.5402958878760684,1.0,0.6293205658889136,1.0,-0.9937313799445397,1.0,0.1590477084166273,1.0
CLI-2365,Heriberto de Hoz,23.0,masculino,loja,1671950.0,independiente,33.0,81907.0,48.0,6360.0,1243438.0,5.0,2.0,08-30-2025,web,desconocido,ecuador,pendiente,0.0,-0.8275862068965517,-0.2702983344956311,-0.6551724137931034,-0.26534137622052045,0.5,0.22846441947565543,0.6724081552572634,0.5,0.5,-1.3248039713607136,1.0,-0.37449378087770774,1.0,-1.200665901506059,1.0,-0.8030834100030809,1.0,0.6867732139686339,1.0,0.40110261301922584,1.0,1.1260064916696062,1.0,1.0312249847783386,1.0,0.8765503230843952,1.0
CLI-2214,Encarna Sedano,45.0,femenino,desconocido,3207130.0,empleado,188.0,1278129.0,36.0,3520.0,92870.0,2.0,0.0,2025-10-16,web,ios,ecuador,rechazado,0.0,-0.06896551724137931,0.5169088690158756,0.6810344827586207,2.4972194765964915,0.0,-0.8352059925093633,-0.6712706795191303,-0.25,-0.5,-0.027868800795079914,1.0,0.7862976999428236,1.0,1.0481792982627587,1.0,1.8026211811676363,1.0,0.0068301062973813,1.0,-1.1857994103188598,1.0,-1.3893598669928862,1.0,-0.42741696705649357,1.0,-1.154978408707881,0.0
CLI-2472,Nélida de Diaz,42.0,otro,ibarra,2225840.0,independiente,65.0,209328.0,36.0,7900.0,878242.0,4.0,3.0,06-25-2025,app,desconocido,ecuador (vpn),aprobado,1.0,-0.1724137931034483,0.013724514911596998,-0.3793103448275862,0.0289252953728765,0.0,0.8052434456928839,0.2459178167940001,0.25,1.0,-0.19143944416027134,1.0,0.0655572599652644,1.0,-0.6087697281419301,1.0,-0.04276655025276631,1.0,0.0068301062973813,1.0,1.2532589090396693,1.0,0.5456414607589054,1.0,0.5731179750185994,1.0,1.364018092104731,1.0
CLI-3472,Ani Boada-Torre,34.0,femenino,sto. domingo,3827430.0,empleado,195.0,22610.0,24.0,7810.0,417235.0,4.0,1.0,19 de February de 2026,desconocido,android,ecuador,pendiente,0.0,-0.4482758620689655,0.8349853345366534,0.7413793103448276,-0.4022821538433115,-0.5,0.7715355805243446,-0.2924643984108039,0.25,0.0,-0.6453928909647655,1.0,1.2141631869349365,1.0,1.1281487960115968,1.0,-1.671392303303195,1.0,-0.7243013537000694,1.0,1.2035838546633646,1.0,-0.37511992221012885,1.0,0.5731179750185994,1.0,0.1590477084166273,1.0
CLI-3891,Javiera Jove Huertas,69.0,femenino,sto. domingo,2199075.0,empleado,29.0,110433.0,48.0,4410.0,730005.0,4.0,2.0,08 de March de 2026,sucursal,ios,ecuador,rechazado,0.0,0.7586206896551724,0.0,-0.6896551724137931,-0.1994632943197879,0.5,-0.50187265917603,0.07280078291964563,0.25,0.5,1.1846571514076158,1.0,0.04494689081865905,1.0,-1.2865101964600696,1.0,-0.5736365434943423,1.0,0.6867732139686339,1.0,-0.6858374455772259,1.0,0.28003921435576035,1.0,0.5731179750185994,1.0,0.8765503230843952,1.0
CLI-2567,Raquel de Lastra,56.0,masculino,manta,2950060.0,independiente,169.0,973674.0,24.0,6000.0,392498.0,2.0,2.0,desconocido,app,desconocido,ecuador (vpn),aprobado,1.0,0.3103448275862069,0.38508891578126925,0.5172413793103449,1.794109632065624,-0.5,0.09363295880149813,-0.3213532457765082,-0.25,0.5,0.5467223259835524,1.0,0.6033130327102908,1.0,0.8256791759936113,1.0,1.488609342429289,1.0,-0.7243013537000694,1.0,0.20117366292539893,1.0,-0.43506452966901854,1.0,-0.42741696705649357,1.0,0.8765503230843952,1.0
CLI-4421,Consuela Salinas-Perelló,72.0,desconocido,desconocido,1349240.0,empleado,73.0,324751.0,48.0,4670.0,1089298.0,4.0,0.0,14/04/2025,web,android,ecuador,pendiente,0.0,0.8620689655172413,-0.4357770644459942,-0.3103448275862069,0.2954837279336369,0.5,-0.4044943820224719,0.4923973644196655,0.25,-0.5,1.3266661942191638,1.0,-0.6468069568150658,1.0,-0.47835656094852175,1.0,0.3557400652817372,1.0,0.6867732139686339,1.0,-0.5402958878760684,1.0,0.8917223930946274,1.0,0.5731179750185994,1.0,-1.154978408707881,0.0
CLI-3452,Silvestre Conde,49.0,femenino,ibarra,2598340.0,desempleado,64.0,38777.0,48.0,4360.0,1325951.0,2.0,3.0,08 de August de 2025,desconocido,android,ecuador,rechazado,0.0,0.06896551724137931,0.20473448332444516,-0.3879310344827586,-0.364946006115304,0.5,-0.5205992509363296,0.7687701014385447,-0.25,1.0,0.1853682330189416,1.0,0.3466377463675779,1.0,-0.6254520439620257,1.0,-1.329875088880422,1.0,0.6867732139686339,1.0,-0.7138510959850668,1.0,1.2461449707534797,1.0,-0.42741696705649357,1.0,1.364018092104731,1.0
CLI-1582,Alex Huguet Río,68.0,masculino,manta,4045130.0,estudiante,0.0,278108.0,12.0,7270.0,678562.0,2.0,3.0,27/06/2026,desconocido,desconocido,ecuador,rechazado,0.0,0.7241379310344828,0.9466172006399475,-0.9396551724137931,0.18776615890552686,-1.0,0.5692883895131086,0.012723612081066751,-0.25,1.0,1.1369201125057966,1.0,1.3603019781495338,1.0,-2.1896240384638066,0.0,0.21172291391338044,1.0,-1.5406771205288021,1.0,0.9052183416266102,1.0,0.1823893130046483,1.0,-0.42741696705649357,1.0,1.364018092104731,1.0
CLI-4121,Manuela Vila Raya,58.0,femenino,quito,3060340.0,independiente,72.0,539934.0,24.0,8020.0,1481966.0,3.0,1.0,2024-09-16,desconocido,ios,ecuador,rechazado,0.0,0.3793103448275862,0.44163812200024616,-0.31896551724137934,0.7924283853565259,-0.5,0.850187265917603,0.9509705914640271,0.0,0.0,0.6474854195246892,1.0,0.6822585103267316,1.0,-0.4943771528149459,1.0,0.8547427459026794,1.0,-0.7243013537000694,1.0,1.3194697312814996,1.0,1.4646247852116467,1.0,0.08972016254826615,1.0,0.1590477084166273,1.0
CLI-2549,Cruz Haro Mendoza,62.0,otro,sto. domingo,2199075.0,jubilado,218.0,103107.0,12.0,5860.0,1452576.0,3.0,0.0,08 de June de 2026,web,desconocido,peru,rechazado,0.0,0.5172413793103449,0.0,0.9396551724137931,-0.21638199403249794,-1.0,0.04119850187265917,0.9166477865936689,0.0,-0.5,0.8460156933322333,1.0,0.04494689081865905,1.0,1.3841269892583585,1.0,-0.6273503660855682,1.0,-1.5406771205288021,1.0,0.12334123598180102,1.0,1.424273665310228,1.0,0.08972016254826615,1.0,-1.154978408707881,0.0
CLI-1683,Anselmo Soria Landa,68.0,otro,guayaquil,178380.0,estudiante,238.0,33601.0,36.0,6800.0,1239232.0,2.0,1.0,2025-03-07,app,android,ecuador,pendiente,0.0,0.7241379310344828,-1.036168827173155,1.1120689655172413,-0.37689948546460605,0.0,0.39325842696629215,0.6674962220390012,-0.25,0.0,1.1369201125057966,1.0,-1.8528564876060711,1.0,1.5991210975762935,1.0,-1.4235753602020804,1.0,0.0068301062973813,1.0,0.6450671276900083,1.0,1.1197897890692425,1.0,-0.42741696705649357,1.0,0.1590477084166273,1.0
CLI-3935,Isa Páez Sabater,31.0,femenino,ibarra,3416470.0,desempleado,219.0,50982.0,24.0,3220.0,1016848.0,2.0,3.0,17/04/2026,call center,android,ecuador,pendiente,0.0,-0.5517241379310345,0.6242539073717028,0.9482758620689655,-0.33675972028488815,-0.5,-0.947565543071161,0.4077873877998136,-0.25,1.0,-0.8234160113523812,1.0,0.9327319049436639,1.0,1.3950362180519975,1.0,-1.1446143146254268,1.0,-0.7243013537000694,1.0,-1.3550233059976948,1.0,0.7765634963847934,1.0,-0.42741696705649357,1.0,1.364018092104731,1.0
CLI-4499,Concha de Chaves,65.0,masculino,sto. domingo,1999250.0,independiente,161.0,279971.0,60.0,6780.0,677249.0,3.0,0.0,2025-07-06,sucursal,ios,ecuador,aprobado,0.0,0.6206896551724138,-0.10246595151167084,0.4482758620689655,0.19206858008554034,1.0,0.3857677902621723,0.01119023872976426,0.0,-0.5,0.9924533531215401,1.0,-0.11088497301780152,1.0,0.7294035025987983,1.0,0.21784851110127615,1.0,1.3307640862439178,1.0,0.633986832098214,1.0,0.17985498420102863,1.0,0.08972016254826615,1.0,-1.154978408707881,0.0
CLI-3705,Chucho Ramirez,25.0,otro,ibarra,925040.0,estudiante,153.0,136738.0,36.0,8190.0,613509.0,4.0,3.0,27/02/2026,app,desconocido,ecuador,aprobado,0.0,-0.7586206896551724,-0.6532976781392296,0.3793103448275862,-0.13871440052469677,0.0,0.9138576779026217,-0.06324785526263545,0.25,1.0,-1.19530993688497,1.0,-1.030271833133925,1.0,0.6314426078488757,1.0,-0.4024837539395516,1.0,0.0068301062973813,1.0,1.413224927597011,1.0,0.05409463373149015,1.0,0.5731179750185994,1.0,1.364018092104731,1.0
CLI-4531,Esther Berrocal Chacón,70.0,femenino,desconocido,3728740.0,empleado,220.0,483196.0,24.0,5110.0,855112.0,4.0,0.0,10-21-2024,sucursal,desktop,ecuador,pendiente,0.0,0.7931034482758621,0.7843792304221192,0.9568965517241379,0.6613973746686004,-0.5,-0.2397003745318352,0.21890568761225856,0.25,-0.5,1.2321913977431922,1.0,1.147265238964194,1.0,1.4059280443839117,1.0,0.7421560226063556,1.0,-0.7243013537000694,1.0,-0.29446291686206016,1.0,0.5055812658578797,1.0,0.5731179750185994,1.0,-1.154978408707881,0.0
CLI-3187,Florina Bernat Cañas,22.0,masculino,ambato,4030910.0,jubilado,94.0,1229295.0,60.0,7070.0,20712.0,1.0,0.0,2025-10-23,app,android,ecuador,rechazado,0.0,-0.8620689655172413,0.9393254912417442,-0.12931034482758622,2.3844420016073458,1.0,0.4943820224719101,-0.7555396469854557,-0.5,-0.5,-1.3907510032894055,1.0,1.3508145308773325,1.0,-0.15761430475037913,1.0,1.7567881698164765,1.0,1.3307640862439178,1.0,0.7945701894096624,1.0,-1.827027376419161,1.0,-0.9937313799445397,1.0,-1.154978408707881,0.0
CLI-2907,Lope Giralt Coello,46.0,masculino,sto. domingo,1754760.0,empleado,116.0,627879.0,48.0,5750.0,337845.0,3.0,0.0,14/07/2024,app,ios,ecuador,rechazado,0.0,-0.034482758620689655,-0.22783515198752924,0.0603448275862069,0.9955289922681126,0.5,0.0,-0.3851791816247451,0.0,-0.5,0.025941573775701342,1.0,-0.3067184530747429,1.0,0.15257003934467384,1.0,1.0111218805688555,1.0,0.6867732139686339,1.0,0.062153721058298174,1.0,-0.5737413729385848,1.0,0.08972016254826615,1.0,-1.154978408707881,0.0
CLI-2959,Gertrudis Andres Figueroa,48.0,masculino,machala,2667430.0,independiente,37.0,958161.0,12.0,7890.0,849236.0,1.0,2.0,desconocido,call center,desconocido,ecuador,pendiente,0.0,0.034482758620689655,0.24016234565368996,-0.6206896551724138,1.7582838350900205,-1.0,0.8014981273408239,0.21204346231732069,-0.5,0.5,0.1325511349327879,1.0,0.39768012157127275,1.0,-1.1183057357088202,1.0,1.470511466958913,1.0,-1.5406771205288021,1.0,1.2477401795261533,1.0,0.4953284067533359,1.0,-0.9937313799445397,1.0,0.8765503230843952,1.0
CLI-3936,Fabiola Mir Rubio,55.0,desconocido,desconocido,628110.0,independiente,116.0,1084951.0,36.0,3220.0,1118707.0,4.0,0.0,2025-09-19,call center,desktop,ecuador,aprobado,0.0,0.27586206896551724,-0.8055569799401074,0.0603448275862069,2.0510932722418778,0.0,-0.947565543071161,0.5267423582417942,0.25,-0.5,0.49594657480158233,1.0,-1.3242522322718797,1.0,0.15257003934467384,1.0,1.6118110495498659,1.0,0.0068301062973813,1.0,-1.3550233059976948,1.0,0.937499009240782,1.0,0.5731179750185994,1.0,-1.154978408707881,0.0
CLI-4880,Áurea Benítez Martínez,75.0,desconocido,machala,3287290.0,independiente,55.0,223072.0,36.0,6380.0,761932.0,3.0,4.0,desconocido,web,desconocido,rusia,pendiente,1.0,0.9655172413793104,0.5580131886614431,-0.46551724137931033,0.060665755221564296,0.0,0.23595505617977527,0.11008639677115717,0.0,1.5,1.4669462199060965,1.0,0.8426314087752401,1.0,-0.7799061829807394,1.0,0.013161181451656461,1.0,0.0068301062973813,1.0,0.4122010987251939,1.0,0.3391199169116984,1.0,0.08972016254826615,1.0,1.7302388816259997,1.0
CLI-3939,Adriana Galan Cobos,62.0,femenino,quito,1503450.0,estudiante,158.0,462932.0,24.0,3220.0,86319.0,2.0,1.0,desconocido,sucursal,android,ecuador,pendiente,0.0,0.5172413793103449,-0.3567015014152685,0.4224137931034483,0.6145995953922755,-0.5,-0.947565543071161,-0.6789211965217067,-0.25,0.0,0.8460156933322333,1.0,-0.5149430233528431,1.0,0.6928717622509784,1.0,0.6992612735491025,1.0,-0.7243013537000694,1.0,-1.3550233059976948,1.0,-1.420242631146149,1.0,-0.42741696705649357,1.0,0.1590477084166273,1.0
CLI-1070,Coral Guerrero,5.0,femenino,quito,3014750.0,independiente,14.0,80846.0,60.0,6210.0,38701.0,6.0,0.0,10/08/2024,desconocido,ios,ecuador,rechazado,0.0,-1.4482758620689655,0.41826055298026826,-0.8189655172413793,-0.26779165473474176,1.0,0.17228464419475656,-0.7345313810170014,0.75,-0.5,-2.7186144465288518,1.0,0.6497058765004665,1.0,-1.654055533156114,1.0,-0.8128385644070455,1.0,1.3307640862439178,1.0,0.3178351882918907,1.0,-1.6876364236130892,1.0,1.4693164031674129,1.0,-1.154978408707881,0.0
CLI-3264,Iker Aarón Osorio Hernandez,64.0,otro,quito,1653970.0,desconocido,155.0,286399.0,48.0,5000.0,19251.0,4.0,2.0,24 de August de 2025,web,android,ecuador,aprobado,0.0,0.5862068965517241,-0.2795180908233171,0.39655172413793105,0.20691343426972,0.5,-0.2808988764044944,-0.7572458605926552,0.25,0.5,0.9438655831854961,1.0,-0.38931406249156625,1.0,0.6560971099557745,1.0,0.23872608666232387,1.0,0.6867732139686339,1.0,-0.3558682758971353,1.0,-1.840379486718034,1.0,0.5731179750185994,1.0,0.8765503230843952,1.0
CLI-4419,Eliseo Castro,33.0,femenino,cuenca,2199075.0,independiente,173.0,916425.0,60.0,3430.0,473125.0,4.0,3.0,12/05/2026,desconocido,ios,ecuador,pendiente,0.0,-0.4827586206896552,0.0,0.5517241379310345,1.6618985155145816,1.0,-0.8689138576779026,-0.22719384501834675,0.25,1.0,-0.7042092660851709,1.0,0.04494689081865905,1.0,0.8732187476401274,1.0,1.4205779069202453,1.0,1.3307640862439178,1.0,-1.2365261816229196,1.0,-0.24519614748646837,1.0,0.5731179750185994,1.0,1.364018092104731,1.0
CLI-1215,Ambrosio Barrera,47.0,desconocido,desconocido,2199075.0,desconocido,109.0,196803.0,36.0,5750.0,667667.0,3.0,1.0,desconocido,desconocido,desconocido,ecuador,rechazado,0.0,0.0,0.0,0.0,0.0,0.0,0.0,0.0,0.0,0.0,0.07941182896138738,1.0,0.04494689081865905,1.0,0.05629167104489695,1.0,-0.09646962235387585,1.0,0.0068301062973813,1.0,0.062153721058298174,1.0,0.161293931918486,1.0,0.08972016254826615,1.0,0.1590477084166273,1.0
CLI-1267,Liliana Paredes Alfaro,55.0,femenino,cuenca,1464460.0,jubilado,225.0,195348.0,12.0,8450.0,1324653.0,0.0,1.0,25 de March de 2025,app,desconocido,ecuador,aprobado,0.0,0.27586206896551724,-0.37669473273987775,1.0,-0.003360184013376073,-1.0,1.0112359550561798,0.7672542456807454,-0.75,0.0,0.49594657480158233,1.0,-0.5479655252064177,1.0,1.4601298211935876,1.0,-0.10289169372086364,1.0,-1.5406771205288021,1.0,1.5565189002116586,1.0,1.2442810631028896,1.0,-1.6454266338532069,0.0,0.1590477084166273,1.0
CLI-1986,Angélica Caparrós Barrio,53.0,otro,ibarra,2345360.0,desconocido,81.0,192322.0,36.0,4460.0,73514.0,6.0,0.0,28 de February de 2026,web,ios,colombia,pendiente,0.0,0.20689655172413793,0.07501179390408992,-0.2413793103448276,-0.010348442999270228,0.0,-0.48314606741573035,-0.6938753821754983,0.75,-0.5,0.39357587886174883,1.0,0.1568858554013522,1.0,-0.352813345729419,1.0,-0.11637670252520325,1.0,0.0068301062973813,1.0,-0.6578319529393265,1.0,-1.4837647435947807,1.0,1.4693164031674129,1.0,-1.154978408707881,0.0
CLI-4072,Vanesa Tormo Carrión,54.0,otro,quito,2199075.0,empleado,100.0,108288.0,12.0,8300.0,1773.0,1.0,1.0,07-24-2024,web,desktop,ecuador,rechazado,0.0,0.2413793103448276,0.0,-0.07758620689655173,-0.2044169676590949,-1.0,0.9550561797752809,-0.7776573605424382,-0.5,0.0,0.44489989639032784,1.0,0.04494689081865905,1.0,-0.07072247627360177,1.0,-0.5890478261434642,1.0,-1.5406771205288021,1.0,1.473863352385727,1.0,-2.0759686716544503,1.0,-0.9937313799445397,1.0,0.1590477084166273,1.0
CLI-1617,Martirio del Salas,40.0,desconocido,guayaquil,1611270.0,independiente,29.0,103933.0,36.0,7660.0,52245.0,0.0,1.0,23 de September de 2025,desconocido,desktop,ecuador,aprobado,0.0,-0.2413793103448276,-0.3014137301554744,-0.6896551724137931,-0.2144744256510212,0.0,0.7153558052434457,-0.7187141619232916,-0.75,0.0,-0.3023775888082796,1.0,-0.42466519552688947,1.0,-1.2865101964600696,1.0,-0.6211377692188992,1.0,0.0068301062973813,1.0,1.1207593249388812,1.0,-1.6013263069483519,1.0,-1.6454266338532069,0.0,0.1590477084166273,1.0
CLI-4826,Nerea Rodrigo Pinilla,63.0,femenino,guayaquil,3732620.0,estudiante,111.0,183188.0,48.0,7710.0,1029581.0,2.0,1.0,24/02/2026,app,desconocido,ecuador,pendiente,0.0,0.5517241379310345,0.786368810764245,0.017241379310344827,-0.03144254662688332,0.5,0.7340823970037453,0.4226574890047905,-0.25,0.0,0.8950545429529138,1.0,1.149903237463763,1.0,0.08401389943884627,1.0,-0.15818396969825618,1.0,0.6867732139686339,1.0,1.1483720913918585,1.0,0.7970585146328073,1.0,-0.42741696705649357,1.0,0.1590477084166273,1.0
CLI-3044,Plinio Novoa,51.0,femenino,manta,3577350.0,jubilado,156.0,784057.0,24.0,3750.0,667667.0,0.0,3.0,28 de November de 2024,web,desconocido,ecuador,rechazado,0.0,0.13793103448275862,0.7067497025885056,0.4051724137931034,1.356207218275706,-0.5,-0.7490636704119851,0.0,-0.75,1.0,0.2900687935278137,1.0,1.0438163990009324,1.0,0.6683827027555831,1.0,1.248546037073688,1.0,-0.7243013537000694,1.0,-1.0563136590852213,1.0,0.161293931918486,1.0,-1.6454266338532069,0.0,1.364018092104731,1.0
CLI-4650,José Antonio Torres-Iglesias,37.0,masculino,desconocido,1882120.0,jubilado,202.0,728411.0,60.0,6770.0,194657.0,0.0,0.0,25/04/2026,call center,desconocido,ecuador,aprobado,0.0,-0.3448275862068966,-0.16252769003568937,0.8017241379310345,1.2276980776514277,1.0,0.38202247191011235,-0.5523997935259646,-0.75,-0.5,-0.47186551462805226,1.0,-0.20394640642776357,1.0,1.207121196682738,1.0,1.1688934822458552,1.0,1.3307640862439178,1.0,0.6284463695714099,1.0,-0.9944588982406763,1.0,-1.6454266338532069,0.0,-1.154978408707881,0.0
CLI-3921,Andrea Puerta Arnal,42.0,masculino,guayaquil,2199075.0,empleado,238.0,389609.0,60.0,-10.0,453761.0,3.0,2.0,17/05/2025,sucursal,ios,ecuador,pendiente,0.0,-0.1724137931034483,0.0,1.1120689655172413,0.44526710576150313,1.0,-2.157303370786517,-0.24980789039124962,0.0,0.5,-0.19143944416027134,1.0,0.04494689081865905,1.0,1.5991210975762935,1.0,0.5296567120070474,1.0,1.3307640862439178,1.0,-3.2285394430448684,-1.0,-0.28940250485919955,1.0,0.08972016254826615,1.0,0.8765503230843952,1.0
CLI-3689,Quirino Estrada Valera,34.0,otro,loja,1627070.0,desempleado,137.0,10366.0,48.0,4650.0,8715.0,6.0,2.0,2025-07-16,web,ios,ecuador,aprobado,0.0,-0.4482758620689655,-0.29331183082413753,0.2413793103448276,-0.4305585064617147,0.5,-0.41198501872659177,-0.7695502182692151,0.75,0.5,-0.6453928909647655,1.0,-0.41155873085154804,1.0,0.4299716577377605,1.0,-2.114201033251575,1.0,0.6867732139686339,1.0,-0.5514838520297609,1.0,-1.954879653090131,1.0,1.4693164031674129,1.0,0.8765503230843952,1.0
CLI-4054,Vinicio Sola Maestre,70.0,masculino,cuenca,2199075.0,desempleado,6.0,228448.0,60.0,5360.0,39127.0,0.0,2.0,desconocido,desconocido,ios,ecuador,aprobado,0.0,0.7931034482758621,0.0,-0.8879310344827587,0.07308111553490435,1.0,-0.14606741573033707,-0.734033881361514,-0.75,0.5,1.2321913977431922,1.0,0.04494689081865905,1.0,-1.9065555468267243,1.0,0.034256993261187536,1.0,1.3307640862439178,1.0,-0.15503038601004634,1.0,-1.6847354684556008,1.0,-1.6454266338532069,0.0,0.8765503230843952,1.0
CLI-1648,Claudia Morcillo,40.0,femenino,loja,4100460.0,desconocido,16.0,104075.0,60.0,6470.0,210059.0,6.0,3.0,02 de July de 2026,app,android,colombia,aprobado,0.0,-0.2413793103448276,0.9749892316527875,-0.8017241379310345,-0.21414649016655427,1.0,0.2696629213483146,-0.5344127285170073,0.75,1.0,-0.3023775888082796,1.0,1.3971423405262577,1.0,-1.5993022202629956,1.0,-0.6200738973782034,1.0,1.3307640862439178,1.0,0.4621332655671578,1.0,-0.943773352566182,1.0,1.4693164031674129,1.0,1.364018092104731,1.0
CLI-4018,Felipe Tamarit,56.0,masculino,quito,2199075.0,independiente,46.0,1026953.0,36.0,3930.0,252234.0,1.0,0.0,19/10/2025,web,ios,ecuador,rechazado,0.0,0.3103448275862069,0.0,-0.5431034482758621,1.9171524114805132,0.0,-0.6816479400749064,-0.48515909478419494,-0.5,-0.5,0.5467223259835524,1.0,0.04494689081865905,1.0,-0.943376756073975,1.0,1.5489873241154795,1.0,0.0068301062973813,1.0,-0.9551198929971917,1.0,-0.8127966876915452,1.0,-0.9937313799445397,1.0,-1.154978408707881,0.0
CLI-3142,Bautista Cifuentes Olivé,60.0,femenino,cuenca,1839650.0,independiente,57.0,769824.0,24.0,3000.0,1199903.0,3.0,0.0,2025-02-15,app,ios,ecuador,rechazado,0.0,0.4482758620689655,-0.18430539032694754,-0.4482758620689655,1.3233374594699454,-0.5,-1.0299625468164795,0.6215662597135055,0.0,-0.5,0.747235570809405,1.0,-0.2380274453519734,1.0,-0.7448715920654982,1.0,1.2286332633148738,1.0,-0.7243013537000694,1.0,-1.4793766198249692,1.0,1.061202252087553,1.0,0.08972016254826615,1.0,-1.154978408707881,0.0
CLI-2514,Marcial Verdú,24.0,otro,ibarra,4204880.0,jubilado,103.0,222365.0,48.0,8310.0,969517.0,0.0,0.0,2025-04-22,app,android,ecuador,aprobado,0.0,-0.7931034482758621,1.028533556221028,-0.05172413793103448,0.05903300601369015,0.5,0.9588014981273408,0.352512373260211,-0.75,-0.5,-1.2596709610745607,1.0,1.4663476182789166,1.0,-0.027958704376317676,1.0,0.010355382261079434,1.0,0.6867732139686339,1.0,1.4793749086265457,1.0,0.6993673777459412,1.0,-1.6454266338532069,0.0,-1.154978408707881,0.0
CLI-3632,Luis Miguel Amigó Mesa,74.0,femenino,sto. domingo,4475760.0,empleado,97.0,327562.0,48.0,6520.0,582572.0,1.0,0.0,27/08/2025,app,android,ecuador,aprobado,0.0,0.9310344827586207,1.1674349796939738,-0.10344827586206896,0.3019754648831903,0.5,0.2883895131086142,-0.09937730794294403,-0.5,-0.5,1.4203727179882517,1.0,1.6440019320592565,1.0,-0.11393478994525327,1.0,0.36385440450410705,1.0,0.6867732139686339,1.0,0.4898656331041376,1.0,-0.009019196231234894,1.0,-0.9937313799445397,1.0,-1.154978408707881,0.0
CLI-1309,Eusebia Solano Ricart,58.0,femenino,machala,2514020.0,empleado,116.0,339835.0,12.0,7690.0,1275159.0,6.0,1.0,17/08/2024,app,android,ecuador,pendiente,0.0,0.3793103448275862,0.16149700537391803,0.0603448275862069,0.330318790241379,-1.0,0.7265917602996255,0.7094531941579993,0.75,0.0,0.6474854195246892,1.0,0.28390296583635866,1.0,0.15257003934467384,1.0,0.39861551557429276,1.0,-1.5406771205288021,1.0,1.137327538527361,1.0,1.1725964174725676,1.0,1.4693164031674129,1.0,0.1590477084166273,1.0
CLI-4812,Felix Carmona-Quintero,69.0,femenino,quito,3614230.0,jubilado,157.0,52195.0,12.0,4610.0,599151.0,5.0,2.0,27/03/2026,app,ios,rusia,rechazado,1.0,0.7586206896551724,0.7256609714074742,0.41379310344827586,-0.33395841223799805,-1.0,-0.42696629213483145,-0.08001569576377876,0.5,0.5,1.1846571514076158,1.0,1.069112040044884,1.0,0.6806408420118275,1.0,-1.128300010743271,1.0,-1.5406771205288021,1.0,-0.5738634943617656,1.0,0.024982211002832495,1.0,1.0312249847783386,1.0,0.8765503230843952,1.0
CLI-3293,Marco Donoso Hierro,74.0,masculino,ambato,3944880.0,desempleado,225.0,119463.0,36.0,7210.0,1216124.0,2.0,0.0,desconocido,web,android,ecuador,rechazado,0.0,0.9310344827586207,0.8952111621610535,1.0,-0.17860936879347455,0.0,0.5468164794007491,0.6405097853277308,-0.25,-0.5,1.4203727179882517,1.0,1.293244710297407,1.0,1.4601298211935876,1.0,-0.511377707325796,1.0,0.0068301062973813,1.0,0.8720322058250367,1.0,1.0854674559197406,1.0,-0.42741696705649357,1.0,-1.154978408707881,0.0
CLI-4417,Adoración Cobos Redondo,37.0,femenino,guayaquil,798190.0,desconocido,98.0,1162751.0,60.0,4830.0,1119163.0,6.0,2.0,03-31-2026,web,desconocido,peru,aprobado,0.0,-0.3448275862068966,-0.7183436230873365,-0.09482758620689655,2.2307649672526395,1.0,-0.3445692883895131,0.5272748930842877,0.75,0.5,-0.47186551462805226,1.0,-1.152599718369826,1.0,-0.09947972291633322,1.0,1.691822995027867,1.0,1.3307640862439178,1.0,-0.4508360354739691,1.0,0.9382045886411667,1.0,1.4693164031674129,1.0,0.8765503230843952,1.0
CLI-1928,Melisa Marisol Morcillo Piquer,48.0,masculino,desconocido,3866610.0,empleado,116.0,118472.0,36.0,4860.0,1039289.0,5.0,3.0,2026-06-30,sucursal,ios,ecuador,rechazado,0.0,0.034482758620689655,0.8550759937646142,0.0603448275862069,-0.18089798897028259,0.0,-0.3333333333333333,0.43399487551998056,0.5,1.0,0.1325511349327879,1.0,1.2406073381766938,1.0,0.15257003934467384,1.0,-0.5180145533943401,1.0,0.0068301062973813,1.0,-0.4340708638123802,1.0,0.8126094636462806,1.0,1.0312249847783386,1.0,1.364018092104731,1.0
CLI-4803,José Manuel Patricio Llano Ribes,39.0,otro,guayaquil,724360.0,empleado,81.0,228431.0,48.0,5770.0,1408155.0,5.0,1.0,03-05-2026,desconocido,android,ecuador,rechazado,0.0,-0.27586206896551724,-0.7562020552159823,-0.2413793103448276,0.07304185565296112,0.5,0.00749063670411985,0.8647711851936628,0.5,0.0,-0.35844956077882295,1.0,-1.2259186827638067,1.0,-0.352813345729419,1.0,0.03419094001029323,1.0,0.6867732139686339,1.0,0.07328094381644945,1.0,1.3625954550926165,1.0,1.0312249847783386,1.0,0.1590477084166273,1.0
CLI-1816,María Bartolomé Plaza,61.0,masculino,desconocido,2707640.0,jubilado,30.0,571264.0,60.0,5310.0,1362757.0,2.0,3.0,01-11-2026,call center,desktop,ecuador,rechazado,0.0,0.4827586206896552,0.2607811666735037,-0.6810344827586207,0.8647820383730704,1.0,-0.1647940074906367,0.8117536045368231,-0.25,1.0,0.7967443292520429,1.0,0.42724125243041916,1.0,-1.264690466210096,1.0,0.912738440087954,1.0,1.3307640862439178,1.0,-0.18290327328209624,1.0,1.2986670768746045,1.0,-0.42741696705649357,1.0,1.364018092104731,1.0
CLI-3361,Maximiano Villalba Herranz,46.0,femenino,manta,3935940.0,empleado,101.0,86124.0,60.0,7430.0,1190338.0,0.0,3.0,10/12/2025,call center,desconocido,ecuador,rechazado,0.0,-0.034482758620689655,0.8906269229191451,-0.06896551724137931,-0.2556026160937803,1.0,0.6292134831460674,0.6103958742563782,-0.75,1.0,0.025941573775701342,1.0,1.2872451453605551,1.0,-0.05641893163366354,1.0,-0.765324326438943,1.0,1.3307640862439178,1.0,0.9936804679136364,1.0,1.0468259923837162,1.0,-1.6454266338532069,0.0,1.364018092104731,1.0
CLI-2215,Gerónimo Marino Giner Gilabert,25.0,masculino,ibarra,4180080.0,desconocido,82.0,337657.0,24.0,4440.0,1204221.0,5.0,0.0,06-02-2026,app,android,ecuador,rechazado,0.0,-0.7586206896551724,1.0158166509414612,-0.23275862068965517,0.32528890654300574,-0.5,-0.49063670411985016,0.6266089909632574,0.5,-0.5,-1.19530993688497,1.0,1.4499486481410033,1.0,-0.33742972686673917,1.0,0.39252402229651456,1.0,-0.7243013537000694,1.0,-0.6690331771115604,1.0,1.067675665352485,1.0,1.0312249847783386,1.0,-1.154978408707881,0.0
CLI-4711,Gastón Glauco Rosa Coello,60.0,masculino,cuenca,646450.0,empleado,13.0,46332.0,36.0,5750.0,1301116.0,5.0,1.0,2024-12-28,call center,ios,ecuador,pendiente,0.0,0.4482758620689655,-0.7961526233744923,-0.8275862068965517,-0.3474984526987705,0.0,0.0,0.7397668057952871,0.5,0.0,0.747235570809405,1.0,-1.3052529630542828,1.0,-1.6823891762716432,1.0,-1.2103195769983202,1.0,0.0068301062973813,1.0,0.062153721058298174,1.0,1.2103413477441443,1.0,1.0312249847783386,1.0,0.1590477084166273,1.0
CLI-3202,Guadalupe de Perera,36.0,femenino,ibarra,337880.0,estudiante,105.0,948492.0,36.0,3780.0,1169266.0,3.0,1.0,2024-12-14,app,ios,ecuador,aprobado,0.0,-0.3793103448275862,-0.9543806662017476,-0.034482758620689655,1.7359541998836059,0.0,-0.7378277153558053,0.5857871589032585,0.0,0.0,-0.5292383727752412,1.0,-1.6469191434276884,1.0,0.00030992763958388725,1.0,1.4591072832318468,1.0,0.0068301062973813,1.0,-1.0394395236636194,1.0,1.0149736493630719,1.0,0.08972016254826615,1.0,0.1590477084166273,1.0
CLI-1179,Artemio Adadia Mendez,0.0,femenino,manta,4179540.0,jubilado,230.0,526007.0,36.0,8170.0,291509.0,5.0,2.0,24/05/2025,app,desconocido,ecuador,rechazado,0.0,-1.6206896551724137,1.0155397505845674,1.043103448275862,0.7602653044257434,0.0,0.9063670411985019,-0.4392921957953104,0.5,0.5,-3.3245457455069203,0.0,1.4495913163041934,1.0,1.5139120182414763,1.0,0.8280561682381316,1.0,0.0068301062973813,1.0,1.402197519516661,1.0,-0.6992907676729427,1.0,1.0312249847783386,1.0,0.8765503230843952,1.0
CLI-2881,Araceli Farré Aznar,54.0,masculino,ibarra,3867560.0,desconocido,229.0,156814.0,12.0,7080.0,761125.0,2.0,1.0,01-15-2025,web,desconocido,ecuador,rechazado,0.0,0.2413793103448276,0.8555631332813718,1.0344827586206897,-0.09235078935456754,-1.0,0.49812734082397003,0.10914395024069173,-0.25,0.0,0.44489989639032784,1.0,1.2412477360072078,1.0,1.5031885492989396,1.0,-0.28951539029767215,1.0,-1.5406771205288021,1.0,0.8001044883467008,1.0,0.3376401800022185,1.0,-0.42741696705649357,1.0,0.1590477084166273,1.0
CLI-4647,Tomasa Francisca Hernando Valenciano,70.0,masculino,ambato,102200.0,desempleado,22.0,1284242.0,60.0,5320.0,639697.0,2.0,1.0,01/05/2026,desconocido,ios,colombia,rechazado,0.0,0.7931034482758621,-1.0752322886327275,-0.75,2.5113368682623114,1.0,-0.16104868913857678,-0.03266447268540037,-0.25,0.0,1.2321913977431922,1.0,-1.9664697028813514,1.0,-1.4471986850469787,1.0,1.808255133338639,1.0,1.3307640862439178,1.0,-0.17732815846419006,1.0,0.10643042394880949,1.0,-0.42741696705649357,1.0,0.1590477084166273,1.0
CLI-1215,Ambrosio Barrera,47.0,desconocido,desconocido,2199075.0,desconocido,109.0,196803.0,36.0,5750.0,667667.0,3.0,1.0,desconocido,desconocido,desconocido,ecuador,rechazado,0.0,0.0,0.0,0.0,0.0,0.0,0.0,0.0,0.0,0.0,0.07941182896138738,1.0,0.04494689081865905,1.0,0.05629167104489695,1.0,-0.09646962235387585,1.0,0.0068301062973813,1.0,0.062153721058298174,1.0,0.161293931918486,1.0,0.08972016254826615,1.0,0.1590477084166273,1.0
CLI-2210,Ligia Ros Cabezas,48.0,masculino,desconocido,2717450.0,estudiante,86.0,1008056.0,24.0,4190.0,1261315.0,3.0,0.0,2026-02-02,web,android,ecuador,rechazado,0.0,0.034482758620689655,0.2658115231570743,-0.19827586206896552,1.8735115885933877,-0.5,-0.5842696629213483,0.693285623194228,0.0,-0.5,0.1325511349327879,1.0,0.43443733580715826,1.0,-0.2765345842800862,1.0,1.5278781589202264,1.0,-0.7243013537000694,1.0,-0.809159837791208,1.0,1.152326797184836,1.0,0.08972016254826615,1.0,-1.154978408707881,0.0
CLI-1337,Hortensia de Ribera,26.0,masculino,manta,943410.0,empleado,3.0,126405.0,24.0,7570.0,1173792.0,1.0,1.0,2025-10-24,app,desktop,ecuador,rechazado,0.0,-0.7241379310344828,-0.6438779382204537,-0.9137931034482759,-0.16257748053171736,-0.5,0.6816479400749064,0.5910728007829197,-0.5,0.0,-1.1316825600056744,1.0,-1.0128995624084602,1.0,-2.0267474499789353,1.0,-0.46613243012222927,1.0,-0.7243013537000694,1.0,1.0710446547346324,1.0,1.0218363486605209,1.0,-0.9937313799445397,1.0,0.1590477084166273,1.0
CLI-4558,Macaria Arco Palomares,34.0,masculino,sto. domingo,2199075.0,jubilado,122.0,180512.0,24.0,4400.0,1133945.0,5.0,4.0,2025-11-27,app,android,ecuador (vpn),aprobado,1.0,-0.4482758620689655,0.0,0.11206896551724138,-0.03762251392571107,-0.5,-0.5056179775280899,0.5445378975617845,0.5,1.5,-0.6453928909647655,1.0,0.04494689081865905,1.0,0.23349383451168848,1.0,-0.17076158331972716,1.0,-0.7243013537000694,1.0,-0.6914395199985646,1.0,0.9610088490941425,1.0,1.0312249847783386,1.0,1.7302388816259997,1.0
CLI-3935,Cloe Font Mesa,20.0,femenino,desconocido,92290.0,estudiante,14.0,463158.0,12.0,3530.0,143745.0,6.0,1.0,2024-09-14,app,android,ecuador,rechazado,0.0,-0.9310344827586207,-1.0803139229601673,-0.8189655172413793,0.6151215208816384,-1.0,-0.8314606741573034,-0.6118568415545346,0.75,0.0,-1.5252770679937777,1.0,-1.9825402315476917,1.0,-1.654055533156114,1.0,0.6997482347995475,1.0,-1.5406771205288021,1.0,-1.180165174362733,1.0,-1.176177086373988,1.0,1.4693164031674129,1.0,0.1590477084166273,1.0
CLI-3684,Abraham Reina Albero,67.0,femenino,loja,4486410.0,empleado,206.0,1082526.0,12.0,6500.0,1172931.0,3.0,2.0,2024-07-15,sucursal,android,ecuador,aprobado,0.0,0.6896551724137931,1.1728960700660458,0.8362068965517241,2.0454929655529175,-1.0,0.2808988764044944,0.5900672909158431,0.0,0.5,1.0889764576997847,1.0,1.6509333865222466,1.0,1.251818538311037,1.0,1.6092410927429275,1.0,-1.5406771205288021,1.0,0.4787733440525874,1.0,1.0205317289511413,1.0,0.08972016254826615,1.0,0.8765503230843952,1.0
CLI-3283,Jerónimo Carpio Correa,69.0,masculino,machala,897070.0,jubilado,147.0,969816.0,36.0,6630.0,1162117.0,3.0,0.0,02/07/2025,app,android,ecuador,rechazado,0.0,0.7586206896551724,-0.6676400910694507,0.3275862068965517,1.785199948269332,0.0,0.3295880149812734,0.577438273839693,0.0,-0.5,1.1846571514076158,1.0,-1.0568816601614692,1.0,0.556794692585294,1.0,1.4841311016628282,1.0,0.0068301062973813,1.0,0.5508576720972044,1.0,1.0041098162160718,1.0,0.08972016254826615,1.0,-1.154978408707881,0.0
CLI-3498,Dolores Pablo,47.0,femenino,manta,2199075.0,empleado,28.0,566996.0,48.0,5980.0,1496408.0,4.0,1.0,desconocido,web,ios,peru,aprobado,0.0,0.0,0.0,-0.6982758620689655,0.8549254986005007,0.5,0.08614232209737828,0.9678365304887876,0.25,0.0,0.07941182896138738,1.0,0.04494689081865905,1.0,-1.308586937982773,1.0,0.9049964439308988,1.0,0.6867732139686339,1.0,0.1900576266343467,1.0,1.484323553789304,1.0,0.5731179750185994,1.0,0.1590477084166273,1.0
CLI-3125,Regina Castrillo Juárez,75.0,femenino,manta,1204840.0,empleado,32.0,937371.0,24.0,4570.0,1353001.0,2.0,3.0,10-29-2024,app,desconocido,ecuador,aprobado,0.0,0.9655172413793104,-0.5098222709931493,-0.6637931034482759,1.710271308878276,-0.5,-0.4419475655430712,0.8003601617224232,-0.25,1.0,1.4669462199060965,1.0,-0.7735809178063568,1.0,-1.2217782811613032,1.0,1.4458699393024648,1.0,-0.7243013537000694,1.0,-0.5962481254760795,1.0,1.2848068844355502,1.0,-0.42741696705649357,1.0,1.364018092104731,1.0
CLI-4210,Daniel Samuel Flor Colom,58.0,otro,loja,1878870.0,empleado,113.0,188179.0,12.0,4910.0,768661.0,0.0,0.0,2024-07-20,web,ios,ecuador,pendiente,0.0,0.3793103448275862,-0.16419421996143907,0.034482758620689655,-0.019916307169316323,-1.0,-0.3146067415730337,0.11794478921663658,-0.75,-0.5,0.6474854195246892,1.0,-0.20654792082037407,1.0,0.11156279128500424,1.0,-0.13512959098338648,1.0,-1.5406771205288021,1.0,-0.40613480998229057,1.0,0.3514315785847184,1.0,-1.6454266338532069,0.0,-1.154978408707881,0.0
CLI-1215,Ambrosio Barrera,47.0,desconocido,desconocido,2199075.0,desconocido,109.0,196803.0,36.0,5750.0,667667.0,3.0,1.0,desconocido,desconocido,desconocido,ecuador,rechazado,0.0,0.0,0.0,0.0,0.0,0.0,0.0,0.0,0.0,0.0,0.07941182896138738,1.0,0.04494689081865905,1.0,0.05629167104489695,1.0,-0.09646962235387585,1.0,0.0068301062973813,1.0,0.062153721058298174,1.0,0.161293931918486,1.0,0.08972016254826615,1.0,0.1590477084166273,1.0
CLI-2537,Adora Rivera Trillo,24.0,femenino,cuenca,2250280.0,empleado,75.0,256133.0,12.0,6500.0,1097978.0,4.0,4.0,18/09/2024,desconocido,desconocido,nigeria,aprobado,1.0,-0.7931034482758621,0.026256819953234607,-0.29310344827586204,0.13701698798185732,-1.0,0.2808988764044944,0.5025342118601115,0.25,1.5,-1.2596709610745607,1.0,0.08432572739042049,1.0,-0.4465415954113239,1.0,0.13675574175904096,1.0,-1.5406771205288021,1.0,0.4787733440525874,1.0,0.9052893674510569,1.0,0.5731179750185994,1.0,1.7302388816259997,1.0
CLI-3356,Desiderio Madrigal Gordillo,44.0,otro,ambato,701470.0,empleado,227.0,190673.0,48.0,4820.0,1079732.0,5.0,0.0,18/08/2024,app,desktop,ecuador,aprobado,0.0,-0.10344827586206896,-0.767939553677647,1.0172413793103448,-0.01415665154776311,0.5,-0.34831460674157305,0.4812258111229712,0.5,-0.5,-0.08202892461808767,1.0,-1.249006194722496,1.0,1.4816923507611228,1.0,-0.12379997098241116,1.0,0.6867732139686339,1.0,-0.45642501966899596,1.0,0.8767152210205089,1.0,1.0312249847783386,1.0,-1.154978408707881,0.0
CLI-4545,Candela del Roldan,61.0,desconocido,ambato,3326690.0,independiente,25.0,119614.0,60.0,3240.0,1048382.0,0.0,2.0,06-03-2026,web,desconocido,ecuador,aprobado,0.0,0.4827586206896552,0.5782166591459162,-0.7241379310344828,-0.17826064866562588,1.0,-0.9400749063670412,0.4446140407015446,-0.75,0.5,0.7967443292520429,1.0,0.8702001143039468,1.0,-1.3764849799789398,1.0,-0.5103704790413266,1.0,1.3307640862439178,1.0,-1.3437295087092496,1.0,0.827117239470209,1.0,-1.6454266338532069,0.0,0.8765503230843952,1.0
CLI-4018,Felipe Tamarit,18.0,femenino,desconocido,3457610.0,desconocido,216.0,305904.0,60.0,4430.0,37145.0,2.0,1.0,07-04-2025,app,desconocido,ecuador,aprobado,0.0,-1.0,0.6453496123395004,0.9224137931034483,0.2519583752875209,1.0,-0.4943820224719101,-0.7363485393830537,-0.25,0.0,-1.663682524383616,1.0,0.9612547210269845,1.0,1.362255893287546,1.0,0.29976838621182195,1.0,1.3307640862439178,1.0,-0.6746342748890135,1.0,-1.6983541220702443,1.0,-0.42741696705649357,1.0,0.1590477084166273,1.0
CLI-1498,Domitila Torres Trujillo,28.0,femenino,quito,3436630.0,empleado,106.0,97593.0,36.0,7890.0,685431.0,0.0,1.0,desconocido,call center,android,ecuador,pendiente,0.0,-0.6551724137931034,0.6345915206957378,-0.02586206896551724,-0.22911605221102418,0.0,0.8014981273408239,0.020745502065908195,-0.75,0.0,-1.0064912487126259,1.0,0.9467192219312559,1.0,0.014373925441329297,1.0,-0.6699212654273562,1.0,0.0068301062973813,1.0,1.2477401795261533,1.0,0.19561261962700724,1.0,-1.6454266338532069,0.0,0.1590477084166273,1.0
CLI-4591,Eva Montesinos Calvo,52.0,femenino,quito,3307510.0,desconocido,30.0,580909.0,36.0,7180.0,977364.0,2.0,0.0,desconocido,call center,ios,ecuador,aprobado,0.0,0.1724137931034483,0.5683815686917997,-0.6810344827586207,0.8870562478638006,0.0,0.5355805243445693,0.3616764103414529,-0.25,-0.5,0.34196783666934744,1.0,0.8567893893068328,1.0,-1.264690466210096,1.0,0.930057890940178,1.0,0.0068301062973813,1.0,0.8554364808827346,1.0,0.7122788274797359,1.0,-0.42741696705649357,1.0,-1.154978408707881,0.0
CLI-1862,Santos Gabaldón,33.0,masculino,quito,725760.0,independiente,37.0,760355.0,12.0,5890.0,868905.0,5.0,1.0,11/02/2026,call center,android,peru,rechazado,0.0,-0.4827586206896552,-0.7554841654018132,-0.6206896551724138,1.3014697052275688,-1.0,0.052434456928838954,0.2350136987581194,0.5,0.0,-0.7042092660851709,1.0,-1.2245122932238655,1.0,-1.1183057357088202,1.0,1.2152147341265496,1.0,-1.5406771205288021,1.0,0.14002359631963318,1.0,0.5295268703231677,1.0,1.0312249847783386,1.0,0.1590477084166273,1.0
CLI-4158,Mamen Roma Agustí,54.0,femenino,desconocido,2745760.0,empleado,127.0,1015869.0,36.0,7940.0,609139.0,3.0,0.0,22 de September de 2024,app,ios,ecuador,aprobado,0.0,0.2413793103448276,0.2803282807564508,0.15517241379310345,1.8915549684535302,0.0,0.8202247191011236,-0.0683513141698646,0.0,-0.5,0.44489989639032784,1.0,0.45516941570560987,1.0,0.2998760075289511,1.0,1.536645490261932,1.0,0.0068301062973813,1.0,1.2753320347965935,1.0,0.04526610553795611,1.0,0.08972016254826615,1.0,-1.154978408707881,0.0
CLI-4372,Arturo Roda Lloret,54.0,femenino,sto. domingo,704080.0,desconocido,88.0,1155918.0,24.0,4320.0,83119.0,0.0,1.0,2024-08-04,app,ios,ecuador,pendiente,0.0,0.2413793103448276,-0.7666012019526603,-0.1810344827586207,2.214984804116283,-0.5,-0.5355805243445693,-0.682658283135696,-0.75,0.0,0.44489989639032784,1.0,-1.2463647043732113,1.0,-0.24645669744358392,1.0,1.684977743901809,1.0,-0.7243013537000694,1.0,-0.7362679543105839,1.0,-1.4357035138686747,1.0,-1.6454266338532069,0.0,0.1590477084166273,1.0
CLI-1678,Sandra del Arnaiz,61.0,femenino,sto. domingo,2284390.0,empleado,217.0,226163.0,60.0,6380.0,233397.0,5.0,3.0,09 de January de 2026,app,desconocido,ecuador,rechazado,0.0,0.4827586206896552,0.043747692497025883,0.9310344827586207,0.06780412552077078,1.0,0.23595505617977527,-0.5071576887053564,0.5,1.0,0.7967443292520429,1.0,0.11043921660376627,1.0,1.3732002505433907,1.0,0.02534165584698557,1.0,1.3307640862439178,1.0,0.4122010987251939,1.0,-0.8699971017358149,1.0,1.0312249847783386,1.0,1.364018092104731,1.0
CLI-3030,Charo Plana-Urrutia,56.0,desconocido,guayaquil,2199075.0,independiente,85.0,610815.0,36.0,7500.0,1289263.0,4.0,0.0,21/04/2025,web,ios,ecuador,aprobado,0.0,0.3103448275862069,0.0,-0.20689655172413793,0.956121308416395,0.0,0.6554307116104869,0.7259244034091573,0.25,-0.5,0.5467223259835524,1.0,0.04494689081865905,1.0,-0.29166449877925726,1.0,0.9822759288520398,1.0,0.0068301062973813,1.0,1.032367198866131,1.0,1.1931471221355903,1.0,0.5731179750185994,1.0,-1.154978408707881,0.0
CLI-2296,Isidro Ricart Tomé,51.0,masculino,cuenca,4412410.0,desempleado,91.0,169655.0,48.0,6680.0,1380971.0,3.0,2.0,2025-02-20,app,desconocido,ecuador,rechazado,0.0,0.13793103448275862,1.1349504656028224,-0.15517241379310345,-0.06269572205851108,0.5,0.34831460674157305,0.8330246344078236,0.0,0.5,0.2900687935278137,1.0,1.6026895209782057,1.0,-0.20178107384067778,1.0,-0.22344387490829518,1.0,0.6867732139686339,1.0,0.5785727073590663,1.0,1.3244267872531923,1.0,0.08972016254826615,1.0,0.8765503230843952,1.0
CLI-2528,Nazaret Boada Zabaleta,42.0,femenino,machala,402850.0,independiente,98.0,97769.0,48.0,5610.0,522868.0,5.0,1.0,15 de June de 2026,web,desconocido,ecuador,aprobado,0.0,-0.1724137931034483,-0.9210654510399147,-0.09482758620689655,-0.2287095969626708,0.5,-0.052434456928838954,-0.1691020014434497,0.5,0.0,-0.19143944416027134,1.0,-1.5702925243562296,1.0,-0.09947972291633322,1.0,-0.6685318104276868,1.0,0.6867732139686339,1.0,-0.01576487967624729,1.0,-0.13515925221493025,1.0,1.0312249847783386,1.0,0.1590477084166273,1.0
CLI-1777,Jose Miguel Arco Cases,51.0,masculino,cuenca,1560830.0,empleado,28.0,73401.0,24.0,4820.0,728055.0,0.0,0.0,07-05-2025,call center,desconocido,ecuador,rechazado,0.0,0.13793103448275862,-0.3272782746031095,-0.6982758620689655,-0.28498517362105436,-0.5,-0.34831460674157305,0.0705234957642459,-0.75,-0.5,0.2900687935278137,1.0,-0.466713393172764,1.0,-1.308586937982773,1.0,-0.88446781226703,1.0,-0.7243013537000694,1.0,-0.45642501966899596,1.0,0.27639417694170676,1.0,-1.6454266338532069,0.0,-1.154978408707881,0.0
CLI-4804,María Del Carmen Lamas Aroca,52.0,femenino,ibarra,1678040.0,empleado,112.0,758721.0,24.0,3650.0,345172.0,1.0,0.0,2025-12-18,app,ios,ecuador,pendiente,0.0,0.1724137931034483,-0.26717551380399557,0.02586206896551724,1.2976961377513787,-0.5,-0.7865168539325843,-0.37662242111827643,-0.5,-0.5,0.34196783666934744,1.0,-0.3694826332217899,1.0,0.09780975238112712,1.0,1.21288509874386,1.0,-0.7243013537000694,1.0,-1.1125859851623576,1.0,-0.5546032415294063,1.0,-0.9937313799445397,1.0,-1.154978408707881,0.0
CLI-4881,Ambrosio Barrera,57.0,femenino,guayaquil,2199075.0,independiente,150.0,84665.0,36.0,6470.0,114569.0,5.0,0.0,12-31-2025,app,desconocido,colombia,rechazado,0.0,0.3448275862068966,0.0,0.35344827586206895,-0.2589720377264371,0.0,0.2696629213483146,-0.6459297287575821,0.5,-0.5,0.597233303961312,1.0,0.04494689081865905,1.0,0.5942488823083881,1.0,-0.7782101253386299,1.0,0.0068301062973813,1.0,0.4621332655671578,1.0,-1.2933661926319444,1.0,1.0312249847783386,1.0,-1.154978408707881,0.0
CLI-4259,Chus del Ayllón,68.0,desconocido,cuenca,2996680.0,desempleado,183.0,464793.0,60.0,7900.0,1385244.0,6.0,2.0,14/08/2025,app,desconocido,ecuador,rechazado,0.0,0.7241379310344828,0.40899464659310003,0.6379310344827587,0.6188973977626486,1.0,0.8052434456928839,0.8380148128770663,0.75,0.5,1.1369201125057966,1.0,0.6367709513936631,1.0,0.9904201014930888,1.0,0.7032652684594369,1.0,1.3307640862439178,1.0,1.2532589090396693,1.0,1.3304482593548568,1.0,1.4693164031674129,1.0,0.8765503230843952,1.0
CLI-1653,Nilo Bonet Roca,62.0,masculino,cuenca,1282790.0,independiente,23.0,371699.0,60.0,5700.0,804342.0,3.0,0.0,07-26-2024,app,desconocido,ecuador,rechazado,0.0,0.5172413793103449,-0.4698511916970915,-0.7413793103448276,0.40390566543190487,1.0,-0.018726591760299626,0.15961447280218433,0.0,-0.5,0.8460156933322333,1.0,-0.7047220430447803,1.0,-1.4232861573708768,1.0,0.4842049763853191,1.0,1.3307640862439178,1.0,0.034331306318895416,1.0,0.41593595672195394,1.0,0.08972016254826615,1.0,-1.154978408707881,0.0
CLI-1599,Amador Tapia Valverde,34.0,masculino,desconocido,2199075.0,estudiante,118.0,937963.0,60.0,6300.0,226436.0,0.0,1.0,06/05/2026,app,desconocido,ecuador,pendiente,0.0,-0.4482758620689655,0.0,0.07758620689655173,1.7116384765318282,1.0,0.20599250936329588,-0.5152870199303501,-0.75,0.0,-0.6453928909647655,1.0,0.04494689081865905,1.0,0.17970315387331007,1.0,1.446577891459003,1.0,1.3307640862439178,1.0,0.36780176454965274,1.0,-0.8916471615544429,1.0,-1.6454266338532069,0.0,0.1590477084166273,1.0
CLI-3305,Bernardino Molins Benavent,75.0,masculino,manta,176020.0,empleado,139.0,94923.0,12.0,4050.0,1329685.0,3.0,0.0,2025-05-27,app,android,ecuador,rechazado,0.0,0.9655172413793104,-1.0373789842884686,0.25862068965517243,-0.23528216308093078,-1.0,-0.6367041198501873,0.7731308143812435,0.0,-0.5,1.4669462199060965,1.0,-1.8561732358509508,1.0,0.455587899579028,1.0,-0.6912606835757048,1.0,-1.5406771205288021,1.0,-0.887723848108296,1.0,1.2515024523800609,1.0,0.08972016254826615,1.0,-1.154978408707881,0.0
CLI-1769,Miguel Ángel Terrón Pera,45.0,otro,ambato,2198590.0,empleado,95.0,102223.0,12.0,8110.0,509733.0,3.0,1.0,12 de August de 2025,call center,desconocido,ecuador,pendiente,0.0,-0.06896551724137931,-0.0002486975427657218,-0.1206896551724138,-0.21842350789354567,-1.0,0.8838951310861424,-0.18444157415430898,0.0,0.0,-0.027868800795079914,1.0,0.04457286739009141,1.0,-0.14300134766817957,1.0,-0.6340453772406354,1.0,-1.5406771205288021,1.0,1.3691111271078498,1.0,-0.16374916885750948,1.0,0.08972016254826615,1.0,0.1590477084166273,1.0
CLI-3039,Goyo Correa Porras,30.0,masculino,quito,2199075.0,empleado,213.0,96401.0,12.0,5470.0,1107519.0,3.0,1.0,desconocido,app,desconocido,ecuador,rechazado,0.0,-0.5862068965517241,0.0,0.896551724137931,-0.23186886275669036,-1.0,-0.10486891385767791,0.513676569167634,0.0,0.0,-0.8838487923359118,1.0,0.04494689081865905,1.0,1.3293160063010825,1.0,-0.679387097271487,1.0,-1.5406771205288021,1.0,-0.093733453525226,1.0,0.9201476215217973,1.0,0.08972016254826615,1.0,0.1590477084166273,1.0
CLI-1537,Liliana Piedad Cerezo Baños,51.0,masculino,quito,3120550.0,empleado,221.0,1273943.0,60.0,7550.0,808931.0,4.0,1.0,20/01/2025,call center,ios,ecuador,pendiente,0.0,0.13793103448275862,0.4725125117939041,0.9655172413793104,2.4875523080191773,1.0,0.6741573033707865,0.16497368857455838,0.25,0.0,0.2900687935278137,1.0,0.7250738206790626,1.0,1.4168025745713373,1.0,1.7987502342204456,1.0,1.3307640862439178,1.0,1.059994894335738,1.0,0.4241395378412831,1.0,0.5731179750185994,1.0,0.1590477084166273,1.0
CLI-3041,Caridad del Álamo,58.0,masculino,ambato,1494930.0,empleado,112.0,758856.0,60.0,5450.0,20512.0,3.0,0.0,2026-04-01,web,android,colombia,rechazado,0.0,0.3793103448275862,-0.3610703737129261,0.02586206896551724,1.2980079074021043,1.0,-0.11235955056179775,-0.7557732148988301,0.0,-0.5,0.6474854195246892,1.0,-0.522141418831261,1.0,0.09780975238112712,1.0,1.2130777302573639,1.0,1.3307640862439178,1.0,-0.10487597633035442,1.0,-1.8288300498816898,1.0,0.08972016254826615,1.0,-1.154978408707881,0.0
CLI-4861,René Arévalo Canals,40.0,otro,machala,260670.0,jubilado,124.0,547128.0,48.0,6440.0,1086272.0,6.0,1.0,2024-10-22,app,android,peru,aprobado,0.0,-0.2413793103448276,-0.9939722894531731,0.12931034482758622,0.809042243632971,0.5,0.25842696629213485,0.4888634818903118,0.75,0.0,-0.3023775888082796,1.0,-1.7427687935715683,1.0,0.2601583786421341,1.0,0.8683034116510265,1.0,0.6867732139686339,1.0,0.44549120484603494,1.0,0.8869815044418353,1.0,1.4693164031674129,1.0,0.1590477084166273,1.0
CLI-1766,Fito Cámara Segarra,64.0,masculino,ambato,3002570.0,desconocido,219.0,135192.0,12.0,8020.0,267173.0,3.0,2.0,19/10/2025,call center,desconocido,colombia,pendiente,0.0,0.5862068965517241,0.41201491159699716,0.9482758620689655,-0.1422847403767101,-1.0,0.850187265917603,-0.46771273949469916,0.0,0.5,0.9438655831854961,1.0,0.6409891866486369,1.0,1.3950362180519975,1.0,-0.4117456758790524,1.0,-1.5406771205288021,1.0,1.3194697312814996,1.0,-0.7687620280793406,1.0,0.08972016254826615,1.0,0.8765503230843952,1.0
CLI-2741,Micaela de Castelló,27.0,masculino,cuenca,3752010.0,independiente,69.0,381946.0,12.0,3020.0,1166676.0,1.0,0.0,2025-05-15,call center,android,ecuador,aprobado,0.0,-0.6896551724137931,0.7963115846904869,-0.3448275862068966,0.42757013662438914,-1.0,-1.0224719101123596,0.5827624544250609,-0.5,-0.5,-1.0687537389404749,1.0,1.1630766560887233,1.0,-0.5429084010836153,1.0,0.5104276568677457,1.0,-1.5406771205288021,1.0,-1.4680623408136155,1.0,1.011041202483187,1.0,-0.9937313799445397,1.0,-1.154978408707881,0.0
CLI-2685,Lucía Millán Pont,35.0,otro,sto. domingo,3102360.0,desempleado,205.0,195197.0,36.0,6280.0,780169.0,0.0,2.0,22 de September de 2025,app,desconocido,ecuador,pendiente,0.0,-0.41379310344827586,0.4631850719940928,0.8275862068965517,-0.0037089041412247236,0.0,0.19850187265917604,0.13138428695219564,-0.75,0.5,-0.5870752304386575,1.0,0.7121598408206071,1.0,1.2406728577736816,1.0,-0.10356046067106249,1.0,0.0068301062973813,1.0,0.3566996748777426,1.0,0.37237743834357706,1.0,-1.6454266338532069,0.0,0.8765503230843952,1.0
CLI-2800,Gregorio Tomas,37.0,femenino,guayaquil,4318420.0,estudiante,46.0,281636.0,24.0,6830.0,1059551.0,6.0,0.0,03-12-2025,sucursal,desconocido,ecuador,rechazado,0.0,-0.3448275862068966,1.0867544201501416,-0.5431034482758621,0.19591373911115628,-0.5,0.4044943820224719,0.4576576408239342,0.75,-0.5,-0.47186551462805226,1.0,1.541134218992699,1.0,-0.943376756073975,1.0,0.22329436203167138,1.0,-0.7243013537000694,1.0,0.661686002164939,1.0,0.8448614918248821,1.0,1.4693164031674129,1.0,-1.154978408707881,0.0
CLI-4150,Jerónimo Jaime Arellano Barberá,145.0,femenino,manta,2470590.0,empleado,183.0,345533.0,24.0,4550.0,1180824.0,1.0,3.0,29/03/2025,call center,android,ecuador,pendiente,0.0,3.3793103448275863,0.13922703778151535,0.6379310344827587,0.34347777890682013,-0.5,-0.449438202247191,0.5992850486171611,-0.5,1.0,4.392743010438484,1.0,0.25139554790381363,1.0,0.9904201014930888,1.0,0.4143991165862097,1.0,-0.7243013537000694,1.0,-0.607442325790495,1.0,1.032475737716129,1.0,-0.9937313799445397,1.0,1.364018092104731,1.0
CLI-4309,Judith Flores Madrigal,38.0,femenino,ambato,1953240.0,desempleado,97.0,102566.0,24.0,8150.0,1100927.0,4.0,2.0,2025-02-22,app,ios,ecuador,rechazado,0.0,-0.3103448275862069,-0.1260588874758994,-0.10344827586206896,-0.2176313820402206,-0.5,0.898876404494382,0.505978170742816,0.25,0.5,-0.4149408651735799,1.0,-0.1472813403985299,1.0,-0.11393478994525327,1.0,-0.6314419374799051,1.0,-0.7243013537000694,1.0,1.3911694179067906,1.0,0.9098879228035858,1.0,0.5731179750185994,1.0,0.8765503230843952,1.0
CLI-3432,Manu Hernandez Tamayo,56.0,femenino,quito,661730.0,empleado,220.0,195069.0,60.0,5460.0,1203546.0,4.0,1.0,18 de October de 2025,web,desconocido,ecuador,aprobado,0.0,0.3103448275862069,-0.7883173688312753,0.9568965517241379,-0.00400450795820901,1.0,-0.10861423220973783,0.625820699255619,0.25,0.0,0.5467223259835524,1.0,-1.2895216553276363,1.0,1.4059280443839117,1.0,-0.10412770062161412,1.0,1.3307640862439178,1.0,-0.099304583866562,1.0,1.066664402150985,1.0,0.5731179750185994,1.0,0.1590477084166273,1.0
CLI-1437,Goyo Joan Palomar Mendez,22.0,femenino,ibarra,236670.0,estudiante,11.0,58756.0,48.0,5550.0,562528.0,0.0,0.0,10 de January de 2025,web,desktop,ecuador,pendiente,0.0,-0.8620689655172413,-1.0062789719817862,-0.8448275862068966,-0.3188064072127331,0.5,-0.0749063670411985,-0.12278548422131962,-0.75,-0.5,-1.3907510032894055,1.0,-1.7738853537536103,1.0,-1.7412941433400335,1.0,-1.0451763402946872,1.0,0.6867732139686339,1.0,-0.04917378861247767,1.0,-0.05070229210794603,1.0,-1.6454266338532069,0.0,-1.154978408707881,0.0
CLI-2391,Silvia de Navarro,59.0,masculino,quito,2520570.0,independiente,12.0,90972.0,24.0,4290.0,631511.0,5.0,1.0,04/04/2026,sucursal,ios,ecuador,aprobado,0.0,0.41379310344827586,0.164855704147352,-0.8362068965517241,-0.24440662152550044,-0.5,-0.5468164794007491,-0.04222440737981179,0.5,0.0,0.6974843537928508,1.0,0.2887939898455421,1.0,-1.7114433593027265,1.0,-0.7237761682427419,1.0,-0.7243013537000694,1.0,-0.7530840947304338,1.0,0.09017429072241469,1.0,1.0312249847783386,1.0,0.1590477084166273,1.0
CLI-4179,Adalberto Sedano Cabo,36.0,femenino,quito,137760.0,estudiante,16.0,910956.0,12.0,8270.0,436908.0,0.0,1.0,25/08/2024,app,ios,peru,aprobado,0.0,-0.3793103448275862,-1.0569978873528325,-0.8017241379310345,1.649268380552964,-1.0,0.9438202247191011,-0.2694894906117377,-0.75,0.0,-0.5292383727752412,1.0,-1.9115672116541578,1.0,-1.5993022202629956,1.0,1.4138947980676075,1.0,-1.5406771205288021,1.0,1.4573276592320852,1.0,-0.3285586678840455,1.0,-1.6454266338532069,0.0,0.1590477084166273,1.0
CLI-1428,Raquel de Castellanos,75.0,otro,ibarra,4071870.0,independiente,148.0,115489.0,48.0,3760.0,993666.0,1.0,0.0,25/11/2024,app,desconocido,ecuador,pendiente,0.0,0.9655172413793104,0.9603288960905771,0.33620689655172414,-0.18778694354890857,0.5,-0.7453183520599251,0.38071453096059477,-0.5,-0.5,1.4669462199060965,1.0,1.3781211602917822,1.0,0.5693087979936433,1.0,-0.5382755800656128,1.0,0.6867732139686339,1.0,-1.0506885633578118,1.0,0.7389567881691204,1.0,-0.9937313799445397,1.0,-1.154978408707881,0.0
CLI-4365,Evaristo Madrid Gallo,49.0,desconocido,quito,1089760.0,desempleado,35.0,778895.0,60.0,3600.0,111496.0,6.0,2.0,2025-05-13,app,android,colombia,rechazado,0.0,0.06896551724137931,-0.5688328137178488,-0.6379310344827587,1.3442860705938866,1.0,-0.8052434456928839,-0.6495184997465788,0.75,0.5,0.1853682330189416,1.0,-0.8772229593073004,1.0,-1.1590838260358767,1.0,1.2413592335755512,1.0,1.3307640862439178,1.0,-1.1407369356082748,1.0,-1.306439739587462,1.0,1.4693164031674129,1.0,0.8765503230843952,1.0
CLI-2230,Cosme Linares,70.0,masculino,manta,3903750.0,empleado,220.0,734213.0,24.0,6880.0,78389.0,2.0,0.0,05-16-2026,web,android,ecuador,pendiente,0.0,0.7931034482758621,0.8741205849776429,0.9568965517241379,1.2410972444181685,-0.5,0.4232209737827715,-0.6881821642869989,-0.25,-0.5,1.2321913977431922,1.0,1.2656157138249229,1.0,1.4059280443839117,1.0,1.177431158087795,1.0,-0.7243013537000694,1.0,0.6893799634255682,1.0,-1.4590462854975517,1.0,-0.42741696705649357,1.0,-1.154978408707881,0.0
CLI-2985,Aroa Nuñez Blasco,63.0,femenino,ibarra,1271830.0,desempleado,143.0,91251.0,48.0,4120.0,60423.0,1.0,0.0,06/07/2025,app,desktop,ecuador,aprobado,0.0,0.5517241379310345,-0.4754712433851581,0.29310344827586204,-0.2437622975806675,0.5,-0.6104868913857678,-0.7091635699454152,-0.5,-0.5,0.8950545429529138,1.0,-0.7143422316296574,1.0,0.5064381804469242,1.0,-0.7214418081972398,1.0,0.6867732139686339,1.0,-0.8484332705414027,1.0,-1.5539960349358946,1.0,-0.9937313799445397,1.0,-1.154978408707881,0.0
CLI-1866,Jose Ramón Manjón Matas,73.0,otro,manta,1433490.0,desempleado,17.0,81547.0,48.0,7290.0,389171.0,6.0,0.0,2025-06-21,call center,desktop,ecuador,rechazado,0.0,0.896551724137931,-0.3925754809861755,-0.7931034482758621,-0.26617276195578876,0.5,0.5767790262172284,-0.32523864801549024,0.75,-0.5,1.3736137957931474,1.0,-0.5743449618009848,1.0,-1.5727802901780215,1.0,-0.8063814773809248,1.0,0.6867732139686339,1.0,0.9162788205113123,1.0,-0.44325242361815914,1.0,1.4693164031674129,1.0,-1.154978408707881,0.0
CLI-3619,Albano Llopis Hierro,25.0,masculino,ambato,1315160.0,desconocido,22.0,45596.0,24.0,5750.0,298256.0,5.0,2.0,12-13-2024,call center,ios,ecuador,aprobado,0.0,-0.7586206896551724,-0.4532525536366247,-0.75,-0.3491981746464301,-0.5,0.0,-0.4314127822376273,0.5,0.5,-1.19530993688497,1.0,-0.6764225961645669,1.0,-1.4471986850469787,1.0,-1.221219236487593,1.0,-0.7243013537000694,1.0,0.062153721058298174,1.0,-0.6804884563049335,1.0,1.0312249847783386,1.0,0.8765503230843952,1.0
CLI-4422,Claudio Carvajal-Sanz,31.0,femenino,ibarra,4326960.0,desempleado,96.0,12584.0,24.0,5590.0,113571.0,3.0,0.0,desconocido,call center,desconocido,ecuador,pendiente,0.0,-0.5517241379310345,1.091133548016573,-0.11206896551724138,-0.42543624657053386,-0.5,-0.0599250936329588,-0.6470952326453201,0.0,-0.5,-0.8234160113523812,1.0,1.5467402713207203,1.0,-0.1284417567600151,1.0,-2.0093884935016093,1.0,-0.7243013537000694,1.0,-0.026900157905151253,1.0,-1.2975948562595208,1.0,0.08972016254826615,1.0,-1.154978408707881,0.0
CLI-3418,Anunciación Rueda Camacho,24.0,masculino,quito,732360.0,estudiante,116.0,227536.0,12.0,6370.0,1426344.0,2.0,2.0,27 de December de 2024,sucursal,ios,colombia,pendiente,0.0,-0.7931034482758621,-0.7520998277064446,0.0603448275862069,0.0709749383388913,-1.0,0.23220973782771537,0.8860130190754915,-0.25,0.5,-1.2596709610745607,1.0,-1.2178908516160762,1.0,0.15257003934467384,1.0,0.030707623982856976,1.0,-1.5406771205288021,1.0,0.4066519677693369,1.0,1.3879530523263064,1.0,-0.42741696705649357,1.0,0.8765503230843952,1.0
CLI-2113,María Corominas Gómez,32.0,femenino,cuenca,3597740.0,desempleado,27.0,820491.0,12.0,8480.0,677876.0,3.0,0.0,desconocido,web,android,peru,pendiente,0.0,-0.5172413793103449,0.7172052549534397,-0.7068965517241379,1.440348073494499,-1.0,1.0224719101123596,0.011922474138192791,0.0,-0.5,-0.763543483957753,1.0,1.0578093462540703,1.0,-1.330932743484377,1.0,1.2981780238285163,1.0,-1.5406771205288021,1.0,1.5730454653121733,1.0,0.18106547839583412,1.0,0.08972016254826615,1.0,-1.154978408707881,0.0
CLI-3466,María Luisa Royo Llobet,53.0,femenino,manta,926820.0,independiente,140.0,579954.0,24.0,7090.0,1014789.0,5.0,0.0,10-13-2025,app,android,ecuador,rechazado,0.0,0.20689655172413793,-0.6523849325183575,0.2672413793103448,0.8848507662605193,-0.5,0.50187265917603,0.40538280613162486,0.5,-0.5,0.39357587886174883,1.0,-1.0285849366624187,1.0,0.4683477868350122,1.0,0.928353754149955,1.0,-0.7243013537000694,1.0,0.8056385864748596,1.0,0.7732387221582129,1.0,1.0312249847783386,1.0,-1.154978408707881,0.0
CLI-2785,Horacio Mena Amor,61.0,masculino,sto. domingo,3547410.0,independiente,141.0,186848.0,60.0,7720.0,1313882.0,3.0,0.0,2025-09-12,desconocido,desconocido,peru,pendiente,0.0,0.4827586206896552,0.6913971161340607,0.27586206896551724,-0.02299012498498887,1.0,0.7378277153558053,0.7546754457059707,0.0,-0.5,0.7967443292520429,1.0,1.0232351132252506,1.0,0.481075929086469,1.0,-0.14122736174024422,1.0,1.3307640862439178,1.0,1.153894091702916,1.0,1.2287828759706387,1.0,0.08972016254826615,1.0,-1.154978408707881,0.0
CLI-4179,Miguel Ibán Ibáñez Saura,0.0,masculino,ambato,2372580.0,jubilado,111.0,976366.0,36.0,7740.0,174688.0,1.0,2.0,16 de December de 2025,desconocido,android,ecuador,rechazado,0.0,-1.6206896551724137,0.08896962300529188,0.017241379310344827,1.8003265498415748,0.0,0.7453183520599251,-0.5757203818368248,-0.5,0.5,-3.3245457455069203,0.0,0.1775287373623915,1.0,0.08401389943884627,1.0,1.4917253657927667,1.0,0.0068301062973813,1.0,1.1649375413047958,1.0,-1.0628901061186227,1.0,-0.9937313799445397,1.0,0.8765503230843952,1.0
CLI-1319,Agustina Azorin Olmo,54.0,masculino,cuenca,1315060.0,empleado,102.0,99713.0,36.0,6350.0,553379.0,2.0,1.0,desconocido,app,desconocido,ecuador,pendiente,0.0,0.2413793103448276,-0.4533038314804939,-0.0603448275862069,-0.22422011399222191,0.0,0.2247191011235955,-0.13347004841862845,-0.25,0.0,0.44489989639032784,1.0,-0.6765097636064461,1.0,-0.04216455565111988,1.0,-0.6533218798871002,1.0,0.0068301062973813,1.0,0.3955530341139913,1.0,-0.06994588837372619,1.0,-0.42741696705649357,1.0,0.1590477084166273,1.0
CLI-2631,Isaura Carnero,20.0,masculino,manta,2963610.0,empleado,220.0,1039114.0,48.0,8020.0,971323.0,4.0,4.0,2025-11-12,app,desktop,nigeria,rechazado,1.0,-0.9310344827586207,0.3920370636255487,0.9568965517241379,1.9452370834988406,0.5,0.850187265917603,0.3546214915179812,0.25,1.5,-1.5252770679937777,1.0,0.6130504076654797,1.0,1.4059280443839117,1.0,1.5624011463143297,1.0,0.6867732139686339,1.0,1.3194697312814996,1.0,0.7023430414442755,1.0,0.5731179750185994,1.0,1.7302388816259997,1.0
CLI-1933,Susanita Morcillo Espada,26.0,desconocido,desconocido,3785880.0,independiente,154.0,161503.0,48.0,7960.0,1231526.0,4.0,3.0,2025-06-24,web,desktop,ecuador,rechazado,0.0,-0.7241379310344828,0.8136793904089921,0.3879310344827586,-0.08152199015269784,0.5,0.8277153558052435,0.6584968503366881,0.25,1.0,-1.1316825600056744,1.0,1.1860488414689128,1.0,0.6437838255471102,1.0,-0.2648826683409114,1.0,0.6867732139686339,1.0,1.2863675255397076,1.0,1.1083756888721552,1.0,0.5731179750185994,1.0,1.364018092104731,1.0
CLI-2680,Amarilis Nereida Bilbao Lladó,38.0,femenino,sto. domingo,1234590.0,empleado,165.0,159352.0,12.0,4530.0,1240843.0,3.0,1.0,05-22-2025,call center,android,ecuador,rechazado,0.0,-0.3103448275862069,-0.49456711244205603,0.4827586206896552,-0.08648951992092598,-1.0,-0.45692883895131087,0.6693776115812314,0.0,0.0,-0.4149408651735799,1.0,-0.7471788487534554,1.0,0.7777450620262626,1.0,-0.2761073866515162,1.0,-1.5406771205288021,1.0,-0.6186377901564849,1.0,1.1221720351901308,1.0,0.08972016254826615,1.0,0.1590477084166273,1.0
CLI-1284,Lorenza Saura Company,28.0,desconocido,cuenca,434520.0,independiente,85.0,250501.0,24.0,3090.0,874738.0,3.0,3.0,2025-09-19,desconocido,android,ecuador,rechazado,0.0,-0.6551724137931034,-0.9048257578865324,-0.20689655172413793,0.1240104200345487,-0.5,-0.9962546816479401,0.24182570695168182,0.0,1.0,-1.0064912487126259,1.0,-1.5340274070064077,1.0,-0.29166449877925726,1.0,0.11668055468494327,1.0,-0.7243013537000694,1.0,-1.4284774341502395,1.0,0.5396028607724938,1.0,0.08972016254826615,1.0,1.364018092104731,1.0
CLI-3579,Jesusa Ana Belén Cantero Valero,18.0,desconocido,guayaquil,2199075.0,desempleado,240.0,77558.0,60.0,5090.0,1087484.0,2.0,0.0,12 de September de 2025,app,ios,ecuador,rechazado,0.0,-1.0,0.0,1.1293103448275863,-0.2753849777835256,1.0,-0.24719101123595505,0.4902789034453603,-0.25,-0.5,-1.663682524383616,1.0,0.04494689081865905,1.0,1.6202659739428393,1.0,-0.8437635348477531,1.0,1.3307640862439178,1.0,-0.305624980443981,1.0,0.8888810652609536,1.0,-0.42741696705649357,1.0,-1.154978408707881,0.0
CLI-3994,Galo Buendía Morata,29.0,otro,manta,4015940.0,empleado,110.0,91702.0,48.0,5320.0,93975.0,1.0,1.0,26/03/2026,call center,android,ecuador,aprobado,0.0,-0.6206896551724138,0.9316491980145218,0.008620689655172414,-0.24272075600676193,0.5,-0.16104868913857678,-0.6699802167977372,-0.5,0.0,-0.9448654062922993,1.0,1.340818068458045,1.0,0.07017471510373664,1.0,-0.7176809091522736,1.0,0.6867732139686339,1.0,-0.17732815846419006,1.0,-1.3842466451218705,1.0,-0.9937313799445397,1.0,0.1590477084166273,1.0
CLI-3076,Teodoro Varela Solé,39.0,femenino,ibarra,3220540.0,empleado,110.0,1027011.0,60.0,3360.0,368871.0,4.0,1.0,desconocido,app,desconocido,ecuador,rechazado,0.0,-0.27586206896551724,0.5237852278787382,0.008620689655172414,1.9172863569600842,1.0,-0.8951310861423221,-0.34894579122298497,0.25,0.0,-0.35844956077882295,1.0,0.7957449516745698,1.0,0.07017471510373664,1.0,1.549051613109835,1.0,1.3307640862439178,1.0,-1.2760039367508256,1.0,-0.4938964722359478,1.0,0.5731179750185994,1.0,0.1590477084166273,1.0
CLI-3059,Andrea Guillen Lamas,24.0,masculino,cuenca,754670.0,estudiante,97.0,5448.0,60.0,5250.0,1196227.0,4.0,0.0,29 de January de 2026,sucursal,desktop,colombia,pendiente,0.0,-0.7931034482758621,-0.7406597407392214,-0.10344827586206896,-0.44191615936740786,1.0,-0.18726591760299627,0.6172732814656854,0.25,-0.5,-1.2596709610745607,1.0,-1.1956126234948583,1.0,-0.11393478994525327,1.0,-2.438784985411088,1.0,1.3307640862439178,1.0,-0.2163596446166744,1.0,1.0556832021507592,1.0,0.5731179750185994,1.0,-1.154978408707881,0.0
CLI-2110,Crescencia Pino Hoyos,32.0,femenino,desconocido,1856910.0,estudiante,31.0,455085.0,24.0,6890.0,297957.0,6.0,1.0,07-02-2025,web,android,ecuador,rechazado,0.0,-0.5172413793103449,-0.17545483447512,-0.6724137931034483,0.5964776957682466,-0.5,0.42696629213483145,-0.43176196626812197,0.75,0.0,-0.763543483957753,1.0,-0.22415437888959006,1.0,-1.2431166039743322,1.0,0.6822290729050517,1.0,-0.7243013537000694,1.0,0.694918134047073,1.0,-0.6813177001352619,1.0,1.4693164031674129,1.0,0.1590477084166273,1.0
CLI-1977,Américo Tejero Querol,52.0,desconocido,ibarra,4250510.0,jubilado,192.0,154228.0,36.0,8150.0,95054.0,2.0,1.0,10/05/2025,web,android,peru,rechazado,0.0,0.1724137931034483,1.0519316363785536,0.7155172413793104,-0.09832291021957822,0.0,0.898876404494382,-0.6687201179050827,-0.25,0.0,0.34196783666934744,1.0,1.4964603470994366,1.0,1.094001079322889,1.0,-0.3033645378033177,1.0,0.0068301062973813,1.0,1.3911694179067906,1.0,-1.379279268547318,1.0,-0.42741696705649357,1.0,0.1590477084166273,1.0
CLI-4861,René Arévalo Canals,18.0,desconocido,loja,647850.0,estudiante,168.0,55644.0,48.0,-10.0,1466219.0,0.0,1.0,desconocido,call center,desconocido,ecuador,aprobado,0.0,-1.0,-0.7954347335603232,0.5086206896551724,-0.3259932750131636,0.5,-2.157303370786517,0.932580621804499,-0.75,0.0,-1.663682524383616,1.0,-1.3038079539393006,1.0,0.8137331275760344,1.0,-1.0835819165250182,1.0,0.6867732139686339,1.0,-3.2285394430448684,-1.0,1.4430492384523035,1.0,-1.6454266338532069,0.0,0.1590477084166273,1.0
CLI-2479,Josefa Cabello Soria,75.0,femenino,cuenca,171720.0,empleado,85.0,200429.0,12.0,4430.0,594462.0,3.0,3.0,2026-01-10,app,ios,ecuador,aprobado,0.0,0.9655172413793104,-1.0395839315748452,-0.20689655172413793,0.008373901878008,-1.0,-0.4943820224719101,-0.08549169549283997,0.0,1.0,1.4669462199060965,1.0,-1.862243878854547,1.0,-0.29166449877925726,1.0,-0.08063593000296956,1.0,-1.5406771205288021,1.0,-0.6746342748890135,1.0,0.01540823692295934,1.0,0.08972016254826615,1.0,1.364018092104731,1.0
CLI-1395,Rita Gabaldón Vázquez,70.0,masculino,quito,1612710.0,independiente,17.0,85501.0,36.0,-10.0,581621.0,1.0,0.0,21/06/2025,desconocido,desconocido,ecuador,aprobado,0.0,0.7931034482758621,-0.3006753292037576,-0.7931034482758621,-0.2570413752967585,0.0,-2.157303370786517,-0.10048792337103898,-0.5,-0.5,1.2321913977431922,1.0,-0.42346941791128695,1.0,-1.5727802901780215,1.0,-0.7708041662931485,1.0,0.0068301062973813,1.0,-3.2285394430448684,-1.0,-0.010982437320108252,1.0,-0.9937313799445397,1.0,-1.154978408707881,0.0
CLI-1050,Jordán de Sarabia,48.0,masculino,quito,2087240.0,empleado,73.0,62623.0,12.0,5750.0,124902.0,5.0,1.0,05-21-2026,app,ios,ecuador,aprobado,0.0,0.034482758620689655,-0.05734657669114329,-0.3103448275862069,-0.3098759387730594,-1.0,0.0,-0.6338624425130973,0.5,0.0,0.1325511349327879,1.0,-0.04182990884494053,1.0,-0.47835656094852175,1.0,-0.9997509041032,1.0,-1.5406771205288021,1.0,0.062153721058298174,1.0,-1.2505018266527526,1.0,1.0312249847783386,1.0,0.1590477084166273,1.0
CLI-2531,Vito Alberto Arteaga Morata,27.0,femenino,guayaquil,3432280.0,desempleado,222.0,181099.0,12.0,5750.0,313514.0,4.0,0.0,2026-02-04,app,ios,ecuador,aprobado,0.0,-0.6896551724137931,0.6323609344874267,0.9741379310344828,-0.036266893296259685,-1.0,0.0,-0.4135938861262995,0.25,-0.5,-1.0687537389404749,1.0,0.9437027833781512,1.0,1.4276599138063724,1.0,-0.16798933517739162,1.0,-1.5406771205288021,1.0,0.062153721058298174,1.0,-0.6386474704473921,1.0,0.5731179750185994,1.0,-1.154978408707881,0.0
CLI-4931,Zoraida Frutos Peláez,50.0,femenino,desconocido,2609120.0,empleado,162.0,9009.0,60.0,4150.0,1269449.0,0.0,1.0,16/02/2025,app,desconocido,peru,aprobado,0.0,0.10344827586206896,0.2102622348935472,0.45689655172413796,-0.43369236880271217,1.0,-0.599250936329588,0.7027848302311621,-0.75,0.0,0.23787146391646838,1.0,0.3546229003663703,1.0,0.7415278238235563,1.0,-2.1879743866580204,1.0,1.3307640862439178,1.0,-0.8315997173515094,1.0,1.1642479734740734,1.0,-1.6454266338532069,0.0,0.1590477084166273,1.0
CLI-4522,Julieta Andres Porcel,31.0,femenino,cuenca,3485030.0,independiente,89.0,364929.0,24.0,5830.0,901499.0,5.0,1.0,05/03/2025,app,desconocido,ecuador,rechazado,0.0,-0.5517241379310345,0.6594099971284407,-0.1724137931034483,0.38827099479922034,-0.5,0.0299625468164794,0.27307826160073434,0.5,0.0,-0.8234160113523812,1.0,0.9802203834056183,1.0,-0.23150688136671793,1.0,0.46654725401904573,1.0,-0.7243013537000694,1.0,0.10665668152518812,1.0,0.585454984592633,1.0,1.0312249847783386,1.0,0.1590477084166273,1.0
CLI-1474,Mayte Espinosa Estrada,53.0,femenino,cuenca,1631410.0,independiente,2.0,1215235.0,12.0,8370.0,13286.0,6.0,0.0,14/10/2025,app,desconocido,ecuador,rechazado,0.0,0.20689655172413793,-0.2910863724002133,-0.9224137931034483,2.351971769835478,-1.0,0.9812734082397003,-0.7642120236090447,0.75,-0.5,0.39357587886174883,1.0,-0.40796391982732355,1.0,-2.0734970923258507,1.0,1.7433106711431674,1.0,-1.5406771205288021,1.0,1.5124406752732222,1.0,-1.9002760055781827,1.0,1.4693164031674129,1.0,-1.154978408707881,0.0
CLI-3172,Concha Salcedo Sales,73.0,masculino,desconocido,2240160.0,desconocido,174.0,101367.0,36.0,7420.0,408886.0,2.0,0.0,desconocido,web,desktop,ecuador,aprobado,0.0,0.896551724137931,0.021067502153669444,0.5603448275862069,-0.2204003584196281,0.0,0.6254681647940075,-0.3022146909546154,-0.25,-0.5,1.3736137957931474,1.0,0.07656009156989384,1.0,0.8850434384794411,1.0,-0.6405745305648393,1.0,0.0068301062973813,1.0,0.9881530297086972,1.0,-0.3951720376733407,1.0,-0.42741696705649357,1.0,-1.154978408707881,0.0
CLI-3959,Nicolasa Dávila Mascaró,48.0,femenino,ambato,1919890.0,jubilado,189.0,224265.0,60.0,7270.0,345028.0,4.0,3.0,2025-04-25,desconocido,ios,peru,pendiente,0.0,0.034482758620689655,-0.1431600484062846,0.6896551724137931,0.06342087517205065,1.0,0.5692883895131086,-0.376790590015906,0.25,1.0,0.1325511349327879,1.0,-0.17379071660717296,1.0,1.059666416512501,1.0,0.01787893856998289,1.0,1.3307640862439178,1.0,0.9052183416266102,1.0,-0.5549776330925038,1.0,0.5731179750185994,1.0,1.364018092104731,1.0
CLI-2962,Jaime Duque Salgado,21.0,masculino,manta,851230.0,empleado,182.0,377413.0,24.0,-10.0,317966.0,3.0,0.0,07-01-2026,web,android,ecuador,pendiente,0.0,-0.896551724137931,-0.6911458546991016,0.6293103448275862,0.41710160457446904,-0.5,-2.157303370786517,-0.4083946643745869,0.0,-0.5,-1.4575583232873945,1.0,-1.1009253311656897,1.0,0.9788024374954525,1.0,0.49890076573694875,1.0,-0.7243013537000694,1.0,-3.2285394430448684,-1.0,-0.6266093855074496,1.0,0.08972016254826615,1.0,-1.154978408707881,0.0
CLI-2308,Nadia Pellicer Bayón,28.0,femenino,ibarra,314710.0,empleado,12.0,149972.0,12.0,6580.0,1922.0,3.0,1.0,07 de July de 2025,call center,ios,ecuador,aprobado,0.0,-0.6551724137931034,-0.9662617426262461,-0.8362068965517241,-0.10815173713430574,-1.0,0.31086142322097376,-0.7774833524469742,0.0,0.0,-1.0064912487126259,1.0,-1.6750748550482746,1.0,-1.7114433593027265,1.0,-0.3265850072561652,1.0,-1.5406771205288021,1.0,0.5231372668231036,1.0,-2.072076356476534,1.0,0.08972016254826615,1.0,0.1590477084166273,1.0
CLI-2778,Lidia Giralt Aroca,55.0,masculino,cuenca,4082830.0,empleado,10.0,913448.0,60.0,7030.0,1231937.0,3.0,1.0,2025-12-16,web,ios,ecuador,rechazado,0.0,0.27586206896551724,0.9659489477786438,-0.853448275862069,1.6550234173648768,1.0,0.4794007490636704,0.6589768323986724,0.0,0.0,0.49594657480158233,1.0,1.385416695307512,1.0,-1.7720327595953136,1.0,1.416944158392753,1.0,1.3307640862439178,1.0,0.7724309797343367,1.0,1.1089852546878094,1.0,0.08972016254826615,1.0,0.1590477084166273,1.0
CLI-1986,Ruy Flores Arnaiz,33.0,femenino,guayaquil,2183060.0,desempleado,237.0,603262.0,24.0,5630.0,1005902.0,5.0,0.0,02-18-2025,desconocido,android,ecuador,rechazado,0.0,-0.4827586206896552,-0.008212146695655741,1.103448275862069,0.9386783738095018,-0.5,-0.0449438202247191,0.3950042159008364,0.5,-0.5,-0.7042092660851709,1.0,0.03258598126503357,1.0,1.5885253636917243,1.0,0.9692927349209527,1.0,-0.7243013537000694,1.0,-0.004630621199116125,1.0,0.7588541502374936,1.0,1.0312249847783386,1.0,-1.154978408707881,0.0
CLI-3159,María Sosa Macias,31.0,masculino,ibarra,2892410.0,independiente,146.0,586426.0,48.0,6250.0,7449.0,3.0,1.0,2025-07-30,app,android,ecuador,rechazado,0.0,-0.5517241379310345,0.35552723879066334,0.31896551724137934,0.8997972342567874,0.5,0.18726591760299627,-0.7710287031608746,0.0,0.0,-0.8234160113523812,1.0,0.5617643256856416,1.0,0.5442508539812441,1.0,0.9398571129785834,1.0,0.6867732139686339,1.0,0.3400448363084322,1.0,-1.9721369947686849,1.0,0.08972016254826615,1.0,0.1590477084166273,1.0
CLI-3087,Paloma Dalmau Solsona,30.0,masculino,sto. domingo,623730.0,jubilado,126.0,164975.0,60.0,3720.0,1480324.0,2.0,0.0,06/05/2026,call center,desktop,ecuador,aprobado,0.0,-0.5862068965517241,-0.8078029495015794,0.14655172413793102,-0.07350373661699906,1.0,-0.7602996254681648,0.9490529988952238,-0.25,-0.5,-0.8838487923359118,1.0,-1.3288091274260903,1.0,0.286673491894072,1.0,-0.24702494264907385,1.0,1.3307640862439178,1.0,-1.073191262415548,1.0,1.4623797594202355,1.0,-0.42741696705649357,1.0,-1.154978408707881,0.0
CLI-1765,Mar Vega Uría,33.0,femenino,cuenca,3542030.0,empleado,128.0,52876.0,24.0,3490.0,362888.0,4.0,3.0,28/04/2025,app,android,ecuador,aprobado,0.0,-0.4827586206896552,0.6886383681338967,0.16379310344827586,-0.33238570755544883,-0.5,-0.846441947565543,-0.3559329753515781,0.25,1.0,-0.7042092660851709,1.0,1.0195324266000159,1.0,0.3130423455107314,1.0,-1.119279066414532,1.0,-0.7243013537000694,1.0,-1.202704589943104,1.0,-0.509055894451472,1.0,0.5731179750185994,1.0,1.364018092104731,1.0
CLI-2544,Gerónimo Saez,54.0,femenino,manta,2657260.0,independiente,75.0,297621.0,12.0,7760.0,676727.0,3.0,1.0,05/06/2025,desconocido,desktop,ecuador,rechazado,0.0,0.2413793103448276,0.23494738893219017,-0.29310344827586204,0.2328295751618893,-1.0,0.7528089887640449,0.010580626475857252,0.0,0.0,0.44489989639032784,1.0,0.3901866781503408,1.0,-0.4465415954113239,1.0,0.27425481831332127,1.0,-1.5406771205288021,1.0,1.1759802578350993,1.0,0.17884682713589628,1.0,0.08972016254826615,1.0,0.1590477084166273,1.0
CLI-1199,Álvaro Severino Sureda Chamorro,67.0,femenino,ambato,1936040.0,independiente,4.0,51742.0,24.0,3640.0,1195386.0,6.0,2.0,2026-01-08,sucursal,android,ecuador,pendiente,0.0,0.6896551724137931,-0.13487867662140543,-0.9051724137931034,-0.335004572621544,-0.5,-0.7902621722846442,0.6162911283899463,0.75,0.5,1.0889764576997847,1.0,-0.16093975521340081,1.0,-1.9839750204917874,1.0,-1.134355274781129,1.0,-0.7243013537000694,1.0,-1.118215378472392,1.0,1.0544194955590824,1.0,1.4693164031674129,1.0,0.8765503230843952,1.0
CLI-1591,Fátima Rocha-Estevez,63.0,otro,cuenca,3631090.0,empleado,90.0,177896.0,24.0,6880.0,36414.0,4.0,0.0,23 de June de 2025,web,android,ecuador,aprobado,0.0,0.5517241379310345,0.734306415883825,-0.16379310344827586,-0.04366391693532743,-0.5,0.4232209737827715,-0.7372022301064369,0.25,-0.5,0.8950545429529138,1.0,1.080655643374356,1.0,-0.21661529449626332,1.0,-0.1832084973507547,1.0,-0.7243013537000694,1.0,0.6893799634255682,1.0,-1.703457534772165,1.0,0.5731179750185994,1.0,-1.154978408707881,0.0
CLI-4081,Inmaculada Salmerón,63.0,femenino,cuenca,817180.0,desempleado,93.0,756466.0,48.0,8400.0,582959.0,3.0,1.0,2026-04-19,web,desktop,ecuador,rechazado,0.0,0.5517241379310345,-0.7086059605365713,-0.13793103448275862,1.2924884298818509,0.5,0.9925093632958801,-0.0989253540305647,0.0,0.0,0.8950545429529138,1.0,-1.1340072727878976,1.0,-0.17228138848848182,1.0,1.209663202456462,1.0,0.6867732139686339,1.0,1.5289712724660072,1.0,-0.008220679582573028,1.0,0.08972016254826615,1.0,0.1590477084166273,1.0
CLI-1680,Dalila Calleja Márquez,23.0,otro,guayaquil,1534730.0,jubilado,122.0,72304.0,36.0,3070.0,62789.0,1.0,1.0,desconocido,app,android,ecuador,aprobado,0.0,-0.8275862068965517,-0.3406617918529762,0.11206896551724138,-0.28751859070880253,0.0,-1.00374531835206,-0.7064004615301969,-0.5,0.0,-1.3248039713607136,1.0,-0.48859790204370107,1.0,0.23349383451168848,1.0,-0.8955296358851682,1.0,0.0068301062973813,1.0,-1.4397850341815077,1.0,-1.5408395485743551,1.0,-0.9937313799445397,1.0,0.1590477084166273,1.0
CLI-3349,Jose Antonio Calvo Marqués,26.0,femenino,ibarra,2025040.0,independiente,128.0,941526.0,12.0,5600.0,247053.0,1.0,2.0,03 de May de 2025,web,android,ecuador,rechazado,0.0,-0.7241379310344828,-0.08924139557779874,0.16379310344827586,1.7198668859061643,-1.0,-0.056179775280898875,-0.491209671580157,-0.5,0.5,-1.1316825600056744,1.0,-0.09057113745340763,1.0,0.3130423455107314,1.0,1.4508309009183957,1.0,-1.5406771205288021,1.0,-0.021332391088502576,1.0,-0.8283356915076395,1.0,-0.9937313799445397,1.0,0.8765503230843952,1.0
CLI-1332,Eustaquio de Sandoval,33.0,desconocido,sto. domingo,671910.0,empleado,111.0,480809.0,48.0,3310.0,462011.0,3.0,1.0,11/01/2025,app,android,ecuador,pendiente,0.0,-0.4827586206896552,-0.7830972843253887,0.017241379310344827,0.6558848253628075,0.5,-0.9138576779026217,-0.2401732139645584,0.0,0.0,-0.7042092660851709,1.0,-1.2790890520915925,1.0,0.08401389943884627,1.0,0.7371821178965487,1.0,0.6867732139686339,1.0,-1.3042152450632953,1.0,-0.2704686698618938,1.0,0.08972016254826615,1.0,0.1590477084166273,1.0
CLI-3878,Yaiza Barral Cózar,66.0,femenino,loja,425030.0,independiente,17.0,46835.0,60.0,5200.0,236114.0,2.0,2.0,06/04/2025,web,android,ecuador,aprobado,0.0,0.6551724137931034,-0.9096920252697215,-0.7931034482758621,-0.346336822074215,1.0,-0.20599250936329588,-0.5039846686021661,-0.25,0.5,1.0408222341491922,1.0,-1.5448261598684263,1.0,-1.5727802901780215,1.0,-1.202953310116955,1.0,1.3307640862439178,1.0,-0.24424745352173582,1.0,-0.8616241742142862,1.0,-0.42741696705649357,1.0,0.8765503230843952,1.0
CLI-2215,Gerónimo Marino Giner Gilabert,25.0,masculino,ibarra,4180080.0,desconocido,82.0,337657.0,24.0,4440.0,1204221.0,5.0,0.0,06-02-2026,app,android,ecuador,rechazado,0.0,-0.7586206896551724,1.0158166509414612,-0.23275862068965517,0.32528890654300574,-0.5,-0.49063670411985016,0.6266089909632574,0.5,-0.5,-1.19530993688497,1.0,1.4499486481410033,1.0,-0.33742972686673917,1.0,0.39252402229651456,1.0,-0.7243013537000694,1.0,-0.6690331771115604,1.0,1.067675665352485,1.0,1.0312249847783386,1.0,-1.154978408707881,0.0
CLI-1747,José María Ribes Saura,64.0,femenino,cuenca,2199075.0,desempleado,12.0,325242.0,24.0,6150.0,1352219.0,1.0,2.0,desconocido,sucursal,desktop,ecuador,rechazado,0.0,0.5862068965517241,0.0,-0.8362068965517241,0.2966176457003501,-0.5,0.149812734082397,0.7994469111811295,-0.5,0.5,0.9438655831854961,1.0,0.04494689081865905,1.0,-1.7114433593027265,1.0,0.35716161821234615,1.0,-0.7243013537000694,1.0,0.28451381731336967,1.0,1.2836940038672153,1.0,-0.9937313799445397,1.0,0.8765503230843952,1.0
CLI-2999,Aroa Alberola Luís,34.0,femenino,guayaquil,242640.0,jubilado,100.0,53275.0,48.0,3780.0,133457.0,5.0,1.0,desconocido,sucursal,ios,ecuador,rechazado,0.0,-0.4482758620689655,-1.0032176847027936,-0.07758620689655173,-0.3314642550321931,0.5,-0.7378277153558053,-0.6238715750185102,0.5,0.0,-0.6453928909647655,1.0,-1.7660775319461122,1.0,-0.07072247627360177,1.0,-1.1140386152295918,1.0,0.6867732139686339,1.0,-1.0394395236636194,1.0,-1.2161848726807336,1.0,1.0312249847783386,1.0,0.1590477084166273,1.0
CLI-2879,Rolando Lorenzo Ortega,59.0,masculino,quito,3420130.0,jubilado,44.0,615398.0,60.0,6350.0,277172.0,1.0,1.0,14/10/2025,app,android,ecuador,aprobado,0.0,0.41379310344827586,0.6261306764573163,-0.5603448275862069,0.9667053107073245,1.0,0.2247191011235955,-0.45603551166554945,-0.5,0.0,0.6974843537928508,1.0,0.935272727165803,1.0,-0.9811520321659798,1.0,0.9900886894414792,1.0,1.3307640862439178,1.0,0.3955530341139913,1.0,-0.7398936867436108,1.0,-0.9937313799445397,1.0,0.1590477084166273,1.0
CLI-2946,Manuela Cañete Pont,63.0,masculino,cuenca,3449310.0,desempleado,155.0,501461.0,24.0,3280.0,222545.0,0.0,0.0,27/12/2024,call center,android,ecuador,pendiente,0.0,0.5517241379310345,0.641093551298355,0.39655172413793105,0.703578653709366,-0.5,-0.9250936329588015,-0.5198310836850477,-0.75,-0.5,0.8950545429529138,1.0,0.9555067811804611,1.0,0.6560971099557745,1.0,0.7795516029588992,1.0,-0.7243013537000694,1.0,-1.321147274463651,1.0,-0.903876912607441,1.0,-1.6454266338532069,0.0,-1.154978408707881,0.0
CLI-4379,Ezequiel de España,42.0,masculino,cuenca,773830.0,empleado,207.0,79878.0,48.0,5260.0,1337828.0,1.0,0.0,2025-04-01,app,ios,ecuador,rechazado,0.0,-0.1724137931034483,-0.7308349058538787,0.8448275862068966,-0.27002715860068544,0.5,-0.18352059925093633,0.7826405319742795,-0.5,-0.5,-0.19143944416027134,1.0,-1.1766049752063399,1.0,1.2629453235382182,1.0,-0.8218322938160985,1.0,0.6867732139686339,1.0,-0.21078290361860536,1.0,1.2631629245790177,1.0,-0.9937313799445397,1.0,-1.154978408707881,0.0
CLI-2044,Eligia Robles Iniesta,67.0,femenino,ambato,2199075.0,empleado,62.0,315958.0,24.0,4830.0,829297.0,5.0,2.0,05 de March de 2026,call center,ios,ecuador,pendiente,0.0,0.6896551724137931,0.0,-0.4051724137931034,0.27517713134970856,-0.5,-0.3445692883895131,0.18875790919346663,0.5,0.5,1.0889764576997847,1.0,0.04494689081865905,1.0,-0.6590897599299094,1.0,0.32997370456929637,1.0,-0.7243013537000694,1.0,-0.4508360354739691,1.0,0.4603018976658764,1.0,1.0312249847783386,1.0,0.8765503230843952,1.0
CLI-2067,Eugenia Bolaños,21.0,femenino,loja,2199075.0,estudiante,104.0,111441.0,12.0,6370.0,1425418.0,0.0,3.0,22/04/2025,web,desconocido,ecuador,rechazado,0.0,-0.896551724137931,0.0,-0.04310344827586207,-0.19713541426103665,-1.0,0.23220973782771537,0.8849315996365683,-0.75,1.0,-1.4575583232873945,1.0,0.04494689081865905,1.0,-0.013800748394049009,1.0,-0.5664804391593571,1.0,-1.5406771205288021,1.0,0.4066519677693369,1.0,1.3866655589999795,1.0,-1.6454266338532069,0.0,1.364018092104731,1.0
CLI-1336,Rodolfo Cervantes,25.0,masculino,cuenca,3211590.0,empleado,115.0,100427.0,60.0,6350.0,621745.0,1.0,1.0,12/01/2026,app,android,ecuador,rechazado,0.0,-0.7586206896551724,0.5191958608524428,0.05172413793103448,-0.22257119895060645,1.0,0.2247191011235955,-0.05362952858988044,-0.5,0.0,-1.19530993688497,1.0,0.7894407818240048,1.0,0.138942443433836,1.0,-0.6477976132867033,1.0,1.3307640862439178,1.0,0.3955530341139913,1.0,0.07065840691259577,1.0,-0.9937313799445397,1.0,0.1590477084166273,1.0
CLI-1963,Filomena Carbonell Folch,51.0,femenino,machala,2411080.0,desempleado,86.0,572325.0,60.0,4320.0,560032.0,5.0,3.0,2025-09-08,web,ios,ecuador,aprobado,0.0,0.13793103448275862,0.10871159289494195,-0.19827586206896552,0.8672323168872919,1.0,-0.5355805243445693,-0.12570041178023128,0.5,1.0,0.2900687935278137,1.0,0.20663000380256885,1.0,-0.2765345842800862,1.0,0.9146555620311843,1.0,1.3307640862439178,1.0,-0.7362679543105839,1.0,-0.05593848195458534,1.0,1.0312249847783386,1.0,1.364018092104731,1.0
CLI-3637,Alondra Andrade-Bertrán,21.0,femenino,ibarra,2199075.0,independiente,74.0,620766.0,24.0,6970.0,523407.0,3.0,2.0,08-05-2024,desconocido,android,ecuador,aprobado,0.0,-0.896551724137931,0.0,-0.3017241379310345,0.979102195782103,-0.5,0.45692883895131087,-0.1684725359169059,0.0,0.5,-1.4575583232873945,1.0,0.04494689081865905,1.0,-0.4624118296856017,1.0,0.9991781594487803,1.0,-0.7243013537000694,1.0,0.7392160910502951,1.0,-0.13399286290396528,1.0,0.08972016254826615,1.0,0.8765503230843952,1.0
CLI-2426,Pepito Seco Arco,45.0,desconocido,sto. domingo,3914110.0,independiente,75.0,124794.0,60.0,8160.0,130635.0,6.0,2.0,02-02-2025,desconocido,ios,ecuador,aprobado,0.0,-0.06896551724137931,0.8794329696024942,-0.29310344827586204,-0.16629793169704304,1.0,0.9026217228464419,-0.6271672182762221,0.75,0.5,-0.027868800795079914,1.0,1.272581532277308,1.0,-0.4465415954113239,1.0,-0.4764440421844049,1.0,1.3307640862439178,1.0,1.3966835555118056,1.0,-1.227394607212752,1.0,1.4693164031674129,1.0,0.8765503230843952,1.0
CLI-3853,Diego Uribe Amo,18.0,desconocido,guayaquil,3301790.0,empleado,218.0,224172.0,24.0,5290.0,58636.0,1.0,0.0,2025-03-23,app,desconocido,colombia,rechazado,0.0,-1.0,0.5654484760224802,0.9396551724137931,0.06320610052377301,-0.5,-0.17228464419475656,-0.7112504992514148,-0.5,-0.5,-1.663682524383616,1.0,0.8527863606611371,1.0,1.3841269892583585,1.0,0.017511920675781816,1.0,-0.7243013537000694,1.0,-0.19405431259561604,1.0,-1.56408420936978,1.0,-0.9937313799445397,1.0,-1.154978408707881,0.0
CLI-1137,Paco Haro,30.0,femenino,guayaquil,3130630.0,independiente,174.0,289033.0,12.0,8330.0,44822.0,2.0,0.0,desconocido,app,android,ecuador,pendiente,0.0,-0.5862068965517241,0.47768131845592154,0.5603448275862069,0.21299640656609978,-1.0,0.9662921348314607,-0.7273830350281799,-0.25,-0.5,-0.8838487923359118,1.0,0.7322223829972642,1.0,0.8850434384794411,1.0,0.2471682813295571,1.0,-1.5406771205288021,1.0,1.4903975101565947,1.0,-1.6472096376140817,1.0,-0.42741696705649357,1.0,-1.154978408707881,0.0
CLI-4346,Artemio Granados Almansa,25.0,otro,desconocido,2199075.0,estudiante,122.0,11589.0,48.0,3220.0,888521.0,1.0,2.0,07-03-2026,app,ios,ecuador,pendiente,0.0,-0.7586206896551724,0.0,0.11206896551724138,-0.4277341043666226,0.5,-0.947565543071161,0.25792203970187394,-0.5,0.5,-1.19530993688497,1.0,0.04494689081865905,1.0,0.23349383451168848,1.0,-2.0543260861013235,1.0,0.6867732139686339,1.0,-1.3550233059976948,1.0,0.5632946750749424,1.0,-0.9937313799445397,1.0,0.8765503230843952,1.0
CLI-2339,Merche Zoraida Blázquez Canales,75.0,femenino,sto. domingo,2199075.0,desconocido,197.0,94508.0,48.0,4090.0,300214.0,4.0,2.0,16 de January de 2026,app,desconocido,ecuador,rechazado,0.0,0.9655172413793104,0.0,0.7586206896551724,-0.23624056608130953,0.5,-0.6217228464419475,-0.4291261523656926,0.25,0.5,1.4669462199060965,1.0,0.04494689081865905,1.0,1.150811991570793,1.0,-0.6946223378859506,1.0,0.6867732139686339,1.0,-0.8652699726508263,1.0,-0.6750671958274769,1.0,0.5731179750185994,1.0,0.8765503230843952,1.0
CLI-2027,Bernarda Emperatriz Montes Font,70.0,femenino,guayaquil,428630.0,empleado,72.0,73972.0,48.0,6520.0,1133475.0,3.0,0.0,18 de June de 2025,desconocido,android,peru,aprobado,0.0,0.7931034482758621,-0.9078460228904295,-0.31896551724137934,-0.283666503468726,0.5,0.2883895131086142,0.5439890129653548,0.0,-0.5,1.2321913977431922,1.0,-1.540722991860423,1.0,-0.4943771528149459,1.0,-0.8787645091932652,1.0,0.6867732139686339,1.0,0.4898656331041376,1.0,0.9602858039123071,1.0,0.08972016254826615,1.0,-1.154978408707881,0.0
CLI-3652,Aurora Oliveras-Ortiz,69.0,femenino,machala,2385810.0,estudiante,137.0,228479.0,36.0,4270.0,1475801.0,0.0,0.0,2026-03-13,app,android,ecuador,rechazado,0.0,0.7586206896551724,0.09575368174918981,0.2413793103448276,0.07315270708433022,0.0,-0.5543071161048689,0.9437708605342633,-0.75,-0.5,1.1846571514076158,1.0,0.18754159301770404,1.0,0.4299716577377605,1.0,0.03437743274819506,1.0,0.0068301062973813,1.0,-0.7642965320169635,1.0,1.4561899962004605,1.0,-1.6454266338532069,0.0,-1.154978408707881,0.0
CLI-2932,Lucila Peñas Mir,56.0,masculino,cuenca,3260850.0,empleado,149.0,463514.0,12.0,4620.0,749151.0,5.0,1.0,02/06/2026,app,desconocido,ecuador,aprobado,0.0,0.3103448275862069,0.5444553267424211,0.3448275862068966,0.615943668997626,-1.0,-0.4232209737827715,0.09516023926697047,0.5,0.0,0.5467223259835524,1.0,0.8240868451575003,1.0,0.5817934395317749,1.0,0.7005149044826068,1.0,-1.5406771205288021,1.0,-0.5682681178124903,1.0,0.3156024041008575,1.0,1.0312249847783386,1.0,0.1590477084166273,1.0
CLI-2087,Roque Graciano Valverde Álamo,26.0,masculino,cuenca,303820.0,independiente,127.0,182563.0,36.0,4660.0,538128.0,4.0,0.0,12/10/2024,call center,android,ecuador,pendiente,0.0,-0.7241379310344828,-0.9718458998236043,0.15517241379310345,-0.03288592463950191,0.0,-0.40823970037453183,-0.15128076965298815,0.25,-0.5,-1.1316825600056744,1.0,-1.6884776607474556,1.0,0.2998760075289511,1.0,-0.16110777549478175,1.0,0.0068301062973813,1.0,-0.5458897157704676,1.0,-0.10233901183913255,1.0,0.5731179750185994,1.0,-1.154978408707881,0.0
CLI-4794,María Belén Ballesteros Aguilera,71.0,otro,guayaquil,3780040.0,desconocido,16.0,1195114.0,48.0,3280.0,275609.0,3.0,3.0,29 de November de 2024,sucursal,android,colombia,pendiente,0.0,0.8275862068965517,0.8106847643270296,-0.8017241379310345,2.3055042354484403,0.5,-0.9250936329588015,-0.4578608449085698,0.0,1.0,1.2795265513516445,1.0,1.1820913917499494,1.0,-1.5993022202629956,1.0,1.7237951223156638,1.0,0.6867732139686339,1.0,-1.321147274463651,1.0,-0.744375590057711,1.0,0.08972016254826615,1.0,1.364018092104731,1.0
CLI-1817,Dulce Galvez-Riera,43.0,femenino,loja,448540.0,estudiante,29.0,55902.0,48.0,4490.0,46985.0,4.0,3.0,27/09/2025,app,desconocido,ecuador,aprobado,0.0,-0.13793103448275862,-0.8976366041760676,-0.6896551724137931,-0.32539744856955466,0.5,-0.47191011235955055,-0.7248569980450366,0.25,1.0,-0.13654892106911792,1.0,-1.5181760861930715,1.0,-1.2865101964600696,1.0,-1.0803306790744474,1.0,0.6867732139686339,1.0,-0.6410325339877531,1.0,-1.6335146263163232,1.0,0.5731179750185994,1.0,1.364018092104731,1.0
CLI-1428,Raquel de Castellanos,72.0,otro,ibarra,2431420.0,independiente,208.0,54097.0,36.0,5580.0,606263.0,4.0,3.0,2025-10-28,desconocido,android,ecuador,pendiente,0.0,0.8620689655172413,0.1191415063379415,0.853448275862069,-0.32956592426999715,0.0,-0.06367041198501873,-0.0717100207641875,0.25,1.0,1.3266661942191638,1.0,0.22195978136833894,1.0,1.2740533361016175,1.0,-1.1033449197390301,1.0,0.0068301062973813,1.0,-0.03246818059475469,1.0,0.0394405904204422,1.0,0.5731179750185994,1.0,1.364018092104731,1.0
CLI-1556,Yéssica Matas Real,0.0,femenino,guayaquil,3762140.0,empleado,43.0,498366.0,48.0,4970.0,77371.0,4.0,1.0,2024-09-30,call center,desconocido,ecuador,rechazado,0.0,-1.6206896551724137,0.801506030274439,-0.5689655172413793,0.6964310457908788,0.5,-0.29213483146067415,-0.6893710249660743,0.25,0.0,-3.3245457455069203,0.0,1.1699524465550633,1.0,-1.0002603568371877,1.0,0.7732957954160915,1.0,0.6867732139686339,1.0,-0.37262118394006083,1.0,-1.4641506871450045,1.0,0.5731179750185994,1.0,0.1590477084166273,1.0
CLI-4402,Lucía Iglesias Alberdi,58.0,masculino,sto. domingo,2199075.0,empleado,88.0,278275.0,36.0,3120.0,158308.0,2.0,2.0,desconocido,desconocido,desconocido,ecuador,rechazado,0.0,0.3793103448275862,0.0,-0.1810344827586207,0.18815182951049855,0.0,-0.9850187265917603,-0.5948495939421826,-0.25,0.5,0.6474854195246892,1.0,0.04494689081865905,1.0,-0.24645669744358392,1.0,0.21227340951638923,1.0,0.0068301062973813,1.0,-1.4115195546815757,1.0,-1.121644278142529,1.0,-0.42741696705649357,1.0,0.8765503230843952,1.0
CLI-2866,Gaspar Tomás Asenjo Mármol,27.0,masculino,ibarra,3127940.0,empleado,153.0,1296134.0,12.0,5800.0,717424.0,6.0,0.0,18/01/2025,app,desconocido,ecuador,pendiente,0.0,-0.6896551724137931,0.4763019444558395,0.3793103448275862,2.538800310384008,-1.0,0.018726591760299626,0.05810819332883326,0.75,-0.5,-1.0687537389404749,1.0,0.7303152186196284,1.0,0.6314426078488757,1.0,1.8191514009931156,1.0,-1.5406771205288021,1.0,0.0899699213703311,1.0,0.25644594799949816,1.0,1.4693164031674129,1.0,-1.154978408707881,0.0
CLI-1215,Felicia Mayoral Goñi,63.0,femenino,guayaquil,3928740.0,empleado,180.0,567203.0,36.0,6090.0,1098528.0,3.0,3.0,27 de December de 2024,desconocido,desconocido,ecuador,rechazado,0.0,0.5517241379310345,0.8869349181605611,0.6120689655172413,0.85540354539828,0.0,0.12734082397003746,0.5031765236218909,0.0,1.0,0.8950545429529138,1.0,1.2824109198789275,1.0,0.9554999871692291,1.0,0.9053730545945058,1.0,0.0068301062973813,1.0,0.2511840939131941,1.0,0.9061474289355043,1.0,0.08972016254826615,1.0,1.364018092104731,1.0
CLI-3701,Aitor Severino Priego Llobet,33.0,femenino,cuenca,2724290.0,independiente,12.0,223771.0,12.0,8100.0,1401084.0,1.0,0.0,08/09/2025,web,desktop,ecuador,aprobado,0.0,-0.4827586206896552,0.269318927677729,-0.8362068965517241,0.062280029190876926,-1.0,0.8801498127340824,0.8565133916163133,-0.5,-0.5,-0.7042092660851709,1.0,0.4394511253072962,1.0,-1.7114433593027265,1.0,0.015927946141443564,1.0,-1.5406771205288021,1.0,1.3635961182142955,1.0,1.3526986808887613,1.0,-0.9937313799445397,1.0,-1.154978408707881,0.0
CLI-1145,Estefanía Lopez Iborra,47.0,desconocido,quito,1858550.0,empleado,76.0,51994.0,24.0,7110.0,738069.0,0.0,1.0,06-05-2026,sucursal,android,ecuador,aprobado,0.0,0.0,-0.17461387783566476,-0.28448275862068967,-0.33442260260685613,-0.5,0.5093632958801498,0.0822182411868987,-0.75,0.0,0.07941182896138738,1.0,-0.22283779889119806,1.0,-0.43074453660333284,1.0,-1.1309813493094063,1.0,-0.7243013537000694,1.0,0.8167061814655499,1.0,0.2950674420328459,1.0,-1.6454266338532069,0.0,0.1590477084166273,1.0
CLI-1946,Delia Chico Caballero,24.0,masculino,guayaquil,885330.0,independiente,215.0,246987.0,24.0,6300.0,656132.0,5.0,3.0,08-08-2024,sucursal,android,ecuador,aprobado,0.0,-0.7931034482758621,-0.6736601099396973,0.9137931034482759,0.11589517149640195,-0.5,0.20599250936329588,-0.013471029403864614,0.5,1.0,-1.2596709610745607,1.0,-1.0681094436950258,1.0,1.3512938076934038,1.0,0.10396332105134164,1.0,-0.7243013537000694,1.0,0.36780176454965274,1.0,0.1387931566186378,1.0,1.0312249847783386,1.0,1.364018092104731,1.0
CLI-2832,Mirta Bernat Moya,5.0,masculino,cuenca,466840.0,empleado,1.0,147889.0,36.0,3220.0,1233506.0,4.0,2.0,03-18-2026,sucursal,android,vietnam,rechazado,1.0,-1.4482758620689655,-0.8882527587480001,-0.9310344827586207,-0.11296222737476097,0.0,-0.947565543071161,0.660809172679094,0.25,0.5,-2.7186144465288518,1.0,-1.4976620349812342,1.0,-2.126194560901341,1.0,-0.33815076428742646,1.0,0.0068301062973813,1.0,-1.3550233059976948,1.0,1.111311458720274,1.0,0.5731179750185994,1.0,0.8765503230843952,1.0
CLI-1562,Guiomar Recio,64.0,masculino,cuenca,808890.0,independiente,12.0,47644.0,12.0,5740.0,20245.0,0.0,3.0,2026-02-24,web,desconocido,ecuador,rechazado,0.0,0.5862068965517241,-0.7128568937933297,-0.8362068965517241,-0.34446851357468156,-1.0,-0.003745318352059925,-0.7560850280631848,-0.75,1.0,0.9438655831854961,1.0,-1.142110917826111,1.0,-1.7114433593027265,1.0,-1.191243089464807,1.0,-1.5406771205288021,1.0,0.05658973703954162,1.0,-1.8312487501706876,1.0,-1.6454266338532069,0.0,1.364018092104731,1.0
CLI-1298,Verónica Segarra Clavero,47.0,femenino,ibarra,3255050.0,jubilado,37.0,62853.0,12.0,7350.0,1043868.0,3.0,0.0,01-12-2025,app,desconocido,ecuador,aprobado,0.0,0.0,0.5414812117980063,-0.6206896551724138,-0.30934477566441576,-1.0,0.599250936329588,0.4393424128966859,0.0,-0.5,0.07941182896138738,1.0,0.8200140398392987,1.0,-1.1183057357088202,1.0,-0.9971236013586593,1.0,-1.5406771205288021,1.0,0.9494555888095789,1.0,0.8199221740443171,1.0,0.08972016254826615,1.0,-1.154978408707881,0.0
CLI-4236,Fernando Marqués Medina,59.0,femenino,sto. domingo,4080170.0,desempleado,1.0,284765.0,24.0,5110.0,385141.0,6.0,0.0,2025-05-24,web,ios,ecuador,rechazado,0.0,0.41379310344827586,0.9645849571317225,-0.9310344827586207,0.20313986679352997,-0.5,-0.2397003745318352,-0.32994504146998305,0.75,-0.5,0.6974843537928508,1.0,1.383646492983549,1.0,-2.126194560901341,1.0,0.23345635831616335,1.0,-0.7243013537000694,1.0,-0.29446291686206016,1.0,-0.4532119057786119,1.0,1.4693164031674129,1.0,-1.154978408707881,0.0
CLI-3041,Mamen Pi Sarabia,41.0,masculino,loja,728910.0,desempleado,14.0,464277.0,48.0,4850.0,1225876.0,6.0,0.0,2026-05-15,app,android,ecuador,rechazado,0.0,-0.20689655172413793,-0.7538689133199328,-0.8189655172413793,0.6177057448754307,0.5,-0.33707865168539325,0.6518985567838632,0.75,-0.5,-0.2467117193929858,1.0,-1.2213502776807532,1.0,-1.654055533156114,1.0,0.7021564220289206,1.0,0.6867732139686339,1.0,-0.4396589581741116,1.0,1.0999868961142254,1.0,1.4693164031674129,1.0,-1.154978408707881,0.0
CLI-1600,Blanca Barroso Diego,46.0,masculino,cuenca,4008950.0,estudiante,43.0,381713.0,60.0,5750.0,737651.0,5.0,1.0,16/05/2025,web,android,ecuador,rechazado,0.0,-0.034482758620689655,0.9280648767280634,-0.5689655172413793,0.42703204530128497,1.0,0.0,0.08173008424794635,0.5,0.0,0.025941573775701342,1.0,1.3361473414773248,1.0,-1.0002603568371877,1.0,0.5098379556099304,1.0,1.3307640862439178,1.0,0.062153721058298174,1.0,0.2942902348093153,1.0,1.0312249847783386,1.0,0.1590477084166273,1.0
CLI-1095,Demetrio Saturnino Montaña Montes,66.0,desconocido,ambato,1938670.0,independiente,155.0,75103.0,24.0,5160.0,267934.0,1.0,3.0,desconocido,call center,ios,ecuador,aprobado,0.0,0.6551724137931034,-0.1335300693276449,0.39655172413793105,-0.28105456661709144,-0.5,-0.2209737827715356,-0.46682401358430986,-0.5,1.0,1.0408222341491922,1.0,-0.1588494214582021,1.0,0.6560971099557745,1.0,-0.8675753801370488,1.0,-0.7243013537000694,1.0,-0.26656265773085924,1.0,-0.7665483520935511,1.0,-0.9937313799445397,1.0,1.364018092104731,1.0
CLI-2423,Nuria Vall-Contreras,67.0,desconocido,sto. domingo,262330.0,independiente,22.0,103312.0,36.0,7770.0,1020507.0,0.0,0.0,03-12-2025,sucursal,ios,colombia,rechazado,0.0,0.6896551724137931,-0.993121077244944,-0.75,-0.21590856604435904,0.0,0.7565543071161048,0.412060512774997,-0.75,-0.5,1.0889764576997847,1.0,-1.7406424556559628,1.0,-1.4471986850469787,1.0,-0.6258046349022024,1.0,0.0068301062973813,1.0,1.181501341804303,1.0,0.7824645534878691,1.0,-1.6454266338532069,0.0,-1.154978408707881,0.0
CLI-3452,Silvestre Conde,46.0,desconocido,ibarra,382270.0,estudiante,179.0,118948.0,60.0,8210.0,89033.0,2.0,2.0,16 de November de 2024,desconocido,android,ecuador,rechazado,0.0,-0.034482758620689655,-0.9316184313082003,0.603448275862069,-0.17979871227587227,1.0,0.9213483146067416,-0.675751679937217,-0.25,0.5,0.025941573775701342,1.0,-1.5942223007058323,1.0,0.9438148669570019,1.0,-0.5148209658517032,1.0,1.3307640862439178,1.0,1.4242516438846926,1.0,-1.4073270115810497,1.0,-0.42741696705649357,1.0,0.8765503230843952,1.0
CLI-2062,Jacinta Alemany Buendía,44.0,masculino,cuenca,3303080.0,jubilado,87.0,176179.0,48.0,6670.0,1260958.0,4.0,0.0,03/02/2025,web,android,ecuador,rechazado,0.0,-0.10344827586206896,0.5661099602083931,-0.1896551724137931,-0.047629165011593214,0.5,0.3445692883895131,0.6928687044688548,0.25,-0.5,-0.08202892461808767,1.0,0.853689285825889,1.0,-0.2614656285635177,1.0,-0.19146125280818502,1.0,0.6867732139686339,1.0,0.5730301279201854,1.0,1.151802802820992,1.0,0.5731179750185994,1.0,-1.154978408707881,0.0
CLI-3623,Inmaculada Milla Jara,71.0,femenino,sto. domingo,3130250.0,desempleado,125.0,136707.0,36.0,8040.0,1118348.0,4.0,1.0,04-02-2025,call center,desconocido,peru,aprobado,0.0,0.8275862068965517,0.4774864626492185,0.13793103448275862,-0.13878599207412265,0.0,0.8576779026217228,0.5263231038372872,0.25,0.0,1.2795265513516445,1.0,0.731952993136012,1.0,0.27343441315113165,1.0,-0.40266861110198504,1.0,0.0068301062973813,1.0,1.3305023837714085,1.0,0.9369434309209989,1.0,0.5731179750185994,1.0,0.1590477084166273,1.0
CLI-1095,Pelayo Villalobos Casanovas,54.0,masculino,cuenca,440670.0,independiente,97.0,462742.0,48.0,4920.0,1442907.0,5.0,0.0,2025-01-27,sucursal,android,ecuador,aprobado,0.0,0.2413793103448276,-0.9016721704885753,-0.10344827586206896,0.6141608084764395,0.5,-0.31086142322097376,0.9053559458215868,0.5,-0.5,0.44489989639032784,1.0,-1.527059301284443,1.0,-0.11393478994525327,1.0,0.6988517278271815,1.0,0.6867732139686339,1.0,-0.40054847849444347,1.0,1.410919989004192,1.0,1.0312249847783386,1.0,-1.154978408707881,0.0
CLI-3686,Eusebia Sureda Cabrera,21.0,masculino,cuenca,3206210.0,empleado,10.0,138649.0,36.0,9500.0,6710.0,1.0,0.0,2025-11-12,web,ios,ecuador,aprobado,0.0,-0.896551724137931,0.5164371128522788,-0.853448275862069,-0.1343011279133142,0.0,1.404494382022472,-0.7718917366007927,-0.5,-0.5,-1.4575583232873945,1.0,0.7856492216587168,1.0,-1.7720327595953136,1.0,-0.39115516249275395,1.0,0.0068301062973813,1.0,2.1340886486296755,1.0,-1.98281276122952,1.0,-0.9937313799445397,1.0,-1.154978408707881,0.0
CLI-4555,Anacleto Mendoza Puig,67.0,femenino,ibarra,3457660.0,empleado,222.0,982464.0,48.0,5250.0,944701.0,6.0,3.0,03/07/2026,sucursal,android,ecuador,pendiente,0.0,0.6896551724137931,0.6453752512614349,0.9741379310344828,1.8144093004350919,0.5,-0.18726591760299627,0.32353126656872383,0.75,1.0,1.0889764576997847,1.0,0.9612893371999568,1.0,1.4276599138063724,1.0,1.4987574492511584,1.0,0.6867732139686339,1.0,-0.2163596446166744,1.0,0.6582285472521247,1.0,1.4693164031674129,1.0,1.364018092104731,1.0
CLI-4159,Heliodoro Montaña Manuel,41.0,femenino,cuenca,1475990.0,estudiante,91.0,838542.0,36.0,8000.0,285428.0,4.0,0.0,2025-12-22,web,android,ecuador,pendiente,0.0,-0.20689655172413793,-0.37078239734175655,-0.15517241379310345,1.482035139903744,0.0,0.8426966292134831,-0.446393828201457,0.25,-0.5,-0.2467117193929858,1.0,-0.5381786350437562,1.0,-0.20178107384067778,1.0,1.3220897129842348,1.0,0.0068301062973813,1.0,1.3084363719559977,1.0,-0.7164022713987165,1.0,0.5731179750185994,1.0,-1.154978408707881,0.0
CLI-4422,Claudio Carvajal-Sanz,64.0,femenino,loja,4478560.0,independiente,90.0,546258.0,48.0,6410.0,1382407.0,3.0,1.0,04-29-2026,desconocido,ios,ecuador,rechazado,0.0,0.5862068965517241,1.168870759322312,-0.16379310344827586,0.8070330614394058,0.5,0.24719101123595505,0.8347016520258513,0.0,0.0,0.9438655831854961,1.0,1.6458246667599745,1.0,-0.21661529449626332,1.0,0.8666714015264211,1.0,0.6867732139686339,1.0,0.42884715241878496,1.0,1.3264513010249872,1.0,0.08972016254826615,1.0,0.1590477084166273,1.0
CLI-2261,Hilario del Santana,46.0,femenino,ambato,338420.0,independiente,205.0,122227.0,48.0,7240.0,129117.0,1.0,0.0,20/04/2025,web,android,ecuador,aprobado,0.0,-0.034482758620689655,-0.9541037658448538,0.8275862068965517,-0.1722261738704701,0.5,0.5580524344569289,-0.6289399987387333,-0.5,-0.5,0.025941573775701342,1.0,-1.64626854380078,1.0,1.2406728577736816,1.0,-0.4931066353551341,1.0,0.6867732139686339,1.0,0.8886261568937414,1.0,-1.233468698159367,1.0,-0.9937313799445397,1.0,-1.154978408707881,0.0
CLI-4871,Carina Saldaña Ortega,17.0,masculino,guayaquil,4108940.0,desconocido,113.0,942432.0,60.0,6600.0,1031895.0,5.0,3.0,2025-05-25,app,android,ecuador,rechazado,0.0,-1.0344827586206897,0.9793375928128975,0.034482758620689655,1.721959206673256,1.0,0.31835205992509363,0.4253598697625315,0.5,1.0,-1.7345036858952965,1.0,1.402778074980168,1.0,0.11156279128500424,1.0,1.4519102145242508,1.0,1.3307640862439178,1.0,0.5342260759983943,1.0,0.8007710921712412,1.0,1.0312249847783386,1.0,1.364018092104731,1.0
CLI-3452,Arturo Rosales Bárcena,66.0,femenino,loja,3789970.0,empleado,69.0,28150.0,60.0,5750.0,777256.0,2.0,3.0,29/12/2025,call center,desktop,ecuador,aprobado,0.0,0.6551724137931034,0.8157766542232432,-0.3448275862068966,-0.38948805113946033,1.0,0.0,0.1279823702938985,-0.25,1.0,1.0408222341491922,1.0,1.1888195453636528,1.0,-0.5429084010836153,1.0,-1.536312462945371,1.0,1.3307640862439178,1.0,0.062153721058298174,1.0,0.367088407388344,1.0,-0.42741696705649357,1.0,1.364018092104731,1.0
CLI-1513,Yago Díez Rios,52.0,otro,sto. domingo,279750.0,empleado,203.0,284156.0,48.0,7310.0,74130.0,6.0,0.0,2026-04-08,desconocido,android,ecuador,pendiente,0.0,0.1724137931034483,-0.9841884768429258,0.8103448275862069,0.2017334392580344,0.5,0.5842696629213483,-0.6931559930023053,0.75,-0.5,0.34196783666934744,1.0,-1.718517329739591,1.0,1.218324313154665,1.0,0.2314858481276076,1.0,0.6867732139686339,1.0,0.9273385198806132,1.0,-1.4806022501357974,1.0,1.4693164031674129,1.0,-1.154978408707881,0.0
CLI-2405,Salud Ochoa Coll,45.0,femenino,ambato,2199075.0,independiente,191.0,1127219.0,12.0,5550.0,190074.0,1.0,0.0,2025-01-31,web,desktop,ecuador,pendiente,0.0,-0.06896551724137931,0.0,0.7068965517241379,2.148707195181658,-1.0,-0.0749063670411985,-0.5577520022609374,-0.5,-0.5,-0.027868800795079914,1.0,0.04494689081865905,1.0,1.0825771580116195,1.0,1.655853282060811,1.0,-1.5406771205288021,1.0,-0.04917378861247767,1.0,-1.009879442024341,1.0,-0.9937313799445397,1.0,-1.154978408707881,0.0
CLI-1414,Mercedes Segura Coronado,39.0,femenino,machala,3258510.0,desconocido,67.0,199004.0,12.0,7020.0,230385.0,2.0,0.0,17/05/2025,web,desktop,colombia,rechazado,0.0,-0.27586206896551724,0.5432554251958813,-0.3620689655172414,0.005083000009237619,-1.0,0.4756554307116105,-0.5106752214807738,-0.25,-0.5,-0.35844956077882295,1.0,0.822443886790438,1.0,-0.5756689484714158,1.0,-0.08682975532924689,1.0,-1.5406771205288021,1.0,0.7668956723667654,1.0,-0.8793295456534251,1.0,-0.42741696705649357,1.0,-1.154978408707881,0.0
CLI-1816,María Bartolomé Plaza,71.0,masculino,ambato,917510.0,jubilado,119.0,290135.0,60.0,4170.0,466558.0,4.0,0.0,07/04/2025,call center,android,ecuador,aprobado,0.0,0.8275862068965517,-0.6571588997825819,0.08620689655172414,0.21554137067794887,1.0,-0.5917602996254682,-0.23486304745399297,0.25,-0.5,1.2795265513516445,1.0,-1.0374165555887989,1.0,0.19320959741532076,1.0,0.25068124729976154,1.0,1.3307640862439178,1.0,-0.8203790864176452,1.0,-0.2600970155087561,1.0,0.5731179750185994,1.0,-1.154978408707881,0.0
CLI-4479,José Mari Pont Ripoll,42.0,femenino,guayaquil,3873860.0,estudiante,113.0,620117.0,48.0,3230.0,1322709.0,3.0,3.0,desconocido,web,desktop,ecuador (vpn),rechazado,1.0,-0.1724137931034483,0.8587936374451327,0.034482758620689655,0.9776033920537999,0.5,-0.9438202247191011,0.7649839655627468,0.0,1.0,-0.19143944416027134,1.0,1.2454936367662375,1.0,0.11156279128500424,1.0,0.9980827213206288,1.0,0.6867732139686339,1.0,-1.3493761828276136,1.0,1.241488001787938,1.0,0.08972016254826615,1.0,1.364018092104731,1.0
CLI-1215,Ambrosio Barrera,47.0,desconocido,desconocido,2199075.0,desconocido,109.0,196803.0,36.0,5750.0,667667.0,3.0,1.0,desconocido,desconocido,desconocido,ecuador,rechazado,0.0,0.0,0.0,0.0,0.0,0.0,0.0,0.0,0.0,0.0,0.07941182896138738,1.0,0.04494689081865905,1.0,0.05629167104489695,1.0,-0.09646962235387585,1.0,0.0068301062973813,1.0,0.062153721058298174,1.0,0.161293931918486,1.0,0.08972016254826615,1.0,0.1590477084166273,1.0
CLI-2174,Fabiola Castellanos,32.0,otro,sto. domingo,4025320.0,independiente,125.0,79185.0,36.0,6650.0,54074.0,0.0,0.0,04-05-2026,sucursal,ios,ecuador,rechazado,0.0,-0.5172413793103449,0.9364590597694548,0.13793103448275862,-0.2716275761410769,0.0,0.33707865168539325,-0.7165781833554834,-0.75,-0.5,-0.763543483957753,1.0,1.3470827536510908,1.0,0.27343441315113165,1.0,-0.8283270150472306,1.0,0.0068301062973813,1.0,0.5619443282811489,1.0,-1.5904723183743537,1.0,-1.6454266338532069,0.0,-1.154978408707881,0.0
CLI-3356,Desiderio Madrigal Gordillo,50.0,masculino,quito,4026720.0,independiente,197.0,36988.0,48.0,5410.0,160221.0,1.0,0.0,05/01/2026,call center,desktop,ecuador,aprobado,0.0,0.10344827586206896,0.9371769495836239,0.7586206896551724,-0.3690775313386234,0.5,-0.12734082397003746,-0.5926155168507571,-0.5,-0.5,0.23787146391646838,1.0,1.3480174827643527,1.0,1.150811991570793,1.0,-1.3610121011115774,1.0,0.6867732139686339,1.0,-0.1271641773024552,1.0,-1.1146484299077888,1.0,-0.9937313799445397,1.0,-1.154978408707881,0.0
CLI-1348,Javier Cañellas Sobrino,24.0,femenino,cuenca,2199075.0,independiente,192.0,471189.0,12.0,5640.0,83699.0,5.0,1.0,2025-11-02,desconocido,desktop,peru,rechazado,0.0,-0.7931034482758621,0.0,0.7155172413793104,0.6336683509925822,-1.0,-0.04119850187265917,-0.6819809361869104,0.5,0.0,-1.2596709610745607,1.0,0.04494689081865905,1.0,1.094001079322889,1.0,0.7169252174942892,1.0,-1.5406771205288021,1.0,0.0009361267944611839,1.0,-1.4328819993288182,1.0,1.0312249847783386,1.0,0.1590477084166273,1.0
CLI-3280,Aurelio Cazorla-Bonet,28.0,femenino,quito,2199075.0,desconocido,12.0,118963.0,36.0,6790.0,1026475.0,0.0,1.0,2024-11-16,app,desconocido,ecuador,aprobado,0.0,-0.6551724137931034,0.0,-0.8362068965517241,-0.1797640712035694,0.0,0.3895131086142322,0.41903017931008707,-0.75,0.0,-1.0064912487126259,1.0,0.04494689081865905,1.0,-1.7114433593027265,1.0,-0.5147205010376724,1.0,0.0068301062973813,1.0,0.6395270846987265,1.0,0.7920694618298536,1.0,-1.6454266338532069,0.0,0.1590477084166273,1.0
CLI-2230,Matilde Mir Casanovas,35.0,masculino,sto. domingo,3182880.0,empleado,88.0,607161.0,36.0,7260.0,275818.0,4.0,1.0,2025-12-11,app,desktop,ecuador,aprobado,0.0,-0.41379310344827586,0.5044739918775896,-0.1810344827586207,0.9476827432034216,0.0,0.5655430711610487,-0.45761676643909366,0.25,0.0,-0.5870752304386575,1.0,0.7691897947611456,1.0,-0.24645669744358392,1.0,0.9760117332750495,1.0,0.0068301062973813,1.0,0.8996878091791654,1.0,-0.7437756341637409,1.0,0.5731179750185994,1.0,0.1590477084166273,1.0
CLI-1566,Nicanor Miralles,73.0,desconocido,loja,2199075.0,desconocido,217.0,9642.0,36.0,7600.0,656209.0,1.0,3.0,24/12/2024,web,android,ecuador,rechazado,0.0,0.896551724137931,0.0,0.9310344827586207,-0.4322305155515321,0.0,0.6928838951310862,-0.013381105757215496,-0.5,1.0,1.3736137957931474,1.0,0.04494689081865905,1.0,1.3732002505433907,1.0,-2.152484311276842,1.0,0.0068301062973813,1.0,1.0876178897920137,1.0,0.13894393279811726,1.0,-0.9937313799445397,1.0,1.364018092104731,1.0
CLI-2142,Natalio Vázquez Giner,38.0,femenino,sto. domingo,4027510.0,empleado,128.0,49502.0,48.0,8060.0,1386825.0,1.0,3.0,2025-05-01,call center,desktop,vietnam,rechazado,1.0,-0.3103448275862069,0.9375820445501908,0.16379310344827586,-0.340177639418769,0.5,0.8651685393258427,0.8398611672322903,-0.5,1.0,-0.4149408651735799,1.0,1.3485449028680307,1.0,0.3130423455107314,1.0,-1.1649642368587443,1.0,0.6867732139686339,1.0,1.3415343312289214,1.0,1.3326741125064563,1.0,-0.9937313799445397,1.0,1.364018092104731,1.0
CLI-4263,Inés Mayoral-Barrena,69.0,masculino,machala,1988970.0,empleado,141.0,196247.0,48.0,5300.0,971449.0,6.0,1.0,09-21-2025,app,desconocido,ecuador,pendiente,0.0,0.7586206896551724,-0.10773731386142675,0.27586206896551724,-0.001284029080025496,0.5,-0.16853932584269662,0.3547686393034071,0.75,0.0,1.1846571514076158,1.0,-0.11899952950842954,1.0,0.481075929086469,1.0,-0.0989190000757789,1.0,0.6867732139686339,1.0,-0.18847865781860762,1.0,0.7025505547603832,1.0,1.4693164031674129,1.0,0.1590477084166273,1.0
CLI-1716,Isidora Benítez Cervantes,22.0,masculino,guayaquil,2199075.0,estudiante,97.0,82815.0,24.0,4200.0,397126.0,0.0,2.0,25 de July de 2025,call center,ios,colombia,rechazado,0.0,-0.8620689655172413,0.0,-0.10344827586206896,-0.26324443664378816,-0.5,-0.5805243445692884,-0.3159484842610262,-0.75,0.5,-1.3907510032894055,1.0,0.04494689081865905,1.0,-0.11393478994525327,1.0,-0.7948183655391547,1.0,-0.7243013537000694,1.0,-0.8035507297264468,1.0,-0.4237255643182685,1.0,-1.6454266338532069,0.0,0.8765503230843952,1.0
CLI-2932,Gisela Fiol Benitez,51.0,femenino,cuenca,810550.0,empleado,136.0,60281.0,24.0,6970.0,1267831.0,1.0,0.0,09-08-2025,web,desconocido,ecuador,rechazado,0.0,0.13793103448275862,-0.7120056815851007,0.23275862068965517,-0.3152845648619438,-0.5,0.45692883895131087,0.7008952658119638,-0.5,-0.5,0.2900687935278137,1.0,-1.1404866550946078,1.0,0.4171146738783833,1.0,-1.0269725715048097,1.0,-0.7243013537000694,1.0,0.7392160910502951,1.0,1.1618793266379146,1.0,-0.9937313799445397,1.0,-1.154978408707881,0.0
CLI-4081,Gema Acuña Garmendia,45.0,femenino,desconocido,2017980.0,empleado,100.0,179917.0,24.0,7900.0,1333116.0,5.0,3.0,desconocido,sucursal,ios,ecuador,aprobado,0.0,-0.06896551724137931,-0.09286161135496575,-0.07758620689655173,-0.03899660979372396,-0.5,0.8052434456928839,0.7771376719351802,0.5,1.0,-0.027868800795079914,1.0,-0.0961258796194901,1.0,-0.07072247627360177,1.0,-0.17357930123439663,1.0,-0.7243013537000694,1.0,1.2532589090396693,1.0,1.2564193461299917,1.0,1.0312249847783386,1.0,1.364018092104731,1.0
CLI-2271,Camila Barberá,47.0,masculino,loja,2199075.0,independiente,157.0,542542.0,60.0,3420.0,977756.0,2.0,1.0,05/06/2026,sucursal,android,ecuador,aprobado,0.0,0.0,0.0,0.41379310344827586,0.7984513131275808,1.0,-0.8726591760299626,0.36213420345166664,-0.25,0.0,0.07941182896138738,1.0,0.04494689081865905,1.0,0.6806408420118275,1.0,0.8596761430609692,1.0,1.3307640862439178,1.0,-1.242164584053085,1.0,0.7129226223957953,1.0,-0.42741696705649357,1.0,0.1590477084166273,1.0
CLI-3116,Luis Arjona-Díez,43.0,masculino,ibarra,3384690.0,independiente,55.0,997537.0,24.0,5240.0,1191924.0,6.0,3.0,2025-06-11,app,ios,ecuador,aprobado,0.0,-0.13793103448275862,0.6079578085900644,-0.46551724137931033,1.8492189592898118,-0.5,-0.19101123595505617,0.6122480678094366,0.75,1.0,-0.13654892106911792,1.0,0.9106424272053865,1.0,-0.7799061829807394,1.0,1.5159842951076912,1.0,-0.7243013537000694,1.0,-0.22193665849491095,1.0,1.0492132763083821,1.0,1.4693164031674129,1.0,1.364018092104731,1.0
CLI-2533,Ariel de Alcolea,27.0,desconocido,guayaquil,774020.0,independiente,24.0,367412.0,60.0,3610.0,494469.0,0.0,1.0,11/06/2026,call center,desconocido,ecuador,pendiente,0.0,-0.6896551724137931,-0.7307374779505271,-0.7327586206896551,0.39400524696775147,1.0,-0.8014981273408239,-0.202267477303038,-0.75,0.0,-1.0687537389404749,1.0,-1.176417051678635,1.0,-1.3997211428447183,1.0,0.4730549900838731,1.0,1.3307640862439178,1.0,-1.1351059464828661,1.0,-0.1973846558732466,1.0,-1.6454266338532069,0.0,0.1590477084166273,1.0
CLI-3018,Águeda Bermejo Millán,39.0,masculino,guayaquil,170100.0,desempleado,66.0,6457.0,48.0,5870.0,424388.0,2.0,1.0,desconocido,app,ios,ecuador,pendiente,0.0,-0.27586206896551724,-1.0404146326455266,-0.3706896551724138,-0.43958596990383636,0.5,0.0449438202247191,-0.2841108419889709,-0.25,0.0,-0.35844956077882295,1.0,-1.8645403212380864,1.0,-0.5921759567055255,1.0,-2.3563820866566343,1.0,0.6867732139686339,1.0,0.12890226598368684,1.0,-0.35808067092234935,1.0,-0.42741696705649357,1.0,0.1590477084166273,1.0
CLI-1834,Fermín Duarte Seguí,73.0,masculino,ibarra,2485820.0,jubilado,149.0,5552.0,60.0,4840.0,115238.0,5.0,0.0,03/03/2026,app,desktop,peru,aprobado,0.0,0.896551724137931,0.14703665340279773,0.3448275862068966,-0.4416759812661081,1.0,-0.3408239700374532,-0.6451484440873451,0.5,-0.5,1.3736137957931474,1.0,0.26281061076221207,1.0,0.5817934395317749,1.0,-2.429728814653904,1.0,1.3307640862439178,1.0,-0.44524734851892955,1.0,-1.2905406406757012,1.0,1.0312249847783386,1.0,-1.154978408707881,0.0
CLI-1215,Felicia Mayoral Goñi,33.0,femenino,quito,2367110.0,estudiante,219.0,64528.0,48.0,4410.0,1184788.0,2.0,2.0,28/04/2026,app,desconocido,ecuador,pendiente,0.0,-0.4827586206896552,0.08616472494564549,0.9482758620689655,-0.30547652259059793,0.5,-0.50187265917603,0.6039143646602404,-0.25,0.5,-0.7042092660851709,1.0,0.1733849942052076,1.0,1.3950362180519975,1.0,-0.9782282410176008,1.0,0.6867732139686339,1.0,-0.6858374455772259,1.0,1.038460935308429,1.0,-0.42741696705649357,1.0,0.8765503230843952,1.0
CLI-3767,Alcides de Farré,58.0,masculino,sto. domingo,1674650.0,empleado,206.0,141883.0,12.0,4560.0,145295.0,1.0,0.0,16/07/2024,app,desconocido,ecuador,aprobado,0.0,0.3793103448275862,-0.26891383271116215,0.8362068965517241,-0.12683251272482057,-1.0,-0.44569288389513106,-0.6100466902258835,-0.5,-0.5,0.6474854195246892,1.0,-0.3722715539855456,1.0,1.251818538311037,1.0,-0.37227714582309757,1.0,-1.5406771205288021,1.0,-0.6018450679825569,1.0,-1.1702605078981072,1.0,-0.9937313799445397,1.0,-1.154978408707881,0.0
CLI-2504,Nicodemo Cabello Barrera,52.0,femenino,quito,2032370.0,independiente,217.0,93209.0,60.0,3210.0,1483231.0,6.0,1.0,2025-04-23,web,desconocido,ecuador,rechazado,0.0,0.1724137931034483,-0.08548272962218485,0.9310344827586207,-0.239240482942736,1.0,-0.951310861423221,0.9524479085161197,0.75,0.0,0.34196783666934744,1.0,-0.08480884263299276,1.0,1.3732002505433907,1.0,-0.7052249503640766,1.0,1.3307640862439178,1.0,-1.3606708796495122,1.0,1.4663536091468794,1.0,1.4693164031674129,1.0,0.1590477084166273,1.0
CLI-3137,Rosenda Escobar Campo,44.0,desconocido,loja,958090.0,empleado,19.0,1167248.0,24.0,3680.0,215687.0,6.0,0.0,desconocido,app,android,colombia,aprobado,0.0,-0.10344827586206896,-0.6363503507404521,-0.7758620689655172,2.241150360729033,-0.5,-0.7752808988764045,-0.5278401274346536,0.75,-0.5,-0.08202892461808767,1.0,-0.9990747888299935,1.0,-1.5212386586135123,1.0,1.696309764327073,1.0,-0.7243013537000694,1.0,-1.0957001776880233,1.0,-0.9256642731416812,1.0,1.4693164031674129,1.0,-1.154978408707881,0.0
CLI-4643,Fortunata del Torrents,55.0,masculino,desconocido,1631240.0,jubilado,187.0,365149.0,24.0,7990.0,864349.0,0.0,1.0,01 de April de 2026,app,android,ecuador,aprobado,0.0,0.27586206896551724,-0.291173544734791,0.6724137931034483,0.3887790638596621,-0.5,0.8389513108614233,0.22969302169145212,-0.75,0.0,0.49594657480158233,1.0,-0.4081046874761062,1.0,1.0366708132147295,1.0,0.46712534505020337,1.0,-0.7243013537000694,1.0,1.3029194266639057,1.0,0.5216360107035596,1.0,-1.6454266338532069,0.0,0.1590477084166273,1.0
CLI-2383,Esteban Riba Pons,38.0,masculino,ibarra,2572740.0,jubilado,145.0,378043.0,60.0,7180.0,589244.0,3.0,0.0,01-23-2026,desconocido,desktop,ecuador,aprobado,0.0,-0.3103448275862069,0.1916073552939246,0.3103448275862069,0.4185565296111886,1.0,0.5355805243445693,-0.0915854823527763,0.0,-0.5,-0.4149408651735799,1.0,0.3276431310735105,1.0,0.5316770085429829,1.0,0.5005096717459488,1.0,1.3307640862439178,1.0,0.8554364808827346,1.0,0.0047149007957342755,1.0,0.08972016254826615,1.0,-1.154978408707881,0.0
CLI-2131,Severo de Lorenzo,51.0,masculino,desconocido,3271690.0,independiente,28.0,112664.0,60.0,4020.0,151486.0,2.0,3.0,04-08-2026,web,android,colombia,aprobado,0.0,0.13793103448275862,0.5500138450178447,-0.6982758620689655,-0.1943110121659446,1.0,-0.6479400749063671,-0.6028165954673811,-0.25,1.0,0.2900687935278137,1.0,0.8316941534545901,1.0,-1.308586937982773,1.0,-0.5578701500887181,1.0,1.3307640862439178,1.0,-0.9045679904286446,1.0,-1.14690149376298,1.0,-0.42741696705649357,1.0,1.364018092104731,1.0
CLI-1779,Ani Marcos Pardo,37.0,femenino,cuenca,1484310.0,desconocido,39.0,178057.0,24.0,5700.0,1362239.0,0.0,0.0,26 de March de 2025,call center,desconocido,ecuador,pendiente,0.0,-0.3448275862068966,-0.3665160807318374,-0.603448275862069,-0.043292102759276876,-0.5,-0.018726591760299626,0.8111486636411837,-0.75,-0.5,-0.47186551462805226,1.0,-0.5311277723262424,1.0,-1.078274925374986,1.0,-0.18243806436427237,1.0,-0.7243013537000694,1.0,0.034331306318895416,1.0,1.2979322653169796,1.0,-1.6454266338532069,0.0,-1.154978408707881,0.0
CLI-1779,Ani Marcos Pardo,23.0,femenino,cuenca,678640.0,independiente,30.0,169735.0,12.0,3830.0,784174.0,2.0,0.0,20 de March de 2026,web,ios,ecuador,pendiente,0.0,-0.8275862068965517,-0.7796462854329901,-0.6810344827586207,-0.0625109696728959,-1.0,-0.7191011235955056,0.13606148441751667,-0.25,-0.5,-1.3248039713607136,1.0,-1.2722127454290604,1.0,-1.264690466210096,1.0,-0.22304552276737605,1.0,-1.5406771205288021,1.0,-1.0113235946471946,1.0,0.37963497233108484,1.0,-0.42741696705649357,1.0,-1.154978408707881,0.0
CLI-4155,Luna Alba Prada Amores,39.0,masculino,sto. domingo,1975590.0,desempleado,113.0,158158.0,24.0,5790.0,115386.0,5.0,1.0,12-14-2025,app,ios,ecuador,rechazado,0.0,-0.27586206896551724,-0.11459828937112852,0.034482758620689655,-0.08924694927623253,-0.5,0.0149812734082397,-0.644975603831448,0.5,0.0,-0.35844956077882295,1.0,-0.12957607153872822,1.0,0.11156279128500424,1.0,-0.28239280168617825,1.0,-0.7243013537000694,1.0,0.08440717581138651,1.0,-1.289916534388874,1.0,1.0312249847783386,1.0,0.1590477084166273,1.0
CLI-3019,Leyre Soto Barrios,41.0,otro,machala,2199075.0,independiente,208.0,50668.0,12.0,5750.0,975633.0,5.0,1.0,30/11/2025,app,desktop,ecuador,aprobado,0.0,-0.20689655172413793,0.0,0.853448275862069,-0.33748487339842775,-1.0,0.0,0.3596548800511981,0.5,0.0,-0.2467117193929858,1.0,0.04494689081865905,1.0,1.2740533361016175,1.0,-1.148890206168292,1.0,-1.5406771205288021,1.0,0.062153721058298174,1.0,0.7094345841602454,1.0,1.0312249847783386,1.0,0.1590477084166273,1.0
CLI-2997,Josué Uribe-Río,42.0,masculino,manta,653730.0,independiente,108.0,365702.0,24.0,8320.0,159879.0,0.0,1.0,desconocido,desconocido,desktop,ecuador,rechazado,0.0,-0.1724137931034483,-0.792419596340813,-0.008620689655172414,0.39005616472522703,-0.5,0.9625468164794008,-0.5930149179826272,-0.75,0.0,-0.19143944416027134,1.0,-1.2977470166102707,1.0,0.04236422761999347,1.0,0.4685771732426369,1.0,-0.7243013537000694,1.0,1.4848862944801602,1.0,-1.115896408797979,1.0,-1.6454266338532069,0.0,0.1590477084166273,1.0
CLI-3978,Rafaela de Feliu,26.0,masculino,cuenca,2199075.0,empleado,96.0,24170.0,60.0,5750.0,16217.0,6.0,0.0,2024-12-08,web,android,ecuador,rechazado,0.0,-0.7241379310344828,0.0,-0.11206896551724138,-0.3986794823238155,1.0,0.0,-0.7607890858385439,0.75,-0.5,-1.1316825600056744,1.0,0.04494689081865905,1.0,-0.1284417567600151,1.0,-1.6307860712655131,1.0,1.3307640862439178,1.0,0.062153721058298174,1.0,-1.8696245718983717,1.0,1.4693164031674129,1.0,-1.154978408707881,0.0
CLI-1303,Miguel Ángel Almazán,35.0,otro,machala,2199075.0,empleado,45.0,1033415.0,24.0,7020.0,215809.0,6.0,1.0,2024-08-08,web,android,ecuador,aprobado,0.0,-0.41379310344827586,0.0,-0.5517241379310345,1.9320757854285793,-0.5,0.4756554307116105,-0.5276976510074952,0.75,0.0,-0.5870752304386575,1.0,0.04494689081865905,1.0,-0.9621922813596406,1.0,1.5561314401573056,1.0,-0.7243013537000694,1.0,0.7668956723667654,1.0,-0.9252740404345071,1.0,1.4693164031674129,1.0,0.1590477084166273,1.0
CLI-1215,Ambrosio Barrera,47.0,desconocido,desconocido,2199075.0,desconocido,109.0,196803.0,36.0,5750.0,667667.0,3.0,1.0,desconocido,desconocido,desconocido,ecuador,rechazado,0.0,0.0,0.0,0.0,0.0,0.0,0.0,0.0,0.0,0.0,0.07941182896138738,1.0,0.04494689081865905,1.0,0.05629167104489695,1.0,-0.09646962235387585,1.0,0.0068301062973813,1.0,0.062153721058298174,1.0,0.161293931918486,1.0,0.08972016254826615,1.0,0.1590477084166273,1.0
CLI-1281,África Lobo Escudero,32.0,masculino,guayaquil,467910.0,desconocido,175.0,11422.0,24.0,7870.0,1316629.0,4.0,1.0,desconocido,web,android,ecuador,rechazado,0.0,-0.5172413793103449,-0.8877040858185995,0.5689655172413793,-0.4281197749715943,-0.5,0.7940074906367042,0.7578835009961672,0.25,0.0,-0.763543483957753,1.0,-1.4964685734028305,1.0,0.8968444208794286,1.0,-2.062181576595044,1.0,-0.7243013537000694,1.0,1.236702181179151,1.0,1.2327407902724268,1.0,0.5731179750185994,1.0,0.1590477084166273,1.0
CLI-1368,Ciro Miranda Sanmartín,63.0,femenino,cuenca,2199075.0,independiente,134.0,767689.0,24.0,7460.0,343633.0,2.0,0.0,09-28-2025,web,ios,ecuador,aprobado,0.0,0.5517241379310345,0.0,0.21551724137931033,1.3184068801788402,-0.5,0.6404494382022472,-0.37841972621169195,-0.25,-0.5,0.8950545429529138,1.0,0.04494689081865905,1.0,0.3913013663932993,1.0,1.2256198284023831,1.0,-0.7243013537000694,1.0,1.010261636899103,1.0,-0.5586081266197569,1.0,-0.42741696705649357,1.0,-1.154978408707881,0.0
CLI-2158,Isabel Villar Sanmiguel,64.0,desconocido,cuenca,2230840.0,empleado,141.0,541069.0,36.0,4930.0,574456.0,6.0,3.0,29/09/2024,app,desktop,ecuador,aprobado,0.0,0.5862068965517241,0.016288407105058047,0.27586206896551724,0.7950495598274413,0.0,-0.30711610486891383,-0.10885549386767443,0.75,1.0,0.9438655831854961,1.0,0.0694009421230377,1.0,0.481075929086469,1.0,0.8568921957723743,1.0,0.0068301062973813,1.0,-0.3949624386720071,1.0,-0.025819620576567986,1.0,1.4693164031674129,1.0,1.364018092104731,1.0
CLI-3452,Federico Suárez Piquer,73.0,femenino,guayaquil,103560.0,empleado,138.0,60518.0,60.0,6880.0,929602.0,2.0,3.0,04-11-2025,app,desktop,peru,rechazado,0.0,0.896551724137931,-1.0745349099561061,0.25,-0.3147372359195588,1.0,0.4232209737827715,0.3058980569485286,-0.25,1.0,1.3736137957931474,1.0,-1.9642939426076582,1.0,0.4427959605385764,1.0,-1.02417811692094,1.0,1.3307640862439178,1.0,0.6893799634255682,1.0,0.6329646047155765,1.0,-0.42741696705649357,1.0,1.364018092104731,1.0
CLI-1843,Ainoa Bosch Pozuelo,64.0,desconocido,machala,2844950.0,empleado,159.0,535863.0,60.0,6610.0,96399.0,1.0,0.0,07-07-2025,app,ios,ecuador,rechazado,0.0,0.5862068965517241,0.33119077409033104,0.43103448275862066,0.7830267983335335,1.0,0.32209737827715357,-0.6671493736876403,-0.5,-0.5,0.9438655831854961,1.0,0.5274113611367722,1.0,0.7050756945351918,1.0,0.847001986711111,1.0,1.3307640862439178,1.0,0.5397701567184068,1.0,-1.3731220108776627,1.0,-0.9937313799445397,1.0,-1.154978408707881,0.0
CLI-1836,Dionisio Edmundo Correa Rocha,27.0,masculino,sto. domingo,3040350.0,empleado,119.0,107867.0,48.0,4600.0,161617.0,2.0,1.0,30/01/2026,app,desconocido,ecuador,rechazado,0.0,-0.6896551724137931,0.43138768101078884,0.08620689655172414,-0.20538922708839477,0.5,-0.4307116104868914,-0.5909852128154043,-0.25,0.0,-1.0687537389404749,1.0,0.6679993761528958,1.0,0.19320959741532076,1.0,-0.5921024669855032,1.0,0.6867732139686339,1.0,-0.5794591827061265,1.0,-1.109566486038454,1.0,-0.42741696705649357,1.0,0.1590477084166273,1.0
CLI-4259,Chus del Ayllón,62.0,femenino,sto. domingo,1809540.0,jubilado,141.0,613681.0,48.0,8480.0,859071.0,1.0,1.0,06/05/2026,web,android,ecuador,rechazado,0.0,0.5172413793103449,-0.19974514911596997,0.27586206896551724,0.9627400626310587,0.5,1.0224719101123596,0.22352916445750348,-0.5,0.0,0.8460156933322333,1.0,-0.26230350765268373,1.0,0.481075929086469,1.0,0.9871673799811492,1.0,0.6867732139686339,1.0,1.5730454653121733,1.0,0.5124716895392016,1.0,-0.9937313799445397,1.0,0.1590477084166273,1.0
CLI-4901,Nélida Corominas Gargallo,49.0,masculino,quito,4180550.0,independiente,236.0,174576.0,36.0,4810.0,557676.0,6.0,1.0,2025-08-11,sucursal,ios,ecuador,pendiente,0.0,0.06896551724137931,1.0160576568076465,1.0948275862068966,-0.05133114093835737,0.0,-0.352059925093633,-0.12845184179978092,0.75,0.0,0.1853682330189416,1.0,1.450259650230187,1.0,1.5779139817557646,1.0,-0.19922687138697134,1.0,0.0068301062973813,1.0,-0.462014301736421,1.0,-0.06089042932759983,1.0,1.4693164031674129,1.0,0.1590477084166273,1.0
CLI-3904,Samuel Sierra Barco,49.0,masculino,loja,161070.0,estudiante,179.0,227554.0,24.0,5750.0,1320256.0,4.0,0.0,18 de August de 2025,app,desktop,ecuador,rechazado,0.0,0.06896551724137931,-1.0450450219469172,0.603448275862069,0.07101650762565472,-0.5,0.0,0.7621192551052106,0.25,-0.5,0.1853682330189416,1.0,-1.8774382375940772,1.0,0.9438148669570019,1.0,0.03077779207019038,1.0,-0.7243013537000694,1.0,0.062153721058298174,1.0,1.2379610439302309,1.0,0.5731179750185994,1.0,-1.154978408707881,0.0
CLI-1754,Rufina Yaiza Daza Río,70.0,femenino,quito,2199075.0,independiente,36.0,17288.0,36.0,3440.0,426151.0,1.0,0.0,03 de August de 2024,sucursal,desktop,ecuador,rechazado,0.0,0.7931034482758621,0.0,-0.6293103448275862,-0.4145728062963613,0.0,-0.8651685393258427,-0.2820519408325762,-0.5,-0.5,1.2321913977431922,1.0,0.04494689081865905,1.0,-1.1385979958255257,1.0,-1.8302736345663477,1.0,0.0068301062973813,1.0,-1.2308882014161915,1.0,-0.3539005163912116,1.0,-0.9937313799445397,1.0,-1.154978408707881,0.0
CLI-4392,Juana de Gomis,30.0,femenino,cuenca,775990.0,empleado,110.0,147613.0,12.0,6960.0,714066.0,1.0,2.0,29/09/2025,sucursal,android,peru,rechazado,0.0,-0.5862068965517241,-0.7297273044263035,0.008620689655172414,-0.11359962310513334,-1.0,0.45318352059925093,0.05418658806327822,-0.5,0.5,-0.8838487923359118,1.0,-1.174469228674831,1.0,0.07017471510373664,1.0,-0.3396934240694556,1.0,-1.5406771205288021,1.0,0.7336795638047081,1.0,0.2501178673909499,1.0,-0.9937313799445397,1.0,0.8765503230843952,1.0
CLI-3359,Hipólito Baeza Prieto,20.0,masculino,sto. domingo,4012080.0,empleado,100.0,106602.0,24.0,7420.0,275166.0,4.0,0.0,04/07/2025,app,ios,ecuador,pendiente,0.0,-0.9310344827586207,0.92966987324117,-0.07758620689655173,-0.2083106241859348,-0.5,0.6254681647940075,-0.458378197836694,0.25,-0.5,-1.5252770679937777,1.0,1.338239051245484,1.0,-0.07072247627360177,1.0,-0.6013411451459386,1.0,-0.7243013537000694,1.0,0.9881530297086972,1.0,-0.7456479309053907,1.0,0.5731179750185994,1.0,-1.154978408707881,0.0
CLI-2731,Iris Estevez Pinto,61.0,masculino,ambato,4255120.0,empleado,104.0,614711.0,48.0,5840.0,1168838.0,2.0,1.0,2024-09-03,call center,android,ecuador,rechazado,0.0,0.4827586206896552,1.0542955449809246,-0.04310344827586207,0.9651187495958542,0.5,0.033707865168539325,0.5852873235686374,-0.25,0.0,0.7967443292520429,1.0,1.4994983405128044,1.0,-0.013800748394049009,1.0,0.9889206426357878,1.0,0.6867732139686339,1.0,0.11221844418067176,1.0,1.0143240739759622,1.0,-0.42741696705649357,1.0,0.1590477084166273,1.0
CLI-1402,Américo Díez-Roldán,42.0,otro,machala,208220.0,jubilado,35.0,1299564.0,60.0,7180.0,374911.0,4.0,4.0,13/08/2025,web,desktop,ecuador (vpn),rechazado,1.0,-0.1724137931034483,-1.0208675185625795,-0.6379310344827587,2.5467215689172584,1.0,0.5355805243445693,-0.3418920402390801,0.25,1.5,-0.19143944416027134,1.0,-1.8117674917819488,1.0,-1.1590838260358767,1.0,1.8222786988671142,1.0,1.3307640862439178,1.0,0.8554364808827346,1.0,-0.47870226533607035,1.0,0.5731179750185994,1.0,1.7302388816259997,1.0
CLI-1749,Nydia Hervia Medina,61.0,femenino,ambato,1856660.0,empleado,107.0,314602.0,60.0,6010.0,80515.0,5.0,1.0,10-31-2025,web,android,ecuador,aprobado,0.0,0.4827586206896552,-0.17558302908479304,-0.017241379310344827,0.2720455784135313,1.0,0.09737827715355805,-0.6856993373678297,0.5,0.0,0.7967443292520429,1.0,-0.22435510139512943,1.0,0.028391833526907297,1.0,0.32594707288276825,1.0,1.3307640862439178,1.0,0.20673132393002225,1.0,-1.4484796272572296,1.0,1.0312249847783386,1.0,0.1590477084166273,1.0
CLI-4605,Camila Santiago Acero,56.0,masculino,guayaquil,441620.0,independiente,61.0,897656.0,24.0,7870.0,1189399.0,0.0,0.0,2026-05-31,call center,desconocido,peru,rechazado,0.0,0.3103448275862069,-0.9011850309718177,-0.41379310344827586,1.6185532964444402,-0.5,0.7940074906367042,0.6092992729030857,-0.75,-0.5,0.5467223259835524,1.0,-1.5259850003057047,1.0,-0.6760490593057004,1.0,1.3975014077950123,1.0,-0.7243013537000694,1.0,1.236702181179151,1.0,1.0454119264460167,1.0,-1.6454266338532069,0.0,-1.154978408707881,0.0
CLI-2114,Dulce Sanz Machado,46.0,desconocido,cuenca,2212380.0,desconocido,29.0,81064.0,60.0,7980.0,330778.0,4.0,0.0,2025-05-08,app,desktop,ecuador,pendiente,0.0,-0.034482758620689655,0.006822517126799852,-0.6896551724137931,-0.2672882044839404,1.0,0.8352059925093633,-0.39343230384382716,0.25,-0.5,0.025941573775701342,1.0,0.05519982366951383,1.0,-1.2865101964600696,1.0,-0.8108255228475729,1.0,1.3307640862439178,1.0,1.297402303982576,1.0,-0.5923746525157353,1.0,0.5731179750185994,1.0,-1.154978408707881,0.0
CLI-2708,Carolina de Serrano,33.0,femenino,ibarra,135710.0,empleado,162.0,971778.0,60.0,6480.0,291567.0,1.0,0.0,desconocido,app,desconocido,ecuador,rechazado,0.0,-0.4827586206896552,-1.0580490831521516,0.45689655172413796,1.7897310005265443,1.0,0.27340823970037453,-0.43922446110043184,-0.5,-0.5,-0.7042092660851709,1.0,-1.9146318836172878,1.0,0.7415278238235563,1.0,1.4864103813472782,1.0,1.3307640862439178,1.0,0.4676801781789303,1.0,-0.699128322040034,1.0,-0.9937313799445397,1.0,-1.154978408707881,0.0
CLI-2811,Curro Miranda Garcia,61.0,desconocido,desconocido,4094840.0,desempleado,168.0,1165542.0,60.0,6430.0,352303.0,2.0,3.0,desconocido,app,ios,nigeria,rechazado,1.0,0.4827586206896552,0.9721074168273373,0.5086206896551724,2.2372105161057894,1.0,0.2546816479400749,-0.3682945571669146,-0.25,1.0,0.7967443292520429,1.0,1.393405807004293,1.0,0.8137331275760344,1.0,1.694609346404339,1.0,1.3307640862439178,1.0,0.43994340914121594,1.0,-0.5361484221156054,1.0,-0.42741696705649357,1.0,1.364018092104731,1.0
CLI-1541,Aristides Hernández,59.0,masculino,ambato,143480.0,empleado,182.0,213905.0,48.0,6570.0,453218.0,4.0,3.0,12-11-2025,call center,ios,ecuador,pendiente,0.0,0.41379310344827586,-1.054064794683513,0.6293103448275862,0.039495441234884944,0.5,0.30711610486891383,-0.2504420272760609,0.25,1.0,0.6974843537928508,1.0,-1.903072781585467,1.0,0.9788024374954525,1.0,-0.023809897475682382,1.0,0.6867732139686339,1.0,0.5175925376951224,1.0,-0.29065400055878104,1.0,0.5731179750185994,1.0,1.364018092104731,1.0
CLI-3404,Fito Bermúdez,72.0,femenino,machala,3948180.0,desempleado,222.0,10936.0,48.0,3140.0,337238.0,1.0,0.0,2026-05-08,app,ios,ecuador,rechazado,0.0,0.8620689655172413,0.8969033310087378,0.9741379310344828,-0.42924214571420655,0.5,-0.9775280898876404,-0.3858880602418362,-0.5,-0.5,1.3266661942191638,1.0,1.295458495793647,1.0,1.4276599138063724,1.0,-2.085600760474002,1.0,0.6867732139686339,1.0,-1.4002166307387929,1.0,-0.5753350322376422,1.0,-0.9937313799445397,1.0,-1.154978408707881,0.0
CLI-2938,Calista Donoso-Nebot,34.0,desconocido,sto. domingo,4189060.0,estudiante,10.0,212075.0,60.0,4320.0,936948.0,2.0,0.0,2026-03-10,call center,ios,peru,aprobado,0.0,-0.4482758620689655,1.0204214013209172,-0.853448275862069,0.03526923041393772,1.0,-0.5355805243445693,0.31447700640676785,-0.25,-0.5,-0.6453928909647655,1.0,1.4558893330592797,1.0,-1.7720327595953136,1.0,-0.0313482478343895,1.0,1.3307640862439178,1.0,-0.7362679543105839,1.0,0.6452785096116322,1.0,-0.42741696705649357,1.0,-1.154978408707881,0.0
CLI-3125,Regina Castrillo Juárez,41.0,masculino,sto. domingo,1699470.0,empleado,114.0,111346.0,12.0,3250.0,218076.0,3.0,0.0,2025-07-25,app,desconocido,ecuador,pendiente,0.0,-0.20689655172413793,-0.2561866718628215,0.04310344827586207,-0.19735480771895467,-1.0,-0.9363295880149812,-0.5250501587093971,0.0,-0.5,-0.2467117193929858,1.0,-0.3518833033395111,1.0,0.12527352285061588,1.0,-0.5671525629298467,1.0,-1.5406771205288021,1.0,-1.3380832822215203,1.0,-0.9180403700252875,1.0,0.08972016254826615,1.0,-1.154978408707881,0.0
CLI-3339,Ruben Sanjuan-Trujillo,52.0,femenino,ibarra,2199075.0,empleado,98.0,920974.0,48.0,8200.0,556236.0,5.0,0.0,2024-12-16,web,android,ecuador,pendiente,0.0,0.1724137931034483,0.0,-0.09482758620689655,1.6724039980416248,0.5,0.9176029962546817,-0.13013353077607612,0.5,-0.5,0.34196783666934744,1.0,0.04494689081865905,1.0,-0.09947972291633322,1.0,1.4261114702646664,1.0,0.6867732139686339,1.0,1.4187383721067177,1.0,-0.06392163172684864,1.0,1.0312249847783386,1.0,-1.154978408707881,0.0
CLI-4384,Pablo de Marín,63.0,otro,cuenca,2527760.0,independiente,10.0,9042.0,12.0,5440.0,1355684.0,3.0,3.0,15/11/2025,app,desktop,ecuador,aprobado,0.0,0.5517241379310345,0.168542581121549,-0.853448275862069,-0.4336161584436459,-1.0,-0.11610486891385768,0.8034934752803399,0.0,1.0,0.8950545429529138,1.0,0.294159429637583,1.0,-1.7720327595953136,1.0,-2.186073576194177,1.0,-1.5406771205288021,1.0,-0.11044763140984068,1.0,1.2886229625920653,1.0,0.08972016254826615,1.0,1.364018092104731,1.0
CLI-2999,Aroa Alberola Luís,25.0,desconocido,quito,659680.0,empleado,180.0,1207011.0,60.0,5290.0,507451.0,4.0,2.0,11 de June de 2025,web,android,ecuador,aprobado,0.0,-0.7586206896551724,-0.7893685646305945,0.6120689655172413,2.332979224594238,1.0,-0.17228464419475656,-0.1871065840459101,0.25,0.5,-1.19530993688497,1.0,-1.2916271349910367,1.0,0.9554999871692291,1.0,1.735366959046557,1.0,1.3307640862439178,1.0,-0.19405431259561604,1.0,-0.16874920900185136,1.0,0.5731179750185994,1.0,0.8765503230843952,1.0
CLI-4068,Ariel Pedrero Palmer,71.0,femenino,quito,2142040.0,jubilado,114.0,1061101.0,60.0,8310.0,876456.0,5.0,1.0,03/06/2026,desconocido,desconocido,ecuador,rechazado,0.0,0.8275862068965517,-0.02924631825081019,0.04310344827586207,1.9960139672803525,1.0,0.9588014981273408,0.24383205532756733,0.5,0.0,1.2795265513516445,1.0,0.0008262625090337205,1.0,0.12527352285061588,1.0,1.5863242005929636,1.0,1.3307640862439178,1.0,1.4793749086265457,1.0,0.5425648978875361,1.0,1.0312249847783386,1.0,0.1590477084166273,1.0
CLI-2239,Felicia Lucas-Diéguez,63.0,desconocido,sto. domingo,538730.0,jubilado,88.0,61822.0,36.0,6980.0,987494.0,3.0,3.0,24 de February de 2025,web,android,ecuador,aprobado,0.0,0.5517241379310345,-0.8513891167904172,-0.1810344827586207,-0.3117257720340314,0.0,0.4606741573033708,0.37350662515386285,0.0,1.0,0.8950545429529138,1.0,-1.4188406329351764,1.0,-0.24645669744358392,1.0,-1.008964073783088,1.0,0.0068301062973813,1.0,0.744752414236235,1.0,0.7288792896633891,1.0,0.08972016254826615,1.0,1.364018092104731,1.0
CLI-2122,Consuelo Carrión,62.0,masculino,quito,2199075.0,jubilado,189.0,939102.0,60.0,3760.0,576226.0,6.0,1.0,23/06/2026,app,ios,ecuador,rechazado,0.0,0.5172413793103449,0.0,0.6896551724137931,1.7142688886220243,1.0,-0.7453183520599251,-0.10678841783431159,0.75,0.0,0.8460156933322333,1.0,0.04494689081865905,1.0,1.059666416512501,1.0,1.447938933673666,1.0,1.3307640862439178,1.0,-1.0506885633578118,1.0,-0.022146771268996772,1.0,1.4693164031674129,1.0,0.1590477084166273,1.0
CLI-4068,Alfredo Sandalio Cardona Alsina,39.0,desconocido,quito,1723780.0,estudiante,55.0,72329.0,24.0,3280.0,753109.0,3.0,0.0,15 de March de 2026,call center,desconocido,colombia,aprobado,0.0,-0.27586206896551724,-0.24372102801821388,-0.46551724137931033,-0.28746085558829776,-0.5,-0.9250936329588015,0.0997825482726485,0.0,-0.5,-0.35844956077882295,1.0,-0.3319826673838422,1.0,-0.7799061829807394,1.0,-0.8952759887240804,1.0,-0.7243013537000694,1.0,-1.321147274463651,1.0,0.3229040605380969,1.0,0.08972016254826615,1.0,-1.154978408707881,0.0
CLI-2113,Teo Aníbal Iglesia Ferrándiz,23.0,masculino,ibarra,1268640.0,jubilado,100.0,1142033.0,12.0,7790.0,60765.0,3.0,0.0,2025-10-10,web,desconocido,ecuador,aprobado,0.0,-0.8275862068965517,-0.47710700660458627,-0.07758620689655173,2.1829187181879486,-1.0,0.7640449438202247,-0.7087641688135451,0.0,-0.5,-1.3248039713607136,1.0,-0.7171459746621344,1.0,-0.07072247627360177,1.0,1.6709631762836716,1.0,-1.5406771205288021,1.0,1.1925429623570745,1.0,-1.5520804199249834,1.0,0.08972016254826615,1.0,-1.154978408707881,0.0
CLI-2462,Bárbara Sabater Bayo,61.0,masculino,desconocido,661030.0,jubilado,30.0,802503.0,36.0,6630.0,835534.0,1.0,3.0,10 de June de 2025,web,desconocido,ecuador,aprobado,0.0,0.4827586206896552,-0.7886763137383599,-0.6810344827586207,1.398806499588926,0.0,0.3295880149812734,0.1960417245720452,-0.5,1.0,0.7967443292520429,1.0,-1.2902404246024044,1.0,-1.264690466210096,1.0,1.2739090361384422,1.0,0.0068301062973813,1.0,0.5508576720972044,1.0,0.47129787584959537,1.0,-0.9937313799445397,1.0,1.364018092104731,1.0
CLI-4861,René Arévalo Canals,29.0,femenino,desconocido,2393710.0,desempleado,39.0,88246.0,60.0,8390.0,1149461.0,1.0,1.0,01/08/2024,sucursal,ios,ecuador,rechazado,0.0,-0.6206896551724138,0.09980463141485826,-0.603448275862069,-0.25070205906533766,1.0,0.9887640449438202,0.5626580962813652,-0.5,0.0,-0.9448654062922993,1.0,0.1935142357083694,1.0,-1.078274925374986,1.0,-0.7469043244653193,1.0,1.3307640862439178,1.0,1.5234612421917701,1.0,0.9848048156845925,1.0,-0.9937313799445397,1.0,0.1590477084166273,1.0
CLI-4881,Ambrosio Barrera,38.0,femenino,cuenca,4383680.0,desconocido,1.0,17522.0,24.0,7340.0,1243123.0,5.0,3.0,11/06/2025,web,desconocido,ecuador,aprobado,0.0,-0.3103448275862069,1.120218341059195,-0.9310344827586207,-0.4140324055684369,-0.5,0.5955056179775281,0.6720402857936988,0.5,1.0,-0.4149408651735799,1.0,1.583907320182886,1.0,-2.126194560901341,1.0,-1.8224812511504749,1.0,-0.7243013537000694,1.0,0.9439266121242994,1.0,1.1255412258079915,1.0,1.0312249847783386,1.0,1.364018092104731,1.0
CLI-4647,Tomasa Francisca Hernando Valenciano,32.0,femenino,desconocido,4195110.0,empleado,150.0,750573.0,36.0,5880.0,1344855.0,1.0,0.0,desconocido,call center,ios,peru,rechazado,0.0,-0.5172413793103449,1.023523710875005,0.35344827586206895,1.2788791072764727,0.0,0.04868913857677903,0.7908469406106867,-0.5,-0.5,-0.763543483957753,1.0,1.4598899764828435,1.0,0.5942488823083881,1.0,1.201205410018443,1.0,0.0068301062973813,1.0,0.13446305262148495,1.0,1.2732001803796371,1.0,-0.9937313799445397,1.0,-1.154978408707881,0.0
CLI-2181,Dolores Alegre Palau,64.0,masculino,loja,1164240.0,estudiante,46.0,86421.0,24.0,4900.0,1213768.0,1.0,0.0,desconocido,call center,android,ecuador,aprobado,0.0,0.5862068965517241,-0.530641075604053,-0.5431034482758621,-0.254916722862184,-0.5,-0.31835205992509363,0.6377583553081811,-0.5,-0.5,0.9438655831854961,1.0,-0.8098643761986906,1.0,-0.943376756073975,1.0,-0.7627235821491007,1.0,-0.7243013537000694,1.0,-0.41172143374472575,1.0,1.081951987898553,1.0,-0.9937313799445397,1.0,-1.154978408707881,0.0
CLI-3061,Ruperta Castillo Barreda,32.0,femenino,machala,2199075.0,desempleado,12.0,307389.0,36.0,4420.0,896473.0,6.0,0.0,2025-09-04,app,android,ecuador,rechazado,0.0,-0.5172413793103449,0.0,-0.8362068965517241,0.25538784144550264,0.0,-0.49812734082397003,0.26720869993763735,0.75,-0.5,-0.763543483957753,1.0,0.04494689081865905,1.0,-1.7114433593027265,1.0,0.30428144727157175,1.0,0.0068301062973813,1.0,-0.6802356974597157,1.0,0.5768897515885478,1.0,1.4693164031674129,1.0,-1.154978408707881,0.0
CLI-1537,Liliana Piedad Cerezo Baños,27.0,masculino,cuenca,1260350.0,independiente,176.0,74488.0,48.0,7410.0,1189583.0,4.0,1.0,2025-08-17,desconocido,android,ecuador,aprobado,0.0,-0.6896551724137931,-0.48135793986134473,0.5775862068965517,-0.2824748505815081,0.5,0.6217228464419475,0.60951415538339,0.25,0.0,-1.0687537389404749,1.0,-0.7244400625198927,1.0,0.9086218766799399,1.0,-0.8736420736332517,1.0,0.6867732139686339,1.0,0.982625400125878,1.0,1.045689055898008,1.0,0.5731179750185994,1.0,0.1590477084166273,1.0
CLI-4068,Ariel Pedrero Palmer,33.0,femenino,guayaquil,1783370.0,desempleado,80.0,61634.0,12.0,7210.0,668913.0,1.0,2.0,16/08/2024,app,ios,rusia,rechazado,1.0,-0.4827586206896552,-0.21316456085654512,-0.25,-0.3121599401402271,-1.0,0.5468164794007491,0.0014551281003220902,-0.5,0.5,-0.7042092660851709,1.0,-0.2834812418386674,1.0,-0.368262999252414,1.0,-1.011140889604053,1.0,-1.5406771205288021,1.0,0.8720322058250367,1.0,0.1637141441760948,1.0,-0.9937313799445397,1.0,0.8765503230843952,1.0
CLI-1914,Teodoro Octavio Carrillo Armengol,47.0,masculino,desconocido,1829320.0,desconocido,26.0,82428.0,12.0,6090.0,620163.0,4.0,0.0,07-30-2025,sucursal,android,ecuador,rechazado,0.0,0.0,-0.18960239159863806,-0.7155172413793104,-0.2641381763092016,-1.0,0.12734082397003746,-0.055477050784671404,0.25,-0.5,0.07941182896138738,1.0,-0.2463452181883266,1.0,-1.3535606847343569,1.0,-0.7983317292710449,1.0,-1.5406771205288021,1.0,0.2511840939131941,1.0,0.06748432524439302,1.0,0.5731179750185994,1.0,-1.154978408707881,0.0
CLI-1420,Emperatriz de Cañizares,23.0,masculino,manta,2228250.0,desempleado,176.0,733554.0,36.0,7450.0,1421857.0,0.0,2.0,12 de January de 2025,call center,desktop,peru,rechazado,0.0,-0.8275862068965517,0.014960310948845222,0.5775862068965517,1.2395753466416635,0.0,0.6367041198501873,0.8807729229389384,-0.75,0.5,-1.3248039713607136,1.0,0.06741017134753961,1.0,0.9086218766799399,1.0,1.1764642759445483,1.0,0.0068301062973813,1.0,1.0047347712457642,1.0,1.3817109686848383,1.0,-1.6454266338532069,0.0,0.8765503230843952,1.0
CLI-4714,Fernando Benito Aguilera Valencia,23.0,femenino,manta,3275170.0,independiente,158.0,19194.0,36.0,4740.0,1077875.0,3.0,3.0,31/12/2025,desconocido,android,ecuador,rechazado,0.0,-0.8275862068965517,0.5517983139844935,0.4224137931034483,-0.41017108070907965,0.0,-0.3782771535580524,0.4790571330472905,0.0,1.0,-1.3248039713607136,1.0,0.8341350777036202,1.0,0.6928717622509784,1.0,-1.7691971599474303,1.0,0.0068301062973813,1.0,-0.5011476703216124,1.0,0.873795164509029,1.0,0.08972016254826615,1.0,1.364018092104731,1.0
CLI-1706,Teodoro Estevez Bayona,20.0,desconocido,quito,2548680.0,empleado,95.0,531754.0,36.0,3530.0,98868.0,0.0,1.0,10 de September de 2025,call center,desktop,peru,rechazado,0.0,-0.9310344827586207,0.17926990605899004,-0.1206896551724138,0.7735374539273738,0.0,-0.8314606741573034,-0.6642659777970341,-0.75,0.0,-1.5252770679937777,1.0,0.3097500628048739,1.0,-0.14300134766817957,1.0,0.8391390496143334,1.0,0.0068301062973813,1.0,-1.180165174362733,1.0,-1.3619170128616567,1.0,-1.6454266338532069,0.0,0.1590477084166273,1.0
CLI-1043,Alejandra Corral-Sandoval,45.0,masculino,quito,244100.0,desconocido,178.0,57326.0,12.0,7350.0,366339.0,5.0,2.0,desconocido,app,ios,ecuador,rechazado,0.0,-0.06896551724137931,-1.002469028182303,0.5948275862068966,-0.32210885610560447,-1.0,0.599250936329588,-0.351902761006304,0.5,0.5,-0.027868800795079914,1.0,-1.7641750818119866,1.0,0.932106923821541,1.0,-1.0626078905044813,1.0,-1.5406771205288021,1.0,0.9494555888095789,1.0,-0.5002985852246108,1.0,1.0312249847783386,1.0,0.8765503230843952,1.0
CLI-3761,Consuelo Campoy Ordóñez,49.0,otro,quito,2542920.0,independiente,36.0,95726.0,24.0,3660.0,300395.0,6.0,1.0,2026-03-12,app,desconocido,ecuador,pendiente,0.0,0.06896551724137931,0.17631630225212291,-0.6293103448275862,-0.23342771101031842,-0.5,-0.7827715355805244,-0.42891477340408884,0.75,0.0,0.1853682330189416,1.0,0.3054604745374136,1.0,-1.1385979958255257,1.0,-0.6847907590279095,1.0,-0.7243013537000694,1.0,-1.1069569880004926,1.0,-0.6745668364035156,1.0,1.4693164031674129,1.0,0.1590477084166273,1.0
CLI-1455,Reyes Paredes Vilanova,72.0,otro,cuenca,3517390.0,empleado,154.0,113125.0,60.0,5350.0,73382.0,1.0,4.0,09/09/2025,desconocido,desktop,ecuador (vpn),rechazado,1.0,0.8620689655172413,0.6760035074045206,0.3879310344827586,-0.1932463765438371,1.0,-0.149812734082397,-0.6940295369983254,-0.5,1.5,1.3266661942191638,1.0,1.0025572300631056,1.0,0.6437838255471102,1.0,-0.554644804053796,1.0,1.3307640862439178,1.0,-0.16060442713289988,1.0,-1.4844439398058196,1.0,-0.9937313799445397,1.0,1.7302388816259997,1.0
CLI-4331,Berto Pinto Grau,68.0,desconocido,machala,933820.0,jubilado,210.0,16010.0,48.0,9500.0,676465.0,1.0,3.0,07-03-2025,desconocido,android,nigeria,aprobado,1.0,0.7241379310344828,-0.648795483447512,0.8706896551724138,-0.4175242256565638,0.5,1.404494382022472,0.010274652509336877,-0.5,1.0,1.1369201125057966,1.0,-1.021958543196493,1.0,1.2962135269515536,1.0,-1.8744547045323465,1.0,0.6867732139686339,1.0,2.1340886486296755,1.0,0.17834068795447183,1.0,-0.9937313799445397,1.0,1.364018092104731,1.0
CLI-2482,Jacinta de Roca,50.0,desconocido,guayaquil,1308350.0,desconocido,77.0,46217.0,48.0,7110.0,1068602.0,3.0,0.0,2024-11-14,web,ios,ecuador,pendiente,0.0,0.10344827586206896,-0.4567445748041186,-0.27586206896551724,-0.34776403425309227,0.5,0.5093632958801498,0.4682277567436896,0.0,-0.5,0.23787146391646838,1.0,-0.682362315479876,1.0,-0.41501937200379546,1.0,-1.2120130806708327,1.0,0.6867732139686339,1.0,0.8167061814655499,1.0,0.8591804148789012,1.0,0.08972016254826615,1.0,-1.154978408707881,0.0
CLI-1103,Teresa Ripoll Hurtado,65.0,desconocido,sto. domingo,2989160.0,jubilado,167.0,195506.0,24.0,6870.0,412447.0,1.0,2.0,2026-06-06,web,android,ecuador,aprobado,0.0,0.6206896551724138,0.4051385527341346,0.5,-0.0029952980517860936,-0.5,0.41947565543071164,-0.2980560142569854,-0.5,0.5,0.9924533531215401,1.0,0.6313824877628251,1.0,0.8017622263142528,1.0,-0.10219238600358356,1.0,-0.7243013537000694,1.0,0.6838415860063835,1.0,-0.38659756166180276,1.0,-0.9937313799445397,1.0,0.8765503230843952,1.0
CLI-3141,Nacho Angulo Bueno,20.0,otro,sto. domingo,4123130.0,desempleado,6.0,281857.0,48.0,3290.0,380271.0,6.0,2.0,25/04/2025,web,ios,ecuador,pendiente,0.0,-0.9310344827586207,0.9866139188579398,-0.8879310344827587,0.1964241175764182,0.5,-0.9213483146067416,-0.33563242016064804,0.75,0.5,-1.5252770679937777,1.0,1.4122024313564856,1.0,-1.9065555468267243,1.0,0.22401518368938833,1.0,0.6867732139686339,1.0,-1.315502824463507,1.0,-0.46530886852992365,1.0,1.4693164031674129,1.0,0.8765503230843952,1.0
CLI-4698,Emilio del Gargallo,36.0,femenino,cuenca,3687920.0,jubilado,158.0,11513.0,12.0,5750.0,547292.0,1.0,0.0,01/08/2025,web,desconocido,ecuador,rechazado,0.0,-0.3793103448275862,0.7634476145547032,0.4224137931034483,-0.42790961913295705,-1.0,0.0,-0.14057868786217625,-0.5,-0.5,-0.5292383727752412,1.0,1.1194720518313115,1.0,0.6928717622509784,1.0,-2.0578892479913193,1.0,-1.5406771205288021,1.0,0.062153721058298174,1.0,-0.08282685027311232,1.0,-0.9937313799445397,1.0,-1.154978408707881,0.0
CLI-2112,Severo Córdoba-Jimenez,44.0,femenino,loja,2252820.0,jubilado,134.0,83975.0,12.0,5060.0,37402.0,3.0,1.0,2026-05-02,app,desktop,ecuador,pendiente,0.0,-0.10344827586206896,0.027559277187512818,0.21551724137931033,-0.2605655270523681,-1.0,-0.25842696629213485,-0.7360484046143677,0.0,0.0,-0.08202892461808767,1.0,0.08627350220581564,1.0,0.3913013663932993,1.0,-0.7843688088859075,1.0,-1.5406771205288021,1.0,-0.32237018984504817,1.0,-1.6965704453879171,1.0,0.08972016254826615,1.0,0.1590477084166273,1.0
CLI-3137,Javiera Losa,51.0,desconocido,sto. domingo,2409430.0,estudiante,57.0,236911.0,36.0,5480.0,308837.0,0.0,3.0,26/02/2026,app,ios,nigeria,aprobado,1.0,0.13793103448275862,0.10786550847109981,-0.4482758620689655,0.09262560852817012,0.0,-0.10112359550561797,-0.41905587178055825,-0.75,1.0,0.2900687935278137,1.0,0.20538508931323543,1.0,-0.7448715920654982,1.0,0.06664180788763517,1.0,0.0068301062973813,1.0,-0.08816258481493507,1.0,-0.6513754672067535,1.0,-1.6454266338532069,0.0,1.364018092104731,1.0
CLI-2869,Leonel Manzano Cases,35.0,desconocido,desconocido,2129130.0,desempleado,28.0,64631.0,24.0,4060.0,1203397.0,5.0,1.0,2025-10-12,call center,desconocido,ecuador,rechazado,0.0,-0.41379310344827586,-0.035866287894326616,-0.6982758620689655,-0.3052386538941184,-0.5,-0.6329588014981273,0.6256466911601551,0.5,0.0,-0.5870752304386575,1.0,-0.009199192955588593,1.0,-1.308586937982773,1.0,-0.977079730363079,1.0,-0.7243013537000694,1.0,-0.8821098473672998,1.0,1.0664411414525068,1.0,1.0312249847783386,1.0,0.1590477084166273,1.0
CLI-4733,Zaira del Gil,73.0,masculino,loja,2960450.0,empleado,143.0,139649.0,24.0,4050.0,394406.0,0.0,0.0,desconocido,call center,desktop,ecuador,rechazado,0.0,0.896551724137931,0.3904166837592813,0.29310344827586204,-0.13199172309312443,-0.5,-0.6367041198501873,-0.3191250078829171,-0.75,-0.5,1.3736137957931474,1.0,0.610780501529785,1.0,0.5064381804469242,1.0,-0.38527890798182557,1.0,-0.7243013537000694,1.0,-0.887723848108296,1.0,-0.4303826711257007,1.0,-1.6454266338532069,0.0,-1.154978408707881,0.0
CLI-2167,Azahara Escalona Pozo,37.0,desconocido,quito,1470180.0,desempleado,41.0,1233693.0,48.0,3840.0,983803.0,3.0,3.0,desconocido,app,ios,ecuador,rechazado,0.0,-0.3448275862068966,-0.3737616400705583,-0.5862068965517241,2.39459876400654,0.5,-0.7153558052434457,0.36919612931253953,0.0,1.0,-0.47186551462805226,1.0,-0.5431079907942747,1.0,-1.0389413061558674,1.0,1.7609775495491828,1.0,0.6867732139686339,1.0,-1.005701544114568,1.0,0.7228394300473874,1.0,0.08972016254826615,1.0,1.364018092104731,1.0
CLI-4488,Lola Camino Montaña,44.0,desconocido,guayaquil,1962430.0,estudiante,31.0,852139.0,48.0,3070.0,761341.0,2.0,2.0,26/12/2024,app,desconocido,ecuador,rechazado,0.0,-0.10344827586206896,-0.12134645362431801,-0.6724137931034483,1.513436117243864,0.5,-1.00374531835206,0.10939620358713602,-0.25,0.5,-0.08202892461808767,1.0,-0.1399953736323369,1.0,-1.2431166039743322,1.0,1.3398192709554795,1.0,0.6867732139686339,1.0,-1.4397850341815077,1.0,0.33803631122485,1.0,-0.42741696705649357,1.0,0.8765503230843952,1.0
CLI-3441,Débora Blanch,29.0,otro,desconocido,3236360.0,independiente,199.0,505043.0,48.0,0.0,733828.0,5.0,1.0,2025-12-16,app,ios,ecuador,aprobado,0.0,-0.6206896551724138,0.5318973827788489,0.7758620689655172,0.7118509417752856,0.5,-2.153558052434457,0.07726543358379599,0.5,0.0,-0.9448654062922993,1.0,0.8068779884434479,1.0,1.1733949253745235,1.0,0.7867516690870913,1.0,0.6867732139686339,1.0,-3.2212900173237156,0.0,0.2871729133161916,1.0,1.0312249847783386,1.0,0.1590477084166273,1.0
CLI-2500,Eusebia Cabrera-Sacristán,32.0,femenino,quito,4213870.0,estudiante,237.0,86978.0,12.0,6690.0,62393.0,2.0,3.0,13 de September de 2024,app,desconocido,ecuador,aprobado,0.0,-0.5172413793103449,1.0331434343848709,1.103448275862069,-0.25363038437733826,-1.0,0.352059925093633,-0.7068629259986781,-0.25,1.0,-0.763543483957753,1.0,1.4722865480876812,1.0,1.5885253636917243,1.0,-0.7578661365300219,1.0,-1.5406771205288021,1.0,0.5841150736481653,1.0,-1.5430261249117259,1.0,-0.42741696705649357,1.0,1.364018092104731,1.0
CLI-3847,Poncio del Ferrán,61.0,otro,loja,1903850.0,independiente,104.0,127716.0,36.0,4970.0,1370036.0,5.0,0.0,desconocido,web,desconocido,ecuador,aprobado,0.0,0.4827586206896552,-0.15138501456290765,-0.04310344827586207,-0.15954985081244863,0.0,-0.29213483146067415,0.820254308744082,0.5,-0.5,0.7967443292520429,1.0,-0.18657967226392172,1.0,-0.013800748394049009,1.0,-0.45782166765381704,1.0,0.0068301062973813,1.0,-0.37262118394006083,1.0,1.308979739574858,1.0,1.0312249847783386,1.0,-1.154978408707881,0.0
CLI-2692,Guiomar Valbuena Maldonado,29.0,masculino,manta,1998750.0,independiente,228.0,638316.0,12.0,3530.0,879044.0,3.0,1.0,desconocido,call center,android,ecuador,aprobado,0.0,-0.6206896551724138,-0.10272234073101694,1.0258620689655173,1.019632250376433,-1.0,-0.8314606741573034,0.24685442412663117,0.0,0.0,-0.9448654062922993,1.0,-0.11127941946917512,1.0,1.4924486923963705,1.0,1.0284442864557612,1.0,-1.5406771205288021,1.0,-1.180165174362733,1.0,0.5470220875072086,1.0,0.08972016254826615,1.0,0.1590477084166273,1.0
CLI-4950,Ruth Arco Sanz,5.0,masculino,quito,4196030.0,independiente,67.0,91489.0,48.0,7100.0,1067409.0,4.0,0.0,desconocido,sucursal,desconocido,ecuador,rechazado,0.0,-1.4482758620689655,1.023995467038602,-0.3620689655172414,-0.24321265923346236,0.5,0.5056179775280899,0.4668345241404117,0.25,-0.5,-2.7186144465288518,1.0,1.4604982183119193,1.0,-0.5756689484714158,1.0,-0.719455192907198,1.0,0.6867732139686339,1.0,0.8111724840845989,1.0,0.8572961270535306,1.0,0.5731179750185994,1.0,-1.154978408707881,0.0
CLI-3913,Ángel Arce Puerta,48.0,masculino,quito,2199075.0,desempleado,18.0,1267449.0,48.0,6620.0,362152.0,2.0,0.0,29/01/2026,web,ios,ecuador,aprobado,0.0,0.034482758620689655,0.0,-0.7844827586206896,2.472555033116865,0.5,0.3258426966292135,-0.35679250527279566,-0.25,-0.5,0.1325511349327879,1.0,0.04494689081865905,1.0,-1.5467711588774813,1.0,1.792723937632358,1.0,0.6867732139686339,1.0,0.5453140219734165,1.0,-0.5109283255844485,1.0,-0.42741696705649357,1.0,-1.154978408707881,0.0
CLI-4259,Chus del Ayllón,68.0,desconocido,cuenca,2996680.0,desempleado,183.0,464793.0,60.0,7900.0,1385244.0,6.0,2.0,14/08/2025,app,desconocido,ecuador,rechazado,0.0,0.7241379310344828,0.40899464659310003,0.6379310344827587,0.6188973977626486,1.0,0.8052434456928839,0.8380148128770663,0.75,0.5,1.1369201125057966,1.0,0.6367709513936631,1.0,0.9904201014930888,1.0,0.7032652684594369,1.0,1.3307640862439178,1.0,1.2532589090396693,1.0,1.3304482593548568,1.0,1.4693164031674129,1.0,0.8765503230843952,1.0
CLI-3329,Ramón Gibert Beltran,31.0,otro,loja,3048630.0,empleado,53.0,1120644.0,36.0,3920.0,327382.0,2.0,0.0,2024-08-05,sucursal,android,ecuador,pendiente,0.0,-0.5517241379310345,0.43563348648316036,-0.4827586206896552,2.1335228584889103,0.0,-0.6853932584269663,-0.3973982870129233,-0.25,-0.5,-0.8234160113523812,1.0,0.6739083130758656,1.0,-0.8153831168907869,1.0,1.6490938039932397,1.0,0.0068301062973813,1.0,-0.9607385945960056,1.0,-0.6013911942077838,1.0,-0.42741696705649357,1.0,-1.154978408707881,0.0
CLI-4790,Chita del Giménez,35.0,femenino,guayaquil,942480.0,estudiante,62.0,488082.0,12.0,7410.0,1295755.0,0.0,2.0,29 de July de 2025,web,android,ecuador,aprobado,0.0,-0.41379310344827586,-0.6443548221684374,-0.4051724137931034,0.6726811266200475,-1.0,0.6217228464419475,0.7335060178772881,-0.75,0.5,-0.5870752304386575,1.0,-1.013777102129187,1.0,-0.6590897599299094,1.0,0.7522736035831826,1.0,-1.5406771205288021,1.0,0.982625400125878,1.0,1.2025731587833883,1.0,-1.6454266338532069,0.0,0.8765503230843952,1.0
CLI-2322,Jacobo Tello Pérez,19.0,femenino,guayaquil,2356120.0,independiente,140.0,579266.0,48.0,4820.0,51801.0,2.0,0.0,07-28-2025,app,ios,ecuador,aprobado,0.0,-0.9655172413793104,0.0805292899044181,0.2672413793103448,0.8832618957442288,0.5,-0.34831460674157305,-0.7192326826909826,-0.25,-0.5,-1.5939640155838737,1.0,0.16505272436587265,1.0,0.4683477868350122,1.0,0.9271246101355518,1.0,0.6867732139686339,1.0,-0.45642501966899596,1.0,-1.6039863366576492,1.0,-0.42741696705649357,1.0,-1.154978408707881,0.0
CLI-3708,Lorenzo Pérez Baños,33.0,masculino,cuenca,748260.0,empleado,29.0,55768.0,12.0,7710.0,77214.0,3.0,3.0,2024-10-14,desconocido,ios,vietnam,rechazado,1.0,-0.4827586206896552,-0.7439466505312384,-0.6896551724137931,-0.3257069088154601,-1.0,0.7340823970037453,-0.6895543757780731,0.0,1.0,-0.7042092660851709,1.0,-1.2019972271549133,1.0,-1.2865101964600696,1.0,-1.0820177397756816,1.0,-1.5406771205288021,1.0,1.1483720913918585,1.0,-1.4649405390100063,1.0,0.08972016254826615,1.0,1.364018092104731,1.0
CLI-1397,Modesta León,41.0,desconocido,ambato,2199075.0,empleado,234.0,97949.0,60.0,4010.0,982206.0,4.0,1.0,12-19-2024,call center,desconocido,ecuador,pendiente,0.0,-0.20689655172413793,0.0,1.0775862068965518,-0.22829390409503664,1.0,-0.651685393258427,0.36733108952424554,0.25,0.0,-0.2467117193929858,1.0,0.04494689081865905,1.0,1.556643915711691,1.0,-0.667112934128239,1.0,1.3307640862439178,1.0,-0.9101834209291818,1.0,0.7202230414333487,1.0,0.5731179750185994,1.0,0.1590477084166273,1.0
CLI-4398,Nando Sevilla Reyes,53.0,femenino,loja,4349480.0,jubilado,116.0,50222.0,48.0,8180.0,441378.0,0.0,3.0,08-11-2024,app,ios,ecuador,pendiente,0.0,0.20689655172413793,1.1026813184559217,0.0603448275862069,-0.3385148679482324,0.5,0.9101123595505618,-0.2642692477478214,-0.75,1.0,0.39357587886174883,1.0,1.5615108199717649,1.0,0.15257003934467384,1.0,-1.155001775114024,1.0,0.6867732139686339,1.0,1.407711310139271,1.0,-0.31810911524941177,1.0,-1.6454266338532069,0.0,1.364018092104731,1.0
CLI-1278,Rogelio Ernesto Galan Torrijos,73.0,masculino,guayaquil,2591140.0,desconocido,238.0,211938.0,12.0,4130.0,1477401.0,5.0,0.0,2025-02-19,web,android,ecuador,aprobado,0.0,0.896551724137931,0.20104247856586127,1.1120689655172413,0.03495284195357173,-1.0,-0.6067415730337079,0.9456394038412579,0.5,-0.5,1.3736137957931474,1.0,0.3413000367687738,1.0,1.5991210975762935,1.0,-0.0319147754425381,1.0,-1.5406771205288021,1.0,-0.8428217374245156,1.0,1.458380564945142,1.0,1.0312249847783386,1.0,-1.154978408707881,0.0
CLI-3935,Cloe Font Mesa,36.0,masculino,machala,3822370.0,jubilado,116.0,488122.0,60.0,8200.0,104715.0,6.0,3.0,desconocido,call center,desktop,ecuador,pendiente,0.0,-0.3793103448275862,0.8323906756368709,0.0603448275862069,0.6727735028128551,1.0,0.9176029962546817,-0.6574376198495355,0.75,1.0,-0.5292383727752412,1.0,1.210743298182788,1.0,0.15257003934467384,1.0,0.7523560832791844,1.0,1.3307640862439178,1.0,1.4187383721067177,1.0,-1.3358636684647598,1.0,1.4693164031674129,1.0,1.364018092104731,1.0
CLI-2809,Anastasio de Murillo,40.0,masculino,sto. domingo,4344320.0,estudiante,216.0,620667.0,12.0,5420.0,443809.0,5.0,4.0,2024-08-23,call center,desktop,rusia,aprobado,1.0,-0.2413793103448276,1.1000353817122697,0.9224137931034483,0.9788735647049043,-1.0,-0.12359550561797752,-0.26143022976075636,0.5,1.5,-0.3023775888082796,1.0,1.5581280619094862,1.0,1.362255893287546,1.0,0.9990111205084794,1.0,-1.5406771205288021,1.0,-0.12159173139804257,1.0,-0.3124457485857493,1.0,1.0312249847783386,1.0,1.7302388816259997,1.0
CLI-2972,Evita Vera Lastra,52.0,femenino,quito,1662260.0,desempleado,12.0,1226152.0,24.0,6520.0,1031655.0,3.0,3.0,22/02/2026,app,android,ecuador,rechazado,0.0,0.1724137931034483,-0.2752671575665586,-0.8362068965517241,2.377183542257489,-0.5,0.2883895131086142,0.4250795882664823,0.0,1.0,0.34196783666934744,1.0,-0.38247616194226813,1.0,-1.7114433593027265,1.0,1.7537865892395357,1.0,-0.7243013537000694,1.0,0.4898656331041376,1.0,0.800386207431547,1.0,0.08972016254826615,1.0,1.364018092104731,1.0
CLI-4138,José Ángel Heliodoro Sáenz Isern,56.0,femenino,machala,4131690.0,independiente,167.0,1286499.0,48.0,5380.0,131521.0,0.0,0.0,29 de July de 2024,app,desconocido,ecuador,pendiente,0.0,0.3103448275862069,0.9910033022931451,0.5,2.5165491949414798,0.5,-0.13857677902621723,-0.6261325124199738,-0.75,-0.5,0.5467223259835524,1.0,1.4178838580272404,1.0,0.8017622263142528,1.0,1.8103296068674282,1.0,0.6867732139686339,1.0,-0.1438831046703461,1.0,-1.2238637750281696,1.0,-1.6454266338532069,0.0,-1.154978408707881,0.0
CLI-3067,Lourdes Cuenca,58.0,desconocido,sto. domingo,2241210.0,empleado,22.0,527447.0,48.0,6470.0,1335065.0,5.0,0.0,26 de March de 2025,web,desconocido,ecuador,rechazado,0.0,0.3793103448275862,0.021605919514296263,-0.75,0.7635908473668166,0.5,0.2696629213483146,0.7794137912510131,0.5,-0.5,0.6474854195246892,1.0,0.07736620276989196,1.0,-1.4471986850469787,1.0,0.8308426074939345,1.0,0.6867732139686339,1.0,0.4621332655671578,1.0,1.2592099305321849,1.0,1.0312249847783386,1.0,-1.154978408707881,0.0
CLI-2356,Azahara del Juliá,75.0,femenino,quito,4334770.0,independiente,107.0,975942.0,24.0,6320.0,599814.0,5.0,2.0,desconocido,call center,ios,ecuador,aprobado,0.0,0.9655172413793104,1.0951383476227592,-0.017241379310344827,1.7993473621978144,-0.5,0.21348314606741572,-0.07924141813094285,0.5,0.5,1.4669462199060965,1.0,1.5518648098540517,1.0,0.028391833526907297,1.0,1.4912350565880375,1.0,-0.7243013537000694,1.0,0.37890294884155423,1.0,0.026333249251514684,1.0,1.0312249847783386,1.0,0.8765503230843952,1.0
CLI-1221,Fulgencio Salamanca Jerez,40.0,desconocido,manta,721630.0,desconocido,59.0,984308.0,36.0,4450.0,660416.0,6.0,1.0,2025-12-31,app,android,ecuador,pendiente,0.0,-0.2413793103448276,-0.7576019403536121,-0.43103448275862066,1.8186678429235217,0.0,-0.4868913857677903,-0.008468004699386416,0.75,0.0,-0.3023775888082796,1.0,-1.2286630073368292,1.0,-0.7102588497352234,1.0,1.5008767380431665,1.0,0.0068301062973813,1.0,-0.6634324033772341,1.0,0.14716996757263703,1.0,1.4693164031674129,1.0,0.1590477084166273,1.0
CLI-2547,Odalis Bartolomé Barrena,60.0,masculino,loja,3275280.0,empleado,40.0,310401.0,12.0,4910.0,700262.0,1.0,3.0,2026-05-17,desconocido,desconocido,ecuador,rechazado,0.0,0.4482758620689655,0.5518547196127497,-0.5948275862068966,0.2623437687639142,-1.0,-0.3146067415730337,0.0380657306821818,-0.5,1.0,0.747235570809405,1.0,0.8342122232750815,1.0,-1.0585238691968175,1.0,0.3133796171246738,1.0,-1.5406771205288021,1.0,-0.40613480998229057,1.0,0.22396547722768248,1.0,-0.9937313799445397,1.0,1.364018092104731,1.0
CLI-1359,Marcio del Gilabert,21.0,masculino,cuenca,3155570.0,desconocido,45.0,381778.0,12.0,6060.0,1230397.0,6.0,1.0,desconocido,web,desktop,ecuador,pendiente,0.0,-0.896551724137931,0.49047001271690527,-0.5517241379310345,0.4271821566145973,-1.0,0.11610486891385768,0.65717835946569,0.75,0.0,-1.4575583232873945,1.0,0.7498858815726934,1.0,-0.9621922813596406,1.0,0.5100024947472979,1.0,-1.5406771205288021,1.0,0.23451607374468278,1.0,1.1067007747361777,1.0,1.4693164031674129,1.0,0.1590477084166273,1.0
CLI-1195,Isidoro Mate Ángel,73.0,masculino,guayaquil,367730.0,independiente,190.0,517807.0,24.0,8080.0,1195936.0,2.0,3.0,2024-07-08,call center,android,ecuador,rechazado,0.0,0.896551724137931,-0.9390742298067851,0.6982758620689655,0.7413281849001875,-0.5,0.8726591760299626,0.6169334401517257,-0.25,1.0,1.3736137957931474,1.0,-1.611314081299655,1.0,1.0711323197793712,1.0,0.8120665104236714,1.0,-0.7243013537000694,1.0,1.3525655754481698,1.0,1.0552459829953167,1.0,-0.42741696705649357,1.0,1.364018092104731,1.0
CLI-3928,Calista Sanz Pereira,71.0,femenino,machala,1134830.0,empleado,79.0,176643.0,60.0,7690.0,703041.0,1.0,0.0,02/05/2025,app,desktop,ecuador,pendiente,0.0,0.8275862068965517,-0.5457218894859909,-0.25862068965517243,-0.04655760117502517,1.0,0.7265917602996255,0.04131115683851815,-0.5,-0.5,1.2795265513516445,1.0,-0.8363359301411918,1.0,-0.3837797914588617,1.0,-0.1892244432873372,1.0,1.3307640862439178,1.0,1.137327538527361,1.0,0.22924859413040358,1.0,-0.9937313799445397,1.0,-1.154978408707881,0.0
CLI-4158,Mamen Roma Agustí,33.0,otro,sto. domingo,3470030.0,desconocido,238.0,312425.0,60.0,5750.0,1395383.0,1.0,1.0,09 de January de 2026,app,ios,ecuador,rechazado,0.0,-0.4827586206896552,0.6517183205480576,1.1120689655172413,0.2670180041199782,1.0,0.0,0.849855538245578,-0.5,0.0,-0.7042092660851709,1.0,0.9698497183529107,1.0,1.5991210975762935,1.0,0.31945209424703236,1.0,1.3307640862439178,1.0,0.062153721058298174,1.0,1.3447033422589965,1.0,-0.9937313799445397,1.0,0.1590477084166273,1.0
CLI-3796,Rico Galiano Galván,22.0,masculino,ibarra,2506770.0,independiente,71.0,96437.0,36.0,3050.0,232209.0,1.0,0.0,01-12-2025,app,desconocido,ecuador,pendiente,0.0,-0.8620689655172413,0.1577793616933995,-0.3275862068965517,-0.2317857241831635,0.0,-1.0112359550561798,-0.5085450821108,-0.5,-0.5,-1.3907510032894055,1.0,0.27848569456248473,1.0,-0.5104750129294643,1.0,-0.6790997898421062,1.0,0.0068301062973813,1.0,-1.451094526480961,1.0,-0.8736716431585846,1.0,-0.9937313799445397,1.0,-1.154978408707881,0.0
CLI-3717,Segismundo de Moles,67.0,otro,machala,2199075.0,jubilado,191.0,57678.0,48.0,5750.0,809895.0,1.0,0.0,07-29-2024,app,ios,ecuador,aprobado,0.0,0.6896551724137931,0.0,0.7068965517241379,-0.3212959456088977,0.5,0.0,0.16609948591702267,-0.5,-0.5,1.0889764576997847,1.0,0.04494689081865905,1.0,1.0825771580116195,1.0,-1.058283667948853,1.0,0.6867732139686339,1.0,0.062153721058298174,1.0,0.4258602321309084,1.0,-0.9937313799445397,1.0,-1.154978408707881,0.0
CLI-2575,Severo Casanova Villegas,23.0,otro,guayaquil,2769290.0,jubilado,179.0,270344.0,12.0,6710.0,1381356.0,0.0,0.0,22/10/2024,sucursal,desktop,ecuador,aprobado,0.0,-0.8275862068965517,0.29239395741887847,0.603448275862069,0.16983593988157372,-1.0,0.3595505617977528,0.8334742526410692,-0.75,-0.5,-1.3248039713607136,1.0,0.47236224366368795,1.0,0.9438148669570019,1.0,0.1858200236780157,1.0,-1.5406771205288021,1.0,0.5951991680829932,1.0,1.3249696623254272,1.0,-1.6454266338532069,0.0,-1.154978408707881,0.0
CLI-4392,Juana de Gomis,70.0,masculino,loja,2037660.0,estudiante,109.0,76671.0,36.0,4140.0,984805.0,1.0,0.0,desconocido,desconocido,ios,ecuador,aprobado,0.0,0.7931034482758621,-0.08277013168150306,0.0,-0.2774334198590339,0.0,-0.602996254681648,0.37036630455854497,-0.5,-0.5,1.2321913977431922,1.0,-0.08065331924980998,1.0,0.05629167104489695,1.0,-0.8522932962728506,1.0,0.0068301062973813,1.0,-0.8372105533160317,1.0,0.7244800648176106,1.0,-0.9937313799445397,1.0,-1.154978408707881,0.0
CLI-4950,Nacio Adán Campillo,43.0,masculino,ibarra,3249330.0,jubilado,83.0,523003.0,60.0,5040.0,1022569.0,4.0,0.0,23 de January de 2026,desconocido,desconocido,ecuador,aprobado,0.0,-0.13793103448275862,0.5385481191286868,-0.22413793103448276,0.7533278523458934,1.0,-0.26591760299625467,0.4144685979618864,0.25,-0.5,-0.13654892106911792,1.0,0.815995716999382,1.0,-0.3221110698520794,1.0,0.8222227949775471,1.0,1.3307640862439178,1.0,-0.33353507879192695,1.0,0.7857859344264783,1.0,0.5731179750185994,1.0,-1.154978408707881,0.0
CLI-1428,Nieves María Jesús Carrera Castells,39.0,femenino,desconocido,4271960.0,desempleado,217.0,98751.0,36.0,6940.0,770196.0,6.0,1.0,2026-06-15,web,desktop,peru,pendiente,0.0,-0.27586206896551724,1.0629307338885015,0.9310344827586207,-0.22644176142924446,0.0,0.44569288389513106,0.11973742295178458,0.75,0.0,-0.35844956077882295,1.0,1.510589255965358,1.0,1.3732002505433907,1.0,-0.6608173742543637,1.0,0.0068301062973813,1.0,0.722605895930978,1.0,0.3542334097127042,1.0,1.4693164031674129,1.0,0.1590477084166273,1.0
CLI-1799,Evelia Estévez Valderrama,62.0,otro,guayaquil,936690.0,empleado,217.0,216603.0,24.0,4400.0,1345827.0,1.0,0.0,desconocido,app,desconocido,ecuador,rechazado,0.0,0.5172413793103449,-0.6473238093284653,0.9310344827586207,0.045726215439756863,-0.5,-0.5056179775280899,0.7919820806696859,-0.5,-0.5,0.8460156933322333,1.0,-1.0192451466237573,1.0,1.3732002505433907,1.0,-0.012793551207313535,1.0,-0.7243013537000694,1.0,-0.6914395199985646,1.0,1.2745867463491687,1.0,-0.9937313799445397,1.0,-1.154978408707881,0.0
CLI-1834,Fermín Duarte Seguí,42.0,femenino,quito,2527460.0,empleado,134.0,871603.0,60.0,7100.0,974606.0,1.0,0.0,2026-01-27,desconocido,desconocido,ecuador,pendiente,0.0,-0.1724137931034483,0.16838874758994135,0.21551724137931033,1.558386372664037,1.0,0.5056179775280899,0.3584555088160209,-0.5,-0.5,-0.19143944416027134,1.0,0.29393563148767715,1.0,0.3913013663932993,1.0,1.3647925433037011,1.0,1.3307640862439178,1.0,0.8111724840845989,1.0,0.7077460460376853,1.0,-0.9937313799445397,1.0,-1.154978408707881,0.0
CLI-2238,Sosimo Miguel Vera Flor,18.0,masculino,manta,2199075.0,empleado,178.0,752828.0,12.0,5910.0,276546.0,0.0,0.0,desconocido,desconocido,android,ecuador,aprobado,0.0,-1.0,0.0,0.5948275862068966,1.2840868151460005,-1.0,0.0599250936329588,-0.4567665792344111,-0.75,-0.5,-1.663682524383616,1.0,0.04494689081865905,1.0,0.932106923821541,1.0,1.2044483700295436,1.0,-1.5406771205288021,1.0,0.1511439565874379,1.0,-0.7416874000305143,1.0,-1.6454266338532069,0.0,-1.154978408707881,0.0
CLI-3486,Simón Naranjo Coll,24.0,femenino,guayaquil,3439930.0,empleado,173.0,834588.0,24.0,3350.0,663087.0,0.0,3.0,11 de October de 2024,web,android,ecuador,aprobado,0.0,-0.7931034482758621,0.6362836895434221,0.5517241379310345,1.4729037532447138,-0.5,-0.898876404494382,-0.00534870521627221,-0.75,1.0,-1.2596709610745607,1.0,0.9490069476896235,1.0,0.8732187476401274,1.0,1.3168889537523252,1.0,-0.7243013537000694,1.0,-1.281645330618064,1.0,0.1523806344826034,1.0,-1.6454266338532069,0.0,1.364018092104731,1.0
CLI-4519,Custodia Salom Lasa,37.0,otro,guayaquil,3448280.0,estudiante,51.0,840506.0,48.0,3950.0,417837.0,2.0,4.0,05-31-2026,app,android,ecuador (vpn),aprobado,1.0,-0.3448275862068966,0.640565389506502,-0.5,1.4865708109705966,0.5,-0.6741573033707865,-0.2917613589915472,-0.25,1.5,-0.47186551462805226,1.0,0.9547932528613172,1.0,-0.8513246856946745,1.0,1.3246653905620356,1.0,0.6867732139686339,1.0,-0.9438835905431525,1.0,-0.37368094902138244,1.0,-0.42741696705649357,1.0,1.7302388816259997,1.0
CLI-4276,Griselda de Gomila,65.0,masculino,cuenca,2128230.0,desconocido,136.0,816011.0,60.0,3480.0,90055.0,6.0,0.0,28/06/2026,web,android,ecuador,pendiente,0.0,0.6206896551724138,-0.03632778848914961,0.23275862068965517,1.430001939900049,1.0,-0.850187265917603,-0.6745581478998741,0.75,-0.5,0.9924533531215401,1.0,-0.00989864083735898,1.0,0.4171146738783833,1.0,1.2921755507172221,1.0,1.3307640862439178,1.0,-1.2083404777636702,1.0,-1.4025085605995269,1.0,1.4693164031674129,1.0,-1.154978408707881,0.0
CLI-2655,Heliodoro Heras,21.0,femenino,sto. domingo,3702020.0,empleado,4.0,147517.0,36.0,5750.0,641248.0,3.0,0.0,08-10-2025,app,desconocido,ecuador,aprobado,0.0,-0.896551724137931,0.7706777905402633,-0.9051724137931034,-0.11382132596787156,0.0,0.0,-0.030853153517182423,0.0,-0.5,-1.4575583232873945,1.0,1.1290805924518503,1.0,-1.9839750204917874,1.0,-0.34023056560146486,1.0,0.0068301062973813,1.0,0.062153721058298174,1.0,0.10950010636363475,1.0,0.08972016254826615,1.0,-1.154978408707881,0.0
CLI-3347,Aurora Bas Pérez,46.0,desconocido,quito,1695850.0,empleado,26.0,56143.0,12.0,3930.0,956307.0,4.0,1.0,2025-06-27,desconocido,desktop,ecuador,rechazado,0.0,-0.034482758620689655,-0.25804292981088733,-0.7155172413793104,-0.3248408820078889,-1.0,-0.6816479400749064,0.3370852125818364,0.25,0.0,0.025941573775701342,1.0,-0.3548524892208587,1.0,-1.3535606847343569,1.0,-1.0773049616748012,1.0,-1.5406771205288021,1.0,-0.9551198929971917,1.0,0.6775270467638886,1.0,0.5731179750185994,1.0,0.1590477084166273,1.0
CLI-2087,Roque Graciano Valverde Álamo,59.0,femenino,manta,3854670.0,independiente,201.0,140905.0,12.0,6680.0,294969.0,2.0,0.0,05/05/2025,app,ios,ecuador,rechazado,0.0,0.41379310344827586,0.8489534192066291,0.7931034482758621,-0.12909111063896614,-1.0,0.34831460674157305,-0.43525147089393446,-0.25,-0.5,0.6974843537928508,1.0,1.2325553476254396,1.0,1.1958986800727796,1.0,-0.37794787684510855,1.0,-1.5406771205288021,1.0,0.5785727073590663,1.0,-0.6896248503781134,1.0,-0.42741696705649357,1.0,-1.154978408707881,0.0
CLI-2943,Odalys Vanesa Llorente Agustín,55.0,femenino,cuenca,3834380.0,independiente,72.0,48258.0,60.0,5190.0,1016543.0,2.0,2.0,15/07/2025,app,desconocido,peru,aprobado,0.0,0.27586206896551724,0.8385491446855643,-0.31896551724137934,-0.34305053901508503,1.0,-0.20973782771535582,0.40743119673191774,-0.25,0.5,0.49594657480158233,1.0,1.218858709338864,1.0,-0.4943771528149459,1.0,-1.182465732967085,1.0,1.3307640862439178,1.0,-0.24982583985318751,1.0,0.7760711845707365,1.0,-0.42741696705649357,1.0,0.8765503230843952,1.0
CLI-3891,Javiera Jove Huertas,31.0,femenino,ibarra,1785530.0,empleado,237.0,96709.0,48.0,7680.0,201954.0,3.0,0.0,08-18-2025,app,ios,ecuador,aprobado,0.0,-0.5517241379310345,-0.21205695942896993,1.103448275862069,-0.2311575660720719,0.5,0.7228464419475655,-0.5438780682065021,0.0,-0.5,-0.8234160113523812,1.0,-0.2817304990925174,1.0,1.5885253636917243,1.0,-0.676931910497377,1.0,0.6867732139686339,1.0,1.1318049854831318,1.0,-0.9702332004548149,1.0,0.08972016254826615,1.0,-1.154978408707881,0.0
CLI-1034,Sebastian Flores Chacón,67.0,femenino,desconocido,4487050.0,empleado,120.0,124619.0,24.0,5320.0,350585.0,4.0,3.0,04-02-2026,desconocido,desconocido,ecuador,aprobado,0.0,0.6896551724137931,1.173224248266809,0.09482758620689655,-0.16670207754057625,-0.5,-0.16104868913857678,-0.37030090554280015,0.25,1.0,1.0889764576997847,1.0,1.6513497996528077,1.0,0.20667656665699863,1.0,-0.47757085151997886,1.0,-0.7243013537000694,1.0,-0.17732815846419006,1.0,-0.5405793708497028,1.0,0.5731179750185994,1.0,1.364018092104731,1.0
CLI-3875,Chuy Lara-Arenas,53.0,femenino,desconocido,1414610.0,independiente,134.0,279372.0,60.0,4140.0,758231.0,4.0,1.0,2024-09-20,sucursal,desktop,ecuador,aprobado,0.0,0.20689655172413793,-0.40225673790868444,0.21551724137931033,0.1906852465982467,1.0,-0.602996254681648,0.10576422253416515,0.25,0.0,0.39357587886174883,1.0,-0.5904930308039447,1.0,0.3913013663932993,1.0,0.21588270171619636,1.0,1.3307640862439178,1.0,-0.8372105533160317,1.0,0.3323279629485285,1.0,0.5731179750185994,1.0,0.1590477084166273,1.0
CLI-1284,César Guerrero Vazquez,20.0,masculino,guayaquil,390680.0,independiente,71.0,289518.0,36.0,5140.0,1025321.0,0.0,1.0,16 de September de 2025,sucursal,ios,ecuador,aprobado,0.0,-0.9310344827586207,-0.9273059646387989,-0.3275862068965517,0.2141164679038918,0.0,-0.22846441947565543,0.4176824924499172,-0.75,0.0,-1.5252770679937777,1.0,-1.5844072186152416,1.0,-0.5104750129294643,1.0,0.2487157435273039,1.0,0.0068301062973813,1.0,-0.2777219242120471,1.0,0.7902141378086146,1.0,-1.6454266338532069,0.0,0.1590477084166273,1.0
CLI-3347,Aurora Bas Pérez,64.0,desconocido,quito,407570.0,empleado,238.0,503287.0,36.0,7000.0,1409867.0,3.0,1.0,03/03/2025,call center,desconocido,ecuador,rechazado,0.0,0.5862068965517241,-0.9186451368092874,1.1120689655172413,0.7077956269110325,0.0,0.4681647940074906,0.8667705265321471,0.0,0.0,0.9438655831854961,1.0,-1.564845756626944,1.0,1.5991210975762935,1.0,0.7832273317988439,1.0,0.0068301062973813,1.0,0.7558244496275561,1.0,1.364988320122428,1.0,0.08972016254826615,1.0,0.1590477084166273,1.0
CLI-4956,Fidela Valentín,42.0,femenino,desconocido,1792610.0,estudiante,229.0,54639.0,36.0,3690.0,330573.0,5.0,0.0,desconocido,web,android,ecuador,rechazado,0.0,-0.1724137931034483,-0.20842648808302908,1.0344827586206897,-0.3283142268574543,0.0,-0.7715355805243446,-0.39367171095503584,0.5,-0.5,-0.19143944416027134,1.0,-0.27599548735023066,1.0,1.5031885492989396,1.0,-1.0963677903236453,1.0,0.0068301062973813,1.0,-1.0900723623360558,1.0,-0.5929177755695276,1.0,1.0312249847783386,1.0,-1.154978408707881,0.0
CLI-3711,Daniela Saura Coca,0.0,masculino,sto. domingo,3802330.0,empleado,111.0,218874.0,48.0,5530.0,28029.0,2.0,3.0,2024-12-06,app,desconocido,ecuador,rechazado,0.0,-1.6206896551724137,0.822114595725479,0.017241379310344827,0.050970873786407765,0.5,-0.08239700374531835,-0.7469945648746558,-0.25,1.0,-3.3245457455069203,0.0,1.1971883001916637,1.0,0.08401389943884627,1.0,-0.0036091165026458896,1.0,0.6867732139686339,1.0,-0.060312148656326926,1.0,-1.7656267695251135,1.0,-0.42741696705649357,1.0,1.364018092104731,1.0
CLI-4392,Toni de Elorza,72.0,femenino,manta,3407530.0,independiente,12.0,1152651.0,60.0,7140.0,54984.0,2.0,1.0,02-25-2026,desconocido,desconocido,ecuador,aprobado,0.0,0.8620689655172413,0.6196696681297945,-0.8362068965517241,2.2074399785687233,1.0,0.5205992509363296,-0.7155154493496302,-0.25,0.0,1.3266661942191638,1.0,0.9265229048960782,1.0,-1.7114433593027265,1.0,1.6816929476684248,1.0,1.3307640862439178,1.0,0.833306075119625,1.0,-1.585132418372171,1.0,-0.42741696705649357,1.0,0.1590477084166273,1.0
CLI-3567,Jacinta Adadia Bernad,30.0,otro,machala,89530.0,empleado,82.0,580799.0,12.0,6980.0,986943.0,2.0,2.0,07-16-2024,web,android,ecuador,aprobado,0.0,-0.5862068965517241,-1.081729191450958,-0.23275862068965517,0.8868022133335797,-1.0,0.4606741573033708,0.3728631455525166,-0.25,0.5,-0.8838487923359118,1.0,-1.9870878786102375,1.0,-0.33742972686673917,1.0,0.9298617221157591,1.0,-1.5406771205288021,1.0,0.744752414236235,1.0,0.7279782803379771,1.0,-0.42741696705649357,1.0,0.8765503230843952,1.0
CLI-3303,José Luis Fabián Real Morera,44.0,masculino,machala,1395720.0,independiente,236.0,281096.0,24.0,3520.0,904383.0,6.0,0.0,2025-04-23,app,android,ecuador,pendiente,0.0,-0.10344827586206896,-0.41194312261558025,1.0948275862068966,0.19466666050825382,-0.5,-0.8352059925093633,0.2764463109115922,0.75,-0.5,-0.08202892461808767,1.0,-0.6067011369767283,1.0,1.5779139817557646,1.0,0.22153109064413018,1.0,-0.7243013537000694,1.0,-1.1857994103188598,1.0,0.5903603415995515,1.0,1.4693164031674129,1.0,-1.154978408707881,0.0
CLI-2346,Amado Gómez Rivas,26.0,masculino,guayaquil,364630.0,empleado,192.0,311127.0,24.0,3550.0,372507.0,5.0,2.0,13 de October de 2025,app,ios,ecuador,pendiente,0.0,-0.7241379310344828,-0.9406638429667309,0.7155172413793104,0.2640203966633719,-0.5,-0.8239700374531835,-0.3446995265578396,0.5,0.5,-1.1316825600056744,1.0,-1.6149787965712614,1.0,1.094001079322889,1.0,0.31556157841603066,1.0,-0.7243013537000694,1.0,-1.16889793115219,1.0,-0.4847367283099143,1.0,1.0312249847783386,1.0,0.8765503230843952,1.0
CLI-4430,Heraclio Moya,29.0,masculino,machala,3630640.0,empleado,224.0,225437.0,12.0,6430.0,814951.0,3.0,0.0,desconocido,desconocido,desktop,ecuador,pendiente,0.0,-0.6206896551724138,0.7340756655864135,0.9913793103448276,0.06612749762131304,-1.0,0.2546816479400749,0.17200408276712578,0.0,-0.5,-0.9448654062922993,1.0,1.0803477062285678,1.0,1.4493234346630277,1.0,0.022493301767232597,1.0,-1.5406771205288021,1.0,0.43994340914121594,1.0,0.4348701944791343,1.0,0.08972016254826615,1.0,-1.154978408707881,0.0
CLI-1042,Nazaret Carvajal Reig,66.0,femenino,cuenca,1242140.0,desempleado,171.0,76658.0,36.0,6560.0,1171203.0,4.0,0.0,03-18-2025,web,android,ecuador,rechazado,0.0,0.6551724137931034,-0.49069563522992987,0.5344827586206896,-0.2774634421216964,0.0,0.30337078651685395,0.5880492641442889,0.25,-0.5,1.0408222341491922,1.0,-0.7405027238700036,1.0,0.8494975009380114,1.0,-0.8524189206557367,1.0,0.0068301062973813,1.0,0.5120475917567208,1.0,1.0179121225555599,1.0,0.5731179750185994,1.0,-1.154978408707881,0.0
CLI-2939,Américo de Solana,51.0,femenino,quito,3546370.0,empleado,189.0,9146.0,60.0,7160.0,313836.0,4.0,3.0,12/02/2025,desconocido,desktop,ecuador,pendiente,0.0,0.13793103448275862,0.6908638265578209,0.6896551724137931,-0.43337598034234615,1.0,0.5280898876404494,-0.4132178417857668,0.25,1.0,0.2900687935278137,1.0,1.0225194566415547,1.0,1.059666416512501,1.0,-2.1801207716692823,1.0,1.3307640862439178,1.0,0.8443716750179969,1.0,-0.6377742717496431,1.0,0.5731179750185994,1.0,1.364018092104731,1.0
CLI-4368,Eugenia Galán Sanz,64.0,femenino,cuenca,3474080.0,independiente,197.0,366853.0,36.0,8360.0,864978.0,0.0,1.0,26/02/2025,web,android,ecuador,rechazado,0.0,0.5862068965517241,0.653795073224761,0.7586206896551724,0.3927142896732654,0.0,0.9775280898876404,0.2304275927790144,-0.75,0.0,0.9438655831854961,1.0,0.9726508489066199,1.0,1.150811991570793,1.0,0.47159310597023274,1.0,0.0068301062973813,1.0,1.5069301382154328,1.0,0.5227265103767184,1.0,-1.6454266338532069,0.0,0.1590477084166273,1.0
CLI-4722,Guadalupe Company Marín,28.0,femenino,quito,346930.0,independiente,221.0,995894.0,12.0,7270.0,806012.0,5.0,3.0,04-04-2025,app,android,ecuador,pendiente,0.0,-0.6551724137931034,-0.9497400213315831,0.9655172413793104,1.84542460717024,-1.0,0.5692883895131086,0.16156476487886,0.5,1.0,-1.0064912487126259,1.0,-1.6360479261629433,1.0,1.4168025745713373,1.0,1.5141171097198025,1.0,-1.5406771205288021,1.0,0.9052183416266102,1.0,0.4189237363500294,1.0,1.0312249847783386,1.0,1.364018092104731,1.0
CLI-2102,Wilfredo Borrás Guerra,30.0,masculino,ambato,1747610.0,empleado,59.0,94178.0,48.0,7190.0,758465.0,2.0,2.0,29/07/2025,app,android,ecuador,rechazado,0.0,-0.5862068965517241,-0.23150151782417852,-0.43103448275862066,-0.23700266967197214,0.5,0.5393258426966292,0.10603749699281312,-0.25,0.5,-0.8838487923359118,1.0,-0.3125397832839987,1.0,-0.7102588497352234,1.0,-0.6973042638478644,1.0,0.6867732139686339,1.0,0.860968586761812,1.0,0.332757824615244,1.0,-0.42741696705649357,1.0,0.8765503230843952,1.0
CLI-3937,Anastasio de Agullo,43.0,femenino,ambato,1327520.0,empleado,84.0,933874.0,60.0,8290.0,113984.0,1.0,0.0,09/12/2024,web,desconocido,ecuador,aprobado,0.0,-0.13793103448275862,-0.446914612134389,-0.21551724137931033,1.7021953202220723,1.0,0.951310861423221,-0.6466129149042021,-0.5,-0.5,-0.13654892106911792,1.0,-0.6656608160623587,1.0,-0.30685633184130723,1.0,1.4416803710475474,1.0,1.3307640862439178,1.0,1.4683516255471651,1.0,-1.2958429379127854,1.0,-0.9937313799445397,1.0,-1.154978408707881,0.0
CLI-2862,Silvestre de Alsina,18.0,otro,machala,3562570.0,empleado,189.0,88066.0,48.0,6430.0,167508.0,1.0,1.0,06-18-2026,call center,desconocido,ecuador,aprobado,0.0,-1.0,0.6991708372646347,0.6896551724137931,-0.2511177519329718,0.5,0.2546816479400749,-0.5841054699269633,-0.5,0.0,-1.663682524383616,1.0,1.0336615171971084,1.0,1.059666416512501,1.0,-0.7484523803692535,1.0,0.6867732139686339,1.0,0.43994340914121594,1.0,-1.0883312298127172,1.0,-0.9937313799445397,1.0,0.1590477084166273,1.0
CLI-2834,Francisco Puente Morera,66.0,otro,machala,2184070.0,empleado,125.0,1093642.0,48.0,6130.0,430791.0,5.0,2.0,2024-07-24,app,ios,ecuador,rechazado,0.0,0.6551724137931034,-0.007694240472576609,0.13793103448275862,2.0711643095341468,0.5,0.14232209737827714,-0.2766331652422917,0.5,0.5,1.0408222341491922,1.0,0.03336616980155374,1.0,0.27343441315113165,1.0,1.6209823640044594,1.0,0.6867732139686339,1.0,0.27340484169379486,1.0,-0.3429351754594757,1.0,1.0312249847783386,1.0,0.8765503230843952,1.0
CLI-1754,Rufina Yaiza Daza Río,70.0,femenino,quito,2199075.0,independiente,36.0,17288.0,36.0,3440.0,426151.0,1.0,0.0,03 de August de 2024,sucursal,desktop,ecuador,rechazado,0.0,0.7931034482758621,0.0,-0.6293103448275862,-0.4145728062963613,0.0,-0.8651685393258427,-0.2820519408325762,-0.5,-0.5,1.2321913977431922,1.0,0.04494689081865905,1.0,-1.1385979958255257,1.0,-1.8302736345663477,1.0,0.0068301062973813,1.0,-1.2308882014161915,1.0,-0.3539005163912116,1.0,-0.9937313799445397,1.0,-1.154978408707881,0.0
CLI-2460,León Martín-Gomila,57.0,masculino,desconocido,675330.0,independiente,223.0,7607.0,60.0,6050.0,77219.0,4.0,0.0,2026-05-22,app,desconocido,ecuador,aprobado,0.0,0.3448275862068966,-0.7813435820650614,0.9827586206896551,-0.43693015436061816,1.0,0.11235955056179775,-0.6895485365802387,0.25,-0.5,0.597233303961312,1.0,-1.2755926622587588,1.0,1.4385001661728747,1.0,-2.2746666016933257,1.0,1.3307640862439178,1.0,0.22895959646742658,1.0,-1.4649153735749876,1.0,0.5731179750185994,1.0,-1.154978408707881,0.0
CLI-4901,Nélida Corominas Gargallo,72.0,femenino,cuenca,4347370.0,empleado,70.0,118057.0,24.0,5550.0,371332.0,6.0,2.0,18/08/2024,desconocido,ios,ecuador,aprobado,0.0,0.8620689655172413,1.101599355950281,-0.33620689655172414,-0.1818563919706613,-0.5,-0.0749063670411985,-0.3460717380489138,0.75,0.5,1.3266661942191638,1.0,1.5601276760173188,1.0,-0.5266515950209923,1.0,-0.5208076275806042,1.0,-0.7243013537000694,1.0,-0.04917378861247767,1.0,-0.4876924351777082,1.0,1.4693164031674129,1.0,0.8765503230843952,1.0
CLI-2496,Victor Rosales Mora,55.0,femenino,guayaquil,143150.0,jubilado,132.0,328423.0,48.0,3060.0,248409.0,0.0,1.0,17 de September de 2025,app,ios,ecuador,pendiente,0.0,0.27586206896551724,-1.0542340115682816,0.19827586206896552,0.30396386243337364,0.5,-1.0074906367041199,-0.489626081127479,-0.75,0.0,0.49594657480158233,1.0,-1.9035606229566322,1.0,0.3653533881922055,1.0,0.36632817417522984,1.0,0.6867732139686339,1.0,-1.445439543006395,1.0,-0.8242549586486879,1.0,-1.6454266338532069,0.0,0.1590477084166273,1.0
CLI-4200,Teodosio Garrido Ropero,67.0,masculino,guayaquil,2607490.0,independiente,131.0,821682.0,60.0,8230.0,541597.0,1.0,2.0,desconocido,call center,desktop,ecuador,pendiente,0.0,0.6896551724137931,0.2094264060384789,0.1896551724137931,1.443098574635345,1.0,0.9288389513108615,-0.14722953419551035,-0.5,0.5,1.0889764576997847,1.0,0.35341600294664766,1.0,0.3523280439225658,1.0,1.2997691679312002,1.0,1.3307640862439178,1.0,1.435277670107989,1.0,-0.09493563679921166,1.0,-0.9937313799445397,1.0,0.8765503230843952,1.0
CLI-1717,Vera Bayona Hidalgo,71.0,desconocido,ibarra,2361980.0,desempleado,16.0,731835.0,24.0,3440.0,473394.0,2.0,3.0,30/03/2025,desconocido,desktop,nigeria,pendiente,1.0,0.8275862068965517,0.08353417155515445,-0.8017241379310345,1.2356054797557574,-0.5,-0.8651685393258427,-0.2268796961748583,-0.25,1.0,1.2795265513516445,1.0,0.16949674059752193,1.0,-1.5993022202629956,1.0,1.1739387504254597,1.0,-0.7243013537000694,1.0,-1.2308882014161915,1.0,-0.24458772429417597,1.0,-0.42741696705649357,1.0,1.364018092104731,1.0
CLI-4836,Nicolás Guillen Soto,45.0,femenino,guayaquil,2789180.0,desconocido,103.0,184993.0,60.0,-10.0,538867.0,6.0,0.0,desconocido,app,ios,ecuador,aprobado,0.0,-0.06896551724137931,0.3025931205644665,-0.05172413793103448,-0.027274070926440838,1.0,-2.157303370786517,-0.15041773621307,0.75,-0.5,-0.027868800795079914,1.0,0.48686826893929736,1.0,-0.027958704376317676,1.0,-0.1497865039594181,1.0,1.3307640862439178,1.0,-3.2285394430448684,-1.0,-0.10076011228317745,1.0,1.4693164031674129,1.0,-1.154978408707881,0.0
CLI-4790,Chita del Giménez,58.0,femenino,sto. domingo,1729560.0,empleado,58.0,31814.0,12.0,5160.0,1076871.0,1.0,2.0,27/05/2025,call center,desconocido,ecuador,rechazado,0.0,0.3793103448275862,-0.2407571686425729,-0.4396551724137931,-0.38102639187828513,-1.0,-0.2209737827715356,0.4778846221221513,-0.5,0.5,0.6474854195246892,1.0,-0.32726091639872873,1.0,-0.7275137061788782,1.0,-1.4587348645627092,1.0,-1.5406771205288021,1.0,-0.26656265773085924,1.0,0.8722154912110147,1.0,-0.9937313799445397,1.0,0.8765503230843952,1.0
CLI-3402,Bernarda Serrano Espada,58.0,femenino,manta,3264570.0,jubilado,14.0,473197.0,60.0,3560.0,1110987.0,0.0,3.0,08 de August de 2024,sucursal,desconocido,ecuador (vpn),rechazado,1.0,0.3793103448275862,0.5463628625343562,-0.8189655172413793,0.6383056358715232,1.0,-0.8202247191011236,0.517726636785545,-0.75,1.0,0.6474854195246892,1.0,0.826698149475213,1.0,-1.654055533156114,1.0,0.7211817916156261,1.0,1.3307640862439178,1.0,-1.1632649215296118,1.0,0.9255343536946162,1.0,-1.6454266338532069,0.0,1.364018092104731,1.0
CLI-2678,Eusebio Gordillo,36.0,desconocido,ambato,3221640.0,jubilado,12.0,10102.0,60.0,8050.0,767558.0,5.0,2.0,2025-03-23,app,desconocido,ecuador,pendiente,0.0,-0.3793103448275862,0.5243492841612996,-0.8362068965517241,-0.4311681893342448,1.0,0.8614232209737828,0.11665666217437713,0.5,0.5,-0.5292383727752412,1.0,0.7965194775526341,1.0,-1.7114433593027265,1.0,-2.1278944202367085,1.0,1.3307640862439178,1.0,1.3360184455168695,1.0,0.3494167513807461,1.0,1.0312249847783386,1.0,0.8765503230843952,1.0
CLI-1033,Vinicio Pallarès Gallo,72.0,masculino,manta,3382780.0,empleado,11.0,977862.0,60.0,5950.0,1146606.0,2.0,3.0,11-13-2025,web,ios,ecuador,pendiente,0.0,0.8620689655172413,0.6069784017721623,-0.8448275862068966,1.8037814194525787,1.0,0.0749063670411985,0.5593239143179467,-0.25,1.0,1.3266661942191638,1.0,0.9093132637174682,1.0,-1.7412941433400335,1.0,1.4934539064868713,1.0,1.3307640862439178,1.0,0.17338178036141322,1.0,0.9804369610822236,1.0,-0.42741696705649357,1.0,1.364018092104731,1.0
CLI-1584,Ramiro Cortés Lladó,72.0,desconocido,quito,917540.0,empleado,92.0,57102.0,48.0,6790.0,860883.0,4.0,0.0,24/01/2025,web,desconocido,ecuador,aprobado,0.0,0.8620689655172413,-0.6571435164294211,-0.14655172413793102,-0.32262616278532696,0.5,0.3895131086142322,0.22564528975267495,0.25,-0.5,1.3266661942191638,1.0,-1.0373880629012182,1.0,-0.1870033784228955,1.0,-1.0653712184847863,1.0,0.6867732139686339,1.0,0.6395270846987265,1.0,0.515620702530001,1.0,0.5731179750185994,1.0,-1.154978408707881,0.0
CLI-2803,Curro del Linares,59.0,masculino,quito,1616850.0,estudiante,214.0,112049.0,60.0,4960.0,871343.0,5.0,1.0,06/08/2024,app,desconocido,ecuador,pendiente,0.0,0.41379310344827586,-0.2985524264675719,0.9051724137931034,-0.19573129613036128,1.0,-0.2958801498127341,0.23786089162215251,0.5,0.0,0.6974843537928508,1.0,-0.4200329734729739,1.0,1.3403138827673846,1.0,-0.5621901331511894,1.0,1.3307640862439178,1.0,-0.3782060631428201,1.0,0.5337419178563746,1.0,1.0312249847783386,1.0,0.1590477084166273,1.0
CLI-4945,Ani Perea Ramis,45.0,femenino,desconocido,1548830.0,empleado,231.0,1031532.0,36.0,6650.0,1208987.0,1.0,1.0,03/06/2025,app,ios,ecuador,aprobado,0.0,-0.06896551724137931,-0.333431615867416,1.0517241379310345,1.9277271761521622,0.0,0.33707865168539325,0.6321749143389678,-0.5,0.0,-0.027868800795079914,1.0,-0.4767643174594699,1.0,1.5246191950123675,1.0,1.5540535320297475,1.0,0.0068301062973813,1.0,0.5619443282811489,1.0,1.0748088284504924,1.0,-0.9937313799445397,1.0,0.1590477084166273,1.0
CLI-2207,Desiderio Calderon Coll,54.0,otro,quito,2199075.0,independiente,106.0,1299611.0,12.0,7990.0,1086921.0,5.0,3.0,desconocido,desconocido,ios,ecuador,aprobado,0.0,0.2413793103448276,0.0,-0.02586206896551724,2.5468301109438074,-1.0,0.8389513108614233,0.48962140976921154,0.5,1.0,0.44489989639032784,1.0,0.04494689081865905,1.0,0.014373925441329297,1.0,1.822321503193366,1.0,-1.5406771205288021,1.0,1.3029194266639057,1.0,0.8879987947368456,1.0,1.0312249847783386,1.0,1.364018092104731,1.0
CLI-3750,María Blazquez-Badía,66.0,masculino,sto. domingo,3283660.0,estudiante,54.0,80574.0,60.0,7440.0,89822.0,1.0,0.0,24/10/2024,sucursal,ios,peru,pendiente,0.0,0.6551724137931034,0.5561518029289905,-0.47413793103448276,-0.2684198128458334,1.0,0.6329588014981273,-0.6748302545189552,-0.5,-0.5,1.0408222341491922,1.0,0.8400874998551043,1.0,-0.7975880085017198,1.0,-0.8153566106128026,1.0,1.3307640862439178,1.0,0.9992077150048473,1.0,-1.4036049599594718,1.0,-0.9937313799445397,1.0,-1.154978408707881,0.0
CLI-3147,Josefa Sala Salamanca,27.0,masculino,loja,1496030.0,empleado,103.0,194414.0,24.0,6070.0,980604.0,6.0,2.0,desconocido,app,android,ecuador,rechazado,0.0,-0.6896551724137931,-0.3605063174303647,-0.05172413793103448,-0.005517168115433291,-0.5,0.1198501872659176,0.3654602105381171,0.75,0.5,-1.0687537389404749,1.0,-0.5212114999668285,1.0,-0.027958704376317676,1.0,-0.1070352444898816,1.0,-0.7243013537000694,1.0,0.2400723154796571,1.0,0.7175965749174018,1.0,1.4693164031674129,1.0,0.8765503230843952,1.0
CLI-2035,Trinidad Soriano Arranz,62.0,otro,cuenca,1662710.0,independiente,27.0,367707.0,36.0,5140.0,462151.0,1.0,3.0,10/10/2025,app,android,ecuador,rechazado,0.0,0.5172413793103449,-0.27503640726914713,-0.7068965517241379,0.39468652138970745,0.0,-0.22846441947565543,-0.24000971642519636,-0.5,1.0,0.8460156933322333,1.0,-0.3821052180498705,1.0,-1.330932743484377,1.0,0.4738257193490556,1.0,0.0068301062973813,1.0,-0.2777219242120471,1.0,-0.27014866135065574,1.0,-0.9937313799445397,1.0,1.364018092104731,1.0
CLI-4199,Aristides Edelmiro Carrasco Rico,29.0,masculino,ibarra,2199075.0,empleado,129.0,64590.0,24.0,5800.0,44126.0,6.0,0.0,2025-09-19,call center,ios,ecuador,pendiente,0.0,-0.6206896551724138,0.0,0.1724137931034483,-0.3053333394917462,-0.5,0.018726591760299626,-0.7281958513667226,0.75,-0.5,-0.9448654062922993,1.0,0.04494689081865905,1.0,0.3261728842782216,1.0,-0.9775367213972159,1.0,-0.7243013537000694,1.0,0.0899699213703311,1.0,-1.6516780570783405,1.0,1.4693164031674129,1.0,-1.154978408707881,0.0
CLI-2388,Galo Ramos Cortes,55.0,femenino,quito,4372220.0,estudiante,176.0,362496.0,24.0,4610.0,507633.0,6.0,2.0,2024-12-20,app,desktop,ecuador,aprobado,0.0,0.27586206896551724,1.1143419001517825,0.5775862068965517,0.3826522128716987,-0.5,-0.42696629213483145,-0.18689403724473946,0.75,0.5,0.49594657480158233,1.0,1.576407182410026,1.0,0.9086218766799399,1.0,0.4601346234351624,1.0,-0.7243013537000694,1.0,-0.5738634943617656,1.0,-0.16835006924633858,1.0,1.4693164031674129,1.0,0.8765503230843952,1.0
CLI-1122,Cándido del Atienza,25.0,femenino,machala,3642680.0,independiente,55.0,287405.0,36.0,5750.0,493304.0,3.0,1.0,desconocido,web,ios,ecuador,pendiente,0.0,-0.7586206896551724,0.7402495179882677,-0.46551724137931033,0.2092366955188309,0.0,0.0,-0.2036280103984435,0.0,0.0,-1.19530993688497,1.0,1.0885836061528367,1.0,-0.7799061829807394,1.0,0.24195801971987538,1.0,0.0068301062973813,1.0,0.062153721058298174,1.0,-0.19997051772478158,1.0,0.08972016254826615,1.0,0.1590477084166273,1.0
CLI-2359,Mayte Baeza-Cordero,53.0,desconocido,ibarra,3094390.0,independiente,24.0,135132.0,36.0,5980.0,159483.0,1.0,1.0,2024-10-20,call center,android,ecuador,rechazado,0.0,0.20689655172413793,0.45909822783771587,-0.7327586206896551,-0.14242330466592149,0.0,0.08614232209737828,-0.5934773824511084,-0.5,0.0,0.39357587886174883,1.0,0.7064958626248654,1.0,-1.3997211428447183,1.0,-0.41210690768744807,1.0,0.0068301062973813,1.0,0.1900576266343467,1.0,-1.1173429093113365,1.0,-0.9937313799445397,1.0,0.1590477084166273,1.0
CLI-2296,Isidro Ricart Tomé,25.0,otro,manta,2199075.0,estudiante,213.0,924453.0,60.0,3990.0,281485.0,5.0,1.0,desconocido,sucursal,ios,ecuador,rechazado,0.0,-0.7586206896551724,0.0,0.896551724137931,1.680438417411065,1.0,-0.6591760299625468,-0.45099861961363197,0.5,0.0,-1.19530993688497,1.0,0.04494689081865905,1.0,1.3293160063010825,1.0,1.4303280770642959,1.0,1.3307640862439178,1.0,-0.9214153620194275,1.0,-0.7275836493750465,1.0,1.0312249847783386,1.0,0.1590477084166273,1.0
CLI-1018,Macario del Alcázar,53.0,femenino,guayaquil,4404850.0,desconocido,129.0,151586.0,24.0,4150.0,1452861.0,3.0,1.0,2024-11-07,sucursal,desconocido,ecuador,pendiente,0.0,0.20689655172413793,1.1310738606063093,0.1724137931034483,-0.10442435775451951,-0.5,-0.599250936329588,0.9169806208702274,0.0,0.0,0.39357587886174883,1.0,1.5977500134892482,1.0,0.3261728842782216,1.0,-0.3177151699314729,1.0,-0.7243013537000694,1.0,-0.8315997173515094,1.0,1.4246666775475325,1.0,0.08972016254826615,1.0,0.1590477084166273,1.0
CLI-3865,Francisco Jose Ropero Cantero,25.0,otro,quito,3199230.0,desempleado,92.0,368564.0,12.0,3350.0,1411272.0,5.0,3.0,26 de January de 2025,app,desktop,ecuador,pendiente,0.0,-0.7586206896551724,0.5128579193502072,-0.14655172413793102,0.39666568132061003,-1.0,-0.898876404494382,0.8684113411236019,0.5,1.0,-1.19530993688497,1.0,0.7807277994770979,1.0,-0.1870033784228955,1.0,0.4760618300894077,1.0,-1.5406771205288021,1.0,-1.281645330618064,1.0,1.3669511332174218,1.0,1.0312249847783386,1.0,1.364018092104731,1.0
CLI-3659,Abel Real Sanjuan,18.0,femenino,quito,1385430.0,jubilado,10.0,315765.0,12.0,6950.0,37059.0,4.0,3.0,desconocido,web,ios,ecuador,aprobado,0.0,-1.0,-0.4172196127497231,-0.853448275862069,0.27473141621941194,-1.0,0.449438202247191,-0.7364489735858046,0.25,1.0,-1.663682524383616,1.0,-0.615552196047966,1.0,-1.7720327595953136,1.0,0.3294014737819253,1.0,-1.5406771205288021,1.0,0.7281428321987886,1.0,-1.698952209369242,1.0,0.5731179750185994,1.0,1.364018092104731,1.0
CLI-2780,Bernardino Robledo Zorrilla,34.0,desconocido,quito,2199075.0,desconocido,45.0,54701.0,12.0,3720.0,88906.0,2.0,1.0,2024-09-24,web,ios,ecuador,rechazado,0.0,-0.4482758620689655,0.0,-0.5517241379310345,-0.3281710437586025,-1.0,-0.7602996254681648,-0.6758999955622097,-0.25,0.0,-0.6453928909647655,1.0,0.04494689081865905,1.0,-0.9621922813596406,1.0,-1.0955733541844488,1.0,-1.5406771205288021,1.0,-1.073191262415548,1.0,-1.4079274825829204,1.0,-0.42741696705649357,1.0,0.1590477084166273,1.0
CLI-2161,Gema Aller Pintor,67.0,masculino,ambato,3777060.0,independiente,149.0,72698.0,12.0,5020.0,193187.0,6.0,3.0,desconocido,web,android,ecuador,aprobado,0.0,0.6896551724137931,0.8091566845797268,0.3448275862068966,-0.2866086852096478,-1.0,-0.27340823970037453,-0.554116517689266,0.75,1.0,1.0889764576997847,1.0,1.18007144679986,1.0,0.5817934395317749,1.0,-0.8915406397186105,1.0,-1.5406771205288021,1.0,-0.3447011059258041,1.0,-0.9993874260178554,1.0,1.4693164031674129,1.0,1.364018092104731,1.0
CLI-1734,José Ángel Natanael Naranjo Bueno,72.0,femenino,cuenca,991190.0,independiente,237.0,112558.0,60.0,6980.0,575769.0,5.0,0.0,desconocido,web,ios,ecuador,aprobado,0.0,0.8620689655172413,-0.6193773844197399,1.103448275862069,-0.19455580907688472,1.0,0.4606741573033708,-0.10732212051637194,0.5,-0.5,1.3266661942191638,1.0,-0.9680865847641548,1.0,1.5885253636917243,1.0,-0.5586133266943951,1.0,1.3307640862439178,1.0,0.744752414236235,1.0,-0.02309459468917284,1.0,1.0312249847783386,1.0,-1.154978408707881,0.0
CLI-3289,Ramón del Romero,56.0,desconocido,cuenca,3741530.0,independiente,212.0,1007107.0,48.0,7600.0,956492.0,6.0,3.0,04-20-2026,desconocido,desconocido,ecuador,aprobado,0.0,0.3103448275862069,0.7909376666529926,0.8879310344827587,1.8713199634190276,0.5,0.6928838951310862,0.3373012629017076,0.75,1.0,0.5467223259835524,1.0,1.155958643801267,1.0,1.3183000648522345,1.0,1.5268093833329013,1.0,0.6867732139686339,1.0,1.0876178897920137,1.0,0.6778338261976816,1.0,1.4693164031674129,1.0,1.364018092104731,1.0
CLI-4124,Lupe Porfirio Alberdi Jurado,52.0,desconocido,ambato,2199075.0,jubilado,114.0,9257.0,36.0,4470.0,143084.0,1.0,0.0,desconocido,desconocido,ios,ecuador,aprobado,0.0,0.1724137931034483,0.0,0.04310344827586207,-0.4331196364073051,0.0,-0.4794007490636704,-0.6126287835082368,-0.5,-0.5,0.34196783666934744,1.0,0.04494689081865905,1.0,0.12527352285061588,1.0,-2.1738292855276877,1.0,0.0068301062973813,1.0,-0.6522318250545198,1.0,-1.178708776799717,1.0,-0.9937313799445397,1.0,-1.154978408707881,0.0
CLI-1631,María Manuela Raya Losa,71.0,otro,desconocido,1970980.0,desempleado,53.0,276519.0,36.0,4180.0,714348.0,3.0,2.0,desconocido,app,android,ecuador,aprobado,0.0,0.8275862068965517,-0.1169621979734996,-0.4827586206896552,0.18409651464624538,0.0,-0.5880149812734082,0.05451591882113603,0.0,0.5,1.2795265513516445,1.0,-0.13322410654622927,1.0,-0.8153831168907869,1.0,0.20647111874771745,1.0,0.0068301062973813,1.0,-0.8147692897403896,1.0,0.2506497947516509,1.0,0.08972016254826615,1.0,0.8765503230843952,1.0
CLI-4491,Macario de Aguilar,26.0,masculino,ibarra,1363560.0,empleado,86.0,360102.0,48.0,7100.0,962728.0,3.0,2.0,2026-05-09,web,desconocido,ecuador,aprobado,0.0,-0.7241379310344828,-0.42843407720392174,-0.19827586206896552,0.37712349773216447,0.5,0.5056179775280899,0.3445839104407193,0.0,0.5,-1.1316825600056744,1.0,-0.6344161815753113,1.0,-0.2765345842800862,1.0,0.4537896313510846,1.0,0.6867732139686339,1.0,0.8111724840845989,1.0,0.6881595141577902,1.0,0.08972016254826615,1.0,0.8765503230843952,1.0
CLI-3869,Chuy Márquez Requena,25.0,desconocido,loja,211700.0,jubilado,105.0,999302.0,12.0,4410.0,1497184.0,3.0,1.0,09/02/2026,web,ios,ecuador,pendiente,0.0,-0.7586206896551724,-1.0190830495959307,-0.034482758620689655,1.8532950587974468,-1.0,-0.50187265917603,0.9687427739926799,0.0,0.0,-1.19530993688497,1.0,-1.8070704587696036,1.0,0.00030992763958388725,1.0,1.5179872702045025,1.0,-1.5406771205288021,1.0,-0.6858374455772259,1.0,1.4853796314960046,1.0,0.08972016254826615,1.0,0.1590477084166273,1.0
CLI-4087,Flavia Arrieta Pérez,40.0,femenino,quito,2910510.0,estudiante,126.0,98978.0,60.0,0.0,208102.0,2.0,3.0,09 de August de 2024,call center,ios,ecuador,pendiente,0.0,-0.2413793103448276,0.3648085285309923,0.14655172413793102,-0.2259175265350614,1.0,-2.153558052434457,-0.5366981905493751,-0.25,1.0,-0.3023775888082796,1.0,0.5748301822930235,1.0,0.286673491894072,1.0,-0.6590432123750264,1.0,1.3307640862439178,1.0,-3.2212900173237156,0.0,-0.9501203803634709,1.0,-0.42741696705649357,1.0,1.364018092104731,1.0
CLI-3609,Felicidad Gallego Lasa,34.0,desconocido,guayaquil,3293240.0,independiente,19.0,111824.0,36.0,5750.0,546977.0,6.0,3.0,2025-11-28,web,ios,peru,aprobado,0.0,-0.4482758620689655,0.5610642203716618,-0.7758620689655172,-0.19625091221490398,0.0,0.0,-0.14094655732574082,0.75,1.0,-0.6453928909647655,1.0,0.8467997295270588,1.0,-1.5212386586135123,1.0,-0.563775559132835,1.0,0.0068301062973813,1.0,0.062153721058298174,1.0,-0.08349515086871634,1.0,1.4693164031674129,1.0,1.364018092104731,1.0
CLI-3472,Ani Boada-Torre,58.0,desconocido,manta,3271940.0,empleado,4.0,908852.0,12.0,5880.0,1090661.0,1.0,0.0,2025-06-22,app,android,ecuador,pendiente,0.0,0.3793103448275862,0.5501420396275177,-0.9051724137931034,1.6444093928112846,-1.0,0.04868913857677903,0.4939891297493116,-0.5,-0.5,0.6474854195246892,1.0,0.8318695278287762,1.0,-1.9839750204917874,1.0,1.4113147933219876,1.0,-1.5406771205288021,1.0,0.13446305262148495,1.0,0.8938559314996198,1.0,-0.9937313799445397,1.0,-1.154978408707881,0.0
CLI-3600,Mamen Tamarit Barba,34.0,masculino,ambato,2689760.0,empleado,189.0,363716.0,24.0,8110.0,924604.0,5.0,3.0,desconocido,app,desktop,ecuador,aprobado,0.0,-0.4482758620689655,0.251612688189687,0.6896551724137931,0.3854696867523302,-0.5,0.8838951310861424,0.30006119479330406,0.5,1.0,-0.6453928909647655,1.0,0.4141094464459211,1.0,1.059666416512501,1.0,0.4633546380562942,1.0,-0.7243013537000694,1.0,1.3691111271078498,1.0,0.6245620359120195,1.0,1.0312249847783386,1.0,1.364018092104731,1.0
CLI-4162,Isidoro Bernabé Solís Mateu,55.0,masculino,cuenca,2305270.0,independiente,93.0,185879.0,60.0,4690.0,238834.0,4.0,1.0,26 de November de 2025,sucursal,desconocido,ecuador,aprobado,0.0,0.27586206896551724,0.054454506296919225,-0.13793103448275862,-0.025227938255752726,1.0,-0.3970037453183521,-0.5008081449802751,0.25,0.0,0.49594657480158233,1.0,0.1263783761802047,1.0,-0.17228138848848182,1.0,-0.14568952654288395,1.0,1.3307640862439178,1.0,-0.5291091544764291,1.0,-0.8532844722692747,1.0,0.5731179750185994,1.0,0.1590477084166273,1.0
CLI-3204,Belén Blazquez Menendez,23.0,femenino,guayaquil,526880.0,estudiante,172.0,615493.0,36.0,6960.0,1045545.0,0.0,0.0,15/08/2025,web,ios,ecuador,aprobado,0.0,-0.8275862068965517,-0.8574655412889198,0.5431034482758621,0.9669247041652426,0.0,0.45318352059925093,0.4413008798503297,-0.75,-0.5,-1.3248039713607136,1.0,-1.431651700530881,1.0,0.8613701640619538,1.0,0.9902501240948955,1.0,0.0068301062973813,1.0,0.7336795638047081,1.0,0.8225968184627735,1.0,-1.6454266338532069,0.0,-1.154978408707881,0.0
CLI-1913,Emiliana Rosalva Hoz Beltrán,22.0,femenino,cuenca,4099090.0,desempleado,137.0,256425.0,48.0,5910.0,855163.0,0.0,3.0,2024-08-31,call center,desconocido,ecuador,aprobado,0.0,-0.8620689655172413,0.9742867251917792,0.2413793103448276,0.13769133418935273,0.5,0.0599250936329588,0.21896524743016904,-0.75,1.0,-1.3907510032894055,1.0,1.3962315899236903,1.0,0.4299716577377605,1.0,0.1377864913415504,1.0,0.6867732139686339,1.0,0.1511439565874379,1.0,0.5056701179528612,1.0,-1.6454266338532069,0.0,1.364018092104731,1.0
CLI-4206,Eloísa Nélida Tudela Folch,69.0,masculino,ambato,4469460.0,desempleado,58.0,457673.0,24.0,4490.0,136403.0,0.0,1.0,30/09/2024,app,desconocido,ecuador,rechazado,0.0,0.7586206896551724,1.164204475530213,-0.4396551724137931,0.6024544354428977,-0.5,-0.47191011235955055,-0.6204311196545064,-0.75,0.0,1.1846571514076158,1.0,1.639899785043547,1.0,-0.7275137061788782,1.0,0.6878733230219534,1.0,-0.7243013537000694,1.0,-0.6410325339877531,1.0,-1.20459358782532,1.0,-1.6454266338532069,0.0,0.1590477084166273,1.0
CLI-2387,Soraya Paz Bosch,52.0,masculino,quito,2330020.0,independiente,98.0,528383.0,60.0,7560.0,1226163.0,5.0,3.0,31 de January de 2026,web,desconocido,ecuador,rechazado,0.0,0.1724137931034483,0.06714577265455142,-0.09482758620689655,0.7657524502785142,1.0,0.6779026217228464,0.6522337267395554,0.5,1.0,0.34196783666934744,1.0,0.1452272945725513,1.0,-0.09947972291633322,1.0,0.832650390713104,1.0,1.3307640862439178,1.0,1.065519868407253,1.0,1.100413427782311,1.0,1.0312249847783386,1.0,1.364018092104731,1.0
CLI-2161,Gema Aller Pintor,39.0,masculino,cuenca,3894930.0,empleado,11.0,72521.0,24.0,7510.0,641699.0,5.0,0.0,16 de June de 2025,app,ios,ecuador,aprobado,0.0,-0.27586206896551724,0.8695978791483776,-0.8448275862068966,-0.28701744986282135,-0.5,0.6591760299625468,-0.030326457872523305,0.5,-0.5,-0.35844956077882295,1.0,1.2596818825406815,1.0,-1.7412941433400335,1.0,-0.8933304131987739,1.0,-0.7243013537000694,1.0,1.03789311549748,1.0,0.11039209414225838,1.0,1.0312249847783386,1.0,-1.154978408707881,0.0
CLI-1925,Camila Pelayo Mesa,57.0,femenino,ibarra,3861170.0,empleado,69.0,1090107.0,24.0,6550.0,452771.0,6.0,0.0,12/12/2025,web,ios,ecuador,rechazado,0.0,0.3448275862068966,0.8522864790581286,-0.3448275862068966,2.0630005634947763,-0.5,0.299625468164794,-0.25096405156245255,0.75,-0.5,0.597233303961312,1.0,1.2369394954927633,1.0,-0.5429084010836153,1.0,1.6172593634908503,1.0,-0.7243013537000694,1.0,0.506502428668947,1.0,-0.29168473385554844,1.0,1.4693164031674129,1.0,-1.154978408707881,0.0
CLI-4172,Loreto del Mármol,22.0,otro,ibarra,1060950.0,desempleado,213.0,953173.0,36.0,3910.0,1051393.0,5.0,1.0,desconocido,call center,android,ecuador,pendiente,0.0,-0.8620689655172413,-0.5836059605365713,0.896551724137931,1.7467645238469143,0.0,-0.6891385767790262,0.44813040563739515,0.5,0.0,-1.3907510032894055,1.0,-0.9035699994481654,1.0,1.3293160063010825,1.0,1.4646403822839784,1.0,0.0068301062973813,1.0,-0.9663576643886069,1.0,0.8319090092375351,1.0,1.0312249847783386,1.0,0.1590477084166273,1.0
CLI-2035,Trinidad Soriano Arranz,69.0,masculino,quito,232490.0,desempleado,82.0,384829.0,12.0,7890.0,856859.0,1.0,0.0,03-10-2026,sucursal,desconocido,ecuador,aprobado,0.0,0.7586206896551724,-1.0084223858555195,-0.23275862068965517,0.4342281507209962,-1.0,0.8014981273408239,0.22094590333558337,-0.5,-0.5,1.1846571514076158,1.0,-1.7793800716576063,1.0,-0.33742972686673917,1.0,0.5176995350064844,1.0,-1.5406771205288021,1.0,1.2477401795261533,1.0,0.5086235553615501,1.0,-0.9937313799445397,1.0,-1.154978408707881,0.0
CLI-3356,Desiderio Madrigal Gordillo,50.0,otro,manta,3624110.0,empleado,21.0,55963.0,36.0,3870.0,1046806.0,6.0,0.0,30/12/2025,app,android,ecuador,rechazado,0.0,0.10344827586206896,0.7307272223817532,-0.7586206896551724,-0.32525657487552306,0.0,-0.704119850187266,0.44277352554415483,0.75,-0.5,0.23787146391646838,1.0,1.0758781717409853,1.0,-1.471479311371391,1.0,-1.079563806263978,1.0,0.0068301062973813,1.0,-0.9888376448854158,1.0,0.8246067387445345,1.0,1.4693164031674129,1.0,-1.154978408707881,0.0
CLI-1971,Rosalía Dafne Cuadrado Mercader,30.0,otro,cuenca,1644440.0,desconocido,71.0,914184.0,48.0,7430.0,731013.0,5.0,0.0,19/02/2026,web,android,ecuador,rechazado,0.0,-0.5862068965517241,-0.28440486934405385,-0.3275862068965517,1.6567231393125363,0.5,0.6292134831460674,0.07397796520305226,0.5,-0.5,-0.8838487923359118,1.0,-0.3971848617148694,1.0,-0.5104750129294643,1.0,1.4178434440694485,1.0,0.6867732139686339,1.0,0.9936804679136364,1.0,0.28192173407724375,1.0,1.0312249847783386,1.0,-1.154978408707881,0.0
CLI-4861,Rodolfo Rivera Perelló,51.0,masculino,cuenca,3119970.0,empleado,23.0,12206.0,48.0,5750.0,221237.0,1.0,0.0,28/06/2026,web,ios,ecuador,aprobado,0.0,0.13793103448275862,0.4722151002994626,-0.7413793103448276,-0.4263092015925656,0.5,0.0,-0.5213586178385158,-0.5,-0.5,0.2900687935278137,1.0,0.7246623273939845,1.0,-1.4232861573708768,1.0,-2.026098747776519,1.0,0.6867732139686339,1.0,0.062153721058298174,1.0,-0.9080092206839862,1.0,-0.9937313799445397,1.0,-1.154978408707881,0.0
CLI-2440,Celso del Torralba,24.0,femenino,cuenca,3092620.0,independiente,89.0,283786.0,36.0,5310.0,146182.0,6.0,1.0,06-19-2025,app,ios,ecuador,aprobado,0.0,-0.7931034482758621,0.4581906100012307,-0.1724137931034483,0.20087895947456422,0.0,-0.1647940074906367,-0.6090108165300684,0.75,0.0,-1.2596709610745607,1.0,0.7052375189070538,1.0,-0.23150688136671793,1.0,0.23028693641582013,1.0,0.0068301062973813,1.0,-0.18290327328209624,1.0,-1.1668872234889573,1.0,1.4693164031674129,1.0,0.1590477084166273,1.0
CLI-2455,Juan Manuel Viana Ferrera,34.0,masculino,guayaquil,3436120.0,desempleado,215.0,8532.0,36.0,6210.0,100539.0,4.0,3.0,26/04/2026,web,desconocido,ecuador,rechazado,0.0,-0.4482758620689655,0.6343300036920048,0.9137931034482759,-0.43479395490194267,0.0,0.17228464419475656,-0.6623145178807917,0.25,1.0,-0.6453928909647655,1.0,0.9463656176198384,1.0,1.3512938076934038,1.0,-2.216119972560938,1.0,0.0068301062973813,1.0,0.3178351882918907,1.0,-1.354403497204452,1.0,0.5731179750185994,1.0,1.364018092104731,1.0
CLI-4826,Nerea Rodrigo Pinilla,63.0,femenino,guayaquil,3732620.0,estudiante,111.0,183188.0,48.0,7710.0,1029581.0,2.0,1.0,24/02/2026,app,desconocido,ecuador,pendiente,0.0,0.5517241379310345,0.786368810764245,0.017241379310344827,-0.03144254662688332,0.5,0.7340823970037453,0.4226574890047905,-0.25,0.0,0.8950545429529138,1.0,1.149903237463763,1.0,0.08401389943884627,1.0,-0.15818396969825618,1.0,0.6867732139686339,1.0,1.1483720913918585,1.0,0.7970585146328073,1.0,-0.42741696705649357,1.0,0.1590477084166273,1.0
CLI-4761,Elba Gimenez Morata,47.0,femenino,ambato,497020.0,empleado,71.0,208092.0,60.0,7090.0,496725.0,0.0,0.0,11/03/2026,sucursal,ios,ecuador,aprobado,0.0,0.0,-0.8727771054682693,-0.3275862068965517,0.026070871015121982,1.0,0.50187265917603,-0.19963283124017556,-0.75,-0.5,0.07941182896138738,1.0,-1.464243228112011,1.0,-0.5104750129294643,1.0,-0.047944994198869065,1.0,1.3307640862439178,1.0,0.8056385864748596,1.0,-0.19238481454525685,1.0,-1.6454266338532069,0.0,-1.154978408707881,0.0
CLI-4980,María Dolores Cobo Milla,61.0,masculino,loja,2199075.0,empleado,128.0,94378.0,48.0,7230.0,813701.0,4.0,3.0,24/03/2026,web,ios,ecuador,rechazado,0.0,0.4827586206896552,0.0,0.16379310344827586,-0.23654078870793419,0.5,0.5543071161048689,0.17054428330853622,0.25,1.0,0.7967443292520429,1.0,0.04494689081865905,1.0,0.3130423455107314,1.0,-0.6956779198948798,1.0,0.6867732139686339,1.0,0.8830950365013083,1.0,0.4326449526076865,1.0,0.5731179750185994,1.0,1.364018092104731,1.0
CLI-2281,Ariel Valero Roura,57.0,masculino,desconocido,1969060.0,estudiante,89.0,100665.0,24.0,4720.0,87277.0,4.0,2.0,17 de October de 2025,app,desconocido,ecuador,aprobado,0.0,0.3448275862068966,-0.11794673257578865,-0.1724137931034483,-0.22202156060340128,-0.5,-0.3857677902621723,-0.6778024062166436,0.25,0.5,0.597233303961312,1.0,-0.1347440613064429,1.0,-0.23150688136671793,1.0,-0.6459634737598295,1.0,-0.7243013537000694,1.0,-0.5123313502806739,1.0,-1.4156634304219233,1.0,0.5731179750185994,1.0,0.8765503230843952,1.0
CLI-4253,Florentina Barrena Tomas,30.0,masculino,cuenca,3001990.0,jubilado,41.0,56442.0,48.0,6520.0,145617.0,3.0,1.0,2025-10-27,desconocido,ios,ecuador,aprobado,0.0,-0.5862068965517241,0.4117175001025557,-0.5862068965517241,-0.3241503699666522,0.5,0.2883895131086142,-0.6096706458853508,0.0,0.0,-0.8838487923359118,1.0,0.6405738962302268,1.0,-1.0389413061558674,1.0,-1.0735660915186616,1.0,0.6867732139686339,1.0,0.4898656331041376,1.0,-1.169034885740316,1.0,0.08972016254826615,1.0,0.1590477084166273,1.0
CLI-4351,Olegario Sánchez Bautista,25.0,masculino,manta,2199075.0,empleado,118.0,104295.0,12.0,5790.0,1432735.0,0.0,0.0,07/09/2024,web,ios,colombia,rechazado,0.0,-0.7586206896551724,0.0,0.07758620689655173,-0.21363842110611253,-1.0,0.0149812734082397,0.8934766817473683,-0.75,-0.5,-1.19530993688497,1.0,0.04494689081865905,1.0,0.17970315387331007,1.0,-0.618428034795531,1.0,-1.5406771205288021,1.0,0.08440717581138651,1.0,1.3968289453575788,1.0,-1.6454266338532069,0.0,-1.154978408707881,0.0
CLI-4824,Ildefonso Castell Arnaiz,54.0,femenino,desconocido,105330.0,estudiante,127.0,727416.0,48.0,8170.0,875016.0,0.0,0.0,13/02/2025,desconocido,ios,colombia,aprobado,0.0,0.2413793103448276,-1.073627292119621,0.15517241379310345,1.2254002198553389,0.5,0.9063670411985019,0.24215036635127213,-0.75,-0.5,0.44489989639032784,1.0,-1.9614724201594125,1.0,0.2998760075289511,1.0,1.1674236377063334,1.0,0.6867732139686339,1.0,1.402197519516661,1.0,0.5400823399026385,1.0,-1.6454266338532069,0.0,-1.154978408707881,0.0
CLI-4562,Rosalía Canales Ibarra,32.0,masculino,desconocido,2199075.0,desempleado,33.0,94397.0,12.0,0.0,23672.0,2.0,0.0,2024-11-20,call center,ios,ecuador,aprobado,0.0,-0.5172413793103449,0.0,-0.6551724137931034,-0.2364969100163506,-1.0,-2.153558052434457,-0.7520828418675156,-0.25,-0.5,-0.763543483957753,1.0,0.04494689081865905,1.0,-1.200665901506059,1.0,-0.6955235668474599,1.0,-1.5406771205288021,1.0,-3.2212900173237156,0.0,-1.8011909862888904,1.0,-0.42741696705649357,1.0,-1.154978408707881,0.0
CLI-3201,Charo del Malo,18.0,masculino,manta,2199075.0,empleado,77.0,352551.0,48.0,5760.0,87518.0,0.0,0.0,25/08/2024,sucursal,desconocido,ecuador,aprobado,0.0,-1.0,0.0,-0.27586206896551724,0.3596851819349117,0.5,0.003745318352059925,-0.6775209568810275,-0.75,-0.5,-1.663682524383616,1.0,0.04494689081865905,1.0,-0.41501937200379546,1.0,0.43354336166768304,1.0,0.6867732139686339,1.0,0.06771745650308295,1.0,-1.4145149566287194,1.0,-1.6454266338532069,0.0,-1.154978408707881,0.0
CLI-1284,César Guerrero Vazquez,20.0,masculino,guayaquil,390680.0,independiente,71.0,289518.0,36.0,5140.0,1025321.0,0.0,1.0,16 de September de 2025,sucursal,ios,ecuador,aprobado,0.0,-0.9310344827586207,-0.9273059646387989,-0.3275862068965517,0.2141164679038918,0.0,-0.22846441947565543,0.4176824924499172,-0.75,0.0,-1.5252770679937777,1.0,-1.5844072186152416,1.0,-0.5104750129294643,1.0,0.2487157435273039,1.0,0.0068301062973813,1.0,-0.2777219242120471,1.0,0.7902141378086146,1.0,-1.6454266338532069,0.0,0.1590477084166273,1.0
CLI-4493,Pascual Mendizábal-Nicolás,23.0,desconocido,cuenca,3743950.0,estudiante,186.0,181684.0,24.0,4810.0,281772.0,1.0,0.0,10/12/2025,app,android,ecuador,aprobado,0.0,-0.8275862068965517,0.7921785904746277,0.6637931034482759,-0.03491589147644869,-0.5,-0.352059925093633,-0.4506634496579398,-0.5,-0.5,-1.3248039713607136,1.0,1.1576027283807608,1.0,1.025140807652518,1.0,-0.16523398255795285,1.0,-0.7243013537000694,1.0,-0.462014301736421,1.0,-0.7267674657551239,1.0,-0.9937313799445397,1.0,-1.154978408707881,0.0
CLI-2387,Soraya Paz Bosch,56.0,otro,loja,2426610.0,independiente,55.0,60142.0,24.0,7630.0,866897.0,1.0,0.0,21 de May de 2026,web,desktop,peru,pendiente,0.0,0.3103448275862069,0.11667504204783197,-0.46551724137931033,-0.3156055721319502,-0.5,0.704119850187266,0.2326686769078411,-0.5,-0.5,0.5467223259835524,1.0,0.21833736602604537,1.0,-0.7799061829807394,1.0,-1.02861578126034,1.0,-0.7243013537000694,1.0,1.1041894442679727,1.0,0.5260513279235631,1.0,-0.9937313799445397,1.0,-1.154978408707881,0.0
CLI-2694,Dionisia Nidia Cerro Caballero,23.0,masculino,machala,2199075.0,empleado,34.0,160055.0,24.0,7370.0,1374107.0,0.0,0.0,2025-01-14,app,desktop,ecuador,rechazado,0.0,-0.8275862068965517,0.0,-0.646551724137931,-0.08486600833233258,-0.5,0.6067415730337079,0.8250085836208165,-0.75,-0.5,-1.3248039713607136,1.0,0.04494689081865905,1.0,-1.1797705292202825,1.0,-0.27242503602914453,1.0,-0.7243013537000694,1.0,0.9605129627074114,1.0,1.3147368669802582,1.0,-1.6454266338532069,0.0,-1.154978408707881,0.0
CLI-4179,Miguel Ibán Ibáñez Saura,20.0,otro,ibarra,1682880.0,desconocido,134.0,55413.0,48.0,5750.0,1493755.0,4.0,1.0,12/03/2026,app,ios,colombia,aprobado,0.0,-0.9310344827586207,-0.26469366616072526,0.21551724137931033,-0.3265267475266274,0.5,0.0,0.964738252117877,0.25,0.0,-1.5252770679937777,1.0,-0.36550313680256663,1.0,0.3913013663932993,1.0,-1.0865035992382368,1.0,0.6867732139686339,1.0,0.062153721058298174,1.0,1.4807111937109207,1.0,0.5731179750185994,1.0,0.1590477084166273,1.0
CLI-4790,Chita del Giménez,36.0,otro,cuenca,1401210.0,desempleado,43.0,573942.0,24.0,8090.0,691725.0,2.0,1.0,07/10/2025,app,desconocido,ecuador,rechazado,0.0,-0.3793103448275862,-0.40912796898716003,-0.5689655172413793,0.8709666244815386,-0.5,0.8764044943820225,0.02809588429979843,-0.25,0.0,-0.5292383727752412,1.0,-0.6019852169109619,1.0,-1.0002603568371877,1.0,0.91757162450919,1.0,-0.7243013537000694,1.0,1.358080934401652,1.0,0.20767777483011,1.0,-0.42741696705649357,1.0,0.1590477084166273,1.0
CLI-3046,Ale Giménez-Manzano,26.0,femenino,guayaquil,2859170.0,empleado,29.0,526514.0,36.0,9500.0,24062.0,3.0,3.0,26 de July de 2024,sucursal,android,ecuador,pendiente,0.0,-0.7241379310344828,0.33848248348853427,-0.6896551724137931,0.7614361726695796,0.0,1.404494382022472,-0.7516273844364356,0.0,1.0,-1.1316825600056744,1.0,0.5377184521191871,1.0,-1.2865101964600696,1.0,0.8290379522979165,1.0,0.0068301062973813,1.0,2.1340886486296755,1.0,-1.7978959409783244,1.0,0.08972016254826615,1.0,1.364018092104731,1.0
CLI-2269,Carla Chaves Torres,71.0,masculino,ambato,449880.0,independiente,224.0,23837.0,36.0,3460.0,846869.0,1.0,1.0,2024-11-14,sucursal,desconocido,ecuador,aprobado,0.0,0.8275862068965517,-0.89694948106822,0.9913793103448276,-0.39944851412893867,0.0,-0.8576779026217228,0.20927918606253548,-0.5,0.0,1.2795265513516445,1.0,-1.5166672844406515,1.0,1.4493234346630277,1.0,-1.6392663800225353,1.0,0.0068301062973813,1.0,-1.2196135026463546,1.0,0.491189459123883,1.0,-0.9937313799445397,1.0,0.1590477084166273,1.0
CLI-3299,Sandalio Agudo-Cuervo,52.0,otro,cuenca,2037540.0,desempleado,130.0,62222.0,24.0,4630.0,95292.0,3.0,1.0,25/11/2025,app,ios,ecuador,aprobado,0.0,0.1724137931034483,-0.08283166509414612,0.1810344827586207,-0.3108020101059555,-0.5,-0.41947565543071164,-0.6684421720881673,0.0,0.0,0.34196783666934744,1.0,-0.08074755590993916,1.0,0.3392679954347021,1.0,-1.0043508687002676,1.0,-0.7243013537000694,1.0,-0.5626730523662472,1.0,-1.3781869460571552,1.0,0.08972016254826615,1.0,0.1590477084166273,1.0
CLI-4270,Malena Vicente Carbajo,57.0,femenino,manta,1908670.0,independiente,226.0,858691.0,60.0,3370.0,1123406.0,4.0,0.0,2025-08-25,call center,desktop,ecuador,pendiente,0.0,0.3448275862068966,-0.14891342248841122,1.0086206896551724,1.5285673376257471,1.0,-0.8913857677902621,0.5322300363665241,0.25,-0.5,0.597233303961312,1.0,-0.18273391785305781,1.0,1.470919426621819,1.0,1.3482784776652417,1.0,1.3307640862439178,1.0,-1.2703629741290947,1.0,0.9447638108639158,1.0,0.5731179750185994,1.0,-1.154978408707881,0.0
CLI-1860,Flor Solsona-Castilla,52.0,femenino,sto. domingo,2881150.0,independiente,180.0,237766.0,48.0,6010.0,1223883.0,6.0,0.0,2025-09-23,app,ios,ecuador,rechazado,0.0,0.1724137931034483,0.349753353570989,0.6120689655172413,0.09460014964943235,0.5,0.09737827715355805,0.649571052527088,0.75,-0.5,0.34196783666934744,1.0,0.5536262346671318,1.0,0.9554999871692291,1.0,0.06985963009555207,1.0,0.6867732139686339,1.0,0.20673132393002225,1.0,1.097023737113694,1.0,1.4693164031674129,1.0,-1.154978408707881,0.0
CLI-1204,Abril Eliana Coca Castillo,75.0,femenino,quito,2906030.0,independiente,209.0,87909.0,60.0,5250.0,506015.0,6.0,2.0,01 de August de 2025,call center,desktop,peru,rechazado,0.0,0.9655172413793104,0.36251128112565123,0.8620689655172413,-0.2514803284897416,1.0,-0.18726591760299627,-0.18878360166393782,0.75,0.5,1.4669462199060965,1.0,0.5715980100006006,1.0,1.285142697269014,1.0,-0.7498047864514199,1.0,1.3307640862439178,1.0,-0.2163596446166744,1.0,-0.17190068337968473,1.0,1.4693164031674129,1.0,0.8765503230843952,1.0
CLI-4467,Maricela Herrera Moreno,43.0,desconocido,quito,1026010.0,independiente,107.0,121531.0,48.0,5750.0,1187063.0,5.0,0.0,2025-04-03,sucursal,ios,ecuador,aprobado,0.0,-0.13793103448275862,-0.6015224391844771,-0.017241379310344827,-0.17383351962532217,0.5,0.0,0.6065711996748735,0.5,-0.5,-0.13654892106911792,1.0,-0.9357530907338273,1.0,0.028391833526907297,1.0,-0.49767471794295737,1.0,0.6867732139686339,1.0,0.062153721058298174,1.0,1.0418919414595957,1.0,1.0312249847783386,1.0,-1.154978408707881,0.0
CLI-4619,Fabián Saez Aragonés,57.0,masculino,ambato,2199075.0,independiente,188.0,532808.0,36.0,6580.0,16946.0,1.0,2.0,30/08/2025,app,desconocido,ecuador,rechazado,0.0,0.3448275862068966,0.0,0.6810344827586207,0.7759715666078538,0.0,0.31086142322097376,-0.7599377307942944,-0.5,0.5,0.597233303961312,1.0,0.04494689081865905,1.0,1.0481792982627587,1.0,0.8411607940521111,1.0,0.0068301062973813,1.0,0.5231372668231036,1.0,-1.8623914846996323,1.0,-0.9937313799445397,1.0,0.8765503230843952,1.0
CLI-4245,Amílcar del Almazán,70.0,masculino,quito,2199075.0,empleado,222.0,751908.0,48.0,3150.0,982172.0,1.0,0.0,06/09/2025,app,desktop,ecuador,aprobado,0.0,0.7931034482758621,0.0,0.9741379310344828,1.281962162711426,0.5,-0.9737827715355806,0.3672913829789719,-0.5,-0.5,1.2321913977431922,1.0,0.04494689081865905,1.0,1.4276599138063724,1.0,1.203126280101166,1.0,0.6867732139686339,1.0,-1.394565862905559,1.0,0.7201673183369622,1.0,-0.9937313799445397,1.0,-1.154978408707881,0.0
CLI-3012,Graciela Rios-Mancebo,66.0,desconocido,quito,2199075.0,desempleado,9.0,118239.0,48.0,4180.0,61188.0,2.0,2.0,09-25-2024,desconocido,android,ecuador,aprobado,0.0,0.6551724137931034,0.0,-0.8620689655172413,-0.1814360802933868,0.5,-0.5880149812734082,-0.7082701726767584,-0.25,0.5,1.0408222341491922,1.0,0.04494689081865905,1.0,-1.8037703271338996,1.0,-0.5195817060842494,1.0,0.6867732139686339,1.0,-0.8147692897403896,1.0,-1.5497176741075567,1.0,-0.42741696705649357,1.0,0.8765503230843952,1.0
CLI-2851,Jose Luis Salcedo Beltrán,57.0,femenino,ambato,405680.0,independiente,100.0,256661.0,12.0,4110.0,221931.0,1.0,3.0,2026-04-21,app,desktop,peru,rechazado,0.0,0.3448275862068966,-0.9196142880584157,-0.07758620689655173,0.1382363537269175,-1.0,-0.6142322097378277,-0.5205481371791069,-0.5,1.0,0.597233303961312,1.0,-1.567024957553971,1.0,-0.07072247627360177,1.0,0.13861884745603423,1.0,-1.5406771205288021,1.0,-0.8540451535353837,1.0,-0.9058153581608652,1.0,-0.9937313799445397,1.0,1.364018092104731,1.0
CLI-1712,Zaira Noriega Pablo,64.0,otro,guayaquil,65390.0,empleado,216.0,964273.0,60.0,3300.0,1048089.0,3.0,0.0,09 de November de 2025,app,ios,ecuador,pendiente,0.0,0.5862068965517241,-1.0941076629609878,0.9224137931034483,1.7723989173510204,1.0,-0.9176029962546817,0.4442718637084512,0.0,-0.5,0.9438655831854961,1.0,-2.0284595638307183,1.0,1.362255893287546,1.0,1.47767087362341,1.0,1.3307640862439178,1.0,-1.3098588151197776,1.0,0.8266506290427462,1.0,0.08972016254826615,1.0,-1.154978408707881,0.0
CLI-2800,Gregorio Tomas,43.0,masculino,quito,108260.0,empleado,176.0,108543.0,48.0,3920.0,1168097.0,5.0,1.0,2024-09-18,call center,android,ecuador,rechazado,0.0,-0.13793103448275862,-1.0721248512942527,0.5775862068965517,-0.20382806942994652,0.5,-0.6853932584269663,0.5844219544495856,0.5,0.0,-0.13654892106911792,1.0,-1.9568264378811187,1.0,0.9086218766799399,1.0,-0.5872024437936404,1.0,0.6867732139686339,1.0,-0.9607385945960056,1.0,1.0131992104775913,1.0,1.0312249847783386,1.0,0.1590477084166273,1.0
CLI-2125,Donato Arregui Quesada,35.0,femenino,guayaquil,2199075.0,empleado,56.0,238253.0,60.0,7710.0,493128.0,3.0,1.0,05-19-2025,app,desktop,ecuador,aprobado,0.0,-0.41379310344827586,0.0,-0.45689655172413796,0.09572482979686475,1.0,0.7340823970037453,-0.2038335501622129,0.0,0.0,-0.5870752304386575,1.0,0.04494689081865905,1.0,-0.7623349151880522,1.0,0.07168815762807565,1.0,1.3307640862439178,1.0,1.1483720913918585,1.0,-0.20036140568697564,1.0,0.08972016254826615,1.0,0.1590477084166273,1.0
CLI-2812,Antonio Mohamed Bosch Vendrell,27.0,femenino,guayaquil,1787040.0,desempleado,111.0,58204.0,24.0,3590.0,1198606.0,4.0,0.0,10/04/2025,call center,desconocido,ecuador,pendiente,0.0,-0.6896551724137931,-0.2112826639865447,0.017241379310344827,-0.3200811986734779,-0.5,-0.8089887640449438,0.620051571795273,0.25,-0.5,-1.0687537389404749,1.0,-0.28050689997442163,1.0,0.08401389943884627,1.0,-1.0518627649030865,1.0,-0.7243013537000694,1.0,-1.1463683265247264,1.0,1.0592558231038216,1.0,0.5731179750185994,1.0,-1.154978408707881,0.0
CLI-2226,Cornelio Catalán Paz,54.0,femenino,guayaquil,2597130.0,empleado,204.0,277946.0,24.0,5870.0,562861.0,4.0,3.0,2025-07-26,call center,ios,ecuador,pendiente,0.0,0.2413793103448276,0.2041140214136276,0.8189655172413793,0.18739203532465612,-0.5,0.0449438202247191,-0.12239659364555135,0.25,1.0,0.44489989639032784,1.0,0.3457409612662407,1.0,1.2295081578787022,1.0,0.21118863656917716,1.0,-0.7243013537000694,1.0,0.12890226598368684,1.0,-0.05000448955297161,1.0,0.5731179750185994,1.0,1.364018092104731,1.0
CLI-3659,Abel Real Sanjuan,61.0,masculino,guayaquil,4470880.0,jubilado,162.0,83351.0,48.0,3160.0,1487553.0,2.0,3.0,06/05/2025,app,ios,ecuador,aprobado,0.0,0.4827586206896552,1.1649326209131559,0.45689655172413796,-0.2620065956601665,0.5,-0.9700374531835206,0.957495311124139,-0.25,1.0,0.7967443292520429,1.0,1.6408245161829014,1.0,0.7415278238235563,1.0,-0.7899748707626699,1.0,0.6867732139686339,1.0,-1.388915555821662,1.0,1.4722554081523962,1.0,-0.42741696705649357,1.0,1.364018092104731,1.0
CLI-4102,Jenaro Carbonell,73.0,masculino,quito,1782010.0,empleado,136.0,80051.0,36.0,5770.0,341763.0,2.0,0.0,01-10-2025,app,desktop,ecuador,pendiente,0.0,0.896551724137931,-0.2138619395331665,0.23275862068965517,-0.2696276315667926,0.0,0.00749063670411985,-0.38060358620174195,-0.25,-0.5,1.3736137957931474,1.0,-0.28458382058275444,1.0,0.4171146738783833,1.0,-0.8202182931851077,1.0,0.0068301062973813,1.0,0.07328094381644945,1.0,-0.5634850258890426,1.0,-0.42741696705649357,1.0,-1.154978408707881,0.0
CLI-2334,Abilio Cruz Ramírez,54.0,otro,guayaquil,3031740.0,desempleado,6.0,310198.0,48.0,6830.0,932875.0,1.0,0.0,2025-10-23,app,ios,ecuador,aprobado,0.0,0.2413793103448276,0.4269726586536489,-0.8879310344827587,0.2618749595854156,0.5,0.4044943820224719,0.3097203958508996,-0.5,-0.5,0.44489989639032784,1.0,0.6618508694200914,1.0,-1.9065555468267243,1.0,0.31276874766237484,1.0,0.6867732139686339,1.0,0.661686002164939,1.0,0.6384563307084568,1.0,-0.9937313799445397,1.0,-1.154978408707881,0.0
CLI-1666,Paula Ojeda Pujadas,52.0,masculino,sto. domingo,3223060.0,empleado,179.0,103852.0,12.0,3910.0,616919.0,3.0,2.0,desconocido,web,desconocido,ecuador,aprobado,0.0,0.1724137931034483,0.5250774295442425,0.603448275862069,-0.21466148744145658,-1.0,-0.6891385767790262,-0.059265522339603076,0.0,0.5,0.34196783666934744,1.0,0.7975192268690344,1.0,0.9438148669570019,1.0,-0.6217451690768666,1.0,-1.5406771205288021,1.0,-0.9663576643886069,1.0,0.060964458537482745,1.0,0.08972016254826615,1.0,0.8765503230843952,1.0
CLI-3690,Adrián Navas Marquez,29.0,femenino,manta,313870.0,independiente,153.0,814534.0,24.0,4150.0,1145905.0,3.0,1.0,22/08/2025,app,desconocido,ecuador,aprobado,0.0,-0.6206896551724138,-0.9666924765147475,0.3793103448275862,1.4265909489806288,-0.5,-0.599250936329588,0.5585052587815696,0.0,0.0,-0.9448654062922993,1.0,-1.6761047014394486,1.0,0.6314426078488757,1.0,1.2901905824723814,1.0,-0.7243013537000694,1.0,-0.8315997173515094,1.0,0.9793637701747138,1.0,0.08972016254826615,1.0,0.1590477084166273,1.0
CLI-2581,Benigna Marín Sebastián,23.0,masculino,loja,4216390.0,empleado,202.0,50738.0,48.0,4420.0,923022.0,0.0,0.0,19/02/2025,app,desconocido,ecuador,rechazado,0.0,-0.8275862068965517,1.0344356360503753,0.8017241379310345,-0.3373232150610145,0.5,-0.49812734082397003,0.2982136725985131,-0.75,-0.5,-1.3248039713607136,1.0,1.4739507561371006,1.0,1.207121196682738,1.0,-1.14793507060056,1.0,0.6867732139686339,1.0,-0.6802356974597157,1.0,0.6218982264707782,1.0,-1.6454266338532069,0.0,-1.154978408707881,0.0
CLI-2777,Magdalena Gil Rodríguez,48.0,masculino,quito,4388320.0,empleado,151.0,18852.0,24.0,5280.0,1434265.0,3.0,0.0,2024-09-15,web,android,ecuador,rechazado,0.0,0.034482758620689655,1.122597633014727,0.3620689655172414,-0.41096089715758455,-0.5,-0.1760299625468165,0.895263476284682,0.0,-0.5,0.1325511349327879,1.0,1.5869426958276949,1.0,0.6066753873088846,1.0,-1.779771941713131,1.0,-0.7243013537000694,1.0,-0.19963023813701516,1.0,1.3989512335515284,1.0,0.08972016254826615,1.0,-1.154978408707881,0.0
CLI-3093,Lucía Ileana Cantero Maldonado,20.0,desconocido,quito,1832460.0,empleado,130.0,105887.0,24.0,-10.0,422126.0,4.0,0.0,02-16-2026,call center,ios,ecuador,pendiente,0.0,-0.9310344827586207,-0.18799226730114452,0.1810344827586207,-0.20996184863237047,-0.5,-2.157303370786517,-0.2867524950892346,0.25,-0.5,-1.5252770679937777,1.0,-0.24381569162308758,1.0,0.3392679954347021,1.0,-0.6066035474620711,1.0,-0.7243013537000694,1.0,-3.2285394430448684,-1.0,-0.3634552150156219,1.0,0.5731179750185994,1.0,-1.154978408707881,0.0
CLI-2114,Dulce Sanz Machado,17.0,masculino,machala,2450890.0,independiente,185.0,118106.0,12.0,6390.0,151504.0,6.0,3.0,2024-10-02,app,ios,ecuador,rechazado,0.0,-1.0344827586206897,0.12912530253927884,0.6551724137931034,-0.18174323113447202,-1.0,0.2397003745318352,-0.6027955743551774,0.75,1.0,-1.7345036858952965,1.0,0.23660525652258454,1.0,1.013589125925656,1.0,-0.5204774167378996,1.0,-1.5406771205288021,1.0,0.41775000624652037,1.0,-1.1468341993518192,1.0,1.4693164031674129,1.0,1.364018092104731,1.0
CLI-3717,Segismundo de Moles,72.0,masculino,guayaquil,1668070.0,independiente,178.0,97674.0,48.0,4780.0,821906.0,0.0,0.0,22/04/2025,app,android,ecuador,pendiente,0.0,0.8620689655172413,-0.2722879148377569,0.5948275862068966,-0.2289289904205888,0.5,-0.36329588014981273,0.18012640695471818,-0.75,-0.5,1.3266661942191638,1.0,-0.3776887014470489,1.0,0.932106923821541,1.0,-0.6692815408478816,1.0,0.6867732139686339,1.0,-0.47878394153725184,1.0,0.4472240435724768,1.0,-1.6454266338532069,0.0,-1.154978408707881,0.0
CLI-2348,Casemiro Berenguer Marqués,37.0,femenino,quito,2367860.0,empleado,215.0,87154.0,36.0,3550.0,355115.0,0.0,3.0,03-12-2026,desconocido,desconocido,ecuador,rechazado,0.0,-0.3448275862068966,0.08654930877466464,0.9137931034482759,-0.2532239291289849,0.0,-0.8239700374531835,-0.36501059230487154,-0.75,1.0,-0.47186551462805226,1.0,0.173953283996448,1.0,1.3512938076934038,1.0,-0.7563366852381705,1.0,0.0068301062973813,1.0,-1.16889793115219,1.0,-0.5289164216348152,1.0,-1.6454266338532069,0.0,1.364018092104731,1.0
CLI-4158,Mamen Roma Agustí,49.0,otro,cuenca,317360.0,empleado,82.0,47564.0,36.0,6570.0,1147791.0,5.0,0.0,12/11/2024,web,android,ecuador,aprobado,0.0,0.06896551724137931,-0.9649028797637117,-0.23275862068965517,-0.3446532659602967,0.0,0.30711610486891383,0.5607078042046896,0.5,-0.5,0.1853682330189416,1.0,-1.6718302163687866,1.0,-0.33742972686673917,1.0,-1.1923936592169944,1.0,0.0068301062973813,1.0,0.5175925376951224,1.0,0.9822504702762,1.0,1.0312249847783386,1.0,-1.154978408707881,0.0
CLI-2862,Celestina Busquets Caballero,41.0,masculino,cuenca,196220.0,empleado,27.0,728008.0,60.0,6350.0,94826.0,6.0,1.0,27 de October de 2025,app,desconocido,ecuador,aprobado,0.0,-0.20689655172413793,-1.027020859826886,-0.7068965517241379,1.2267673875088911,1.0,0.2247191011235955,-0.6689863853263294,0.75,0.0,-0.2467117193929858,1.0,-1.8281104364200382,1.0,-1.330932743484377,1.0,1.1682983602728096,1.0,1.3307640862439178,1.0,0.3955530341139913,1.0,-1.3803268273454137,1.0,1.4693164031674129,1.0,0.1590477084166273,1.0
CLI-4141,Artemio Marquez Morillo,48.0,femenino,guayaquil,1425820.0,estudiante,180.0,377717.0,24.0,7540.0,1170313.0,2.0,3.0,29 de January de 2025,app,ios,ecuador,rechazado,0.0,0.034482758620689655,-0.39650849161094476,0.6120689655172413,0.41780366363980675,-0.5,0.6704119850187266,0.5870098869297732,-0.25,1.0,0.1325511349327879,1.0,-0.5808989647443452,1.0,0.9554999871692291,1.0,0.49967740630253754,1.0,-0.7243013537000694,1.0,1.05446973226506,1.0,1.0165622387094966,1.0,-0.42741696705649357,1.0,1.364018092104731,1.0
CLI-3150,Eloísa de Vallés,21.0,femenino,guayaquil,1344740.0,desconocido,42.0,93773.0,60.0,5310.0,228077.0,4.0,1.0,desconocido,app,desktop,ecuador,pendiente,0.0,-0.896551724137931,-0.4380845674201091,-0.5775862068965517,-0.23793797862414898,1.0,-0.1647940074906367,-0.5133705952011136,0.25,0.0,-1.4575583232873945,1.0,-0.6507071663371857,1.0,-1.0195218370651624,1.0,-0.7006064571584109,1.0,1.3307640862439178,1.0,-0.18290327328209624,1.0,-0.8865171805782828,1.0,0.5731179750185994,1.0,0.1590477084166273,1.0
CLI-1558,Julieta Salamanca Ribas,19.0,masculino,sto. domingo,265790.0,empleado,184.0,46107.0,12.0,6210.0,1350862.0,3.0,0.0,18 de January de 2025,web,android,ecuador,rechazado,0.0,-0.9655172413793104,-0.9913468638470689,0.646551724137931,-0.34801806878331315,-1.0,0.17228464419475656,0.7978621528888847,0.0,-0.5,-1.5939640155838737,1.0,-1.7362207203548732,1.0,1.0020156104142128,1.0,-1.2136362472526172,1.0,-1.5406771205288021,1.0,0.3178351882918907,1.0,1.2817621546725069,1.0,0.08972016254826615,1.0,-1.154978408707881,0.0
CLI-1311,Marcia Bustos Álvarez,30.0,otro,manta,997640.0,empleado,101.0,470725.0,36.0,3840.0,1239201.0,1.0,1.0,2026-05-05,app,android,ecuador,rechazado,0.0,-0.5862068965517241,-0.6160699634901752,-0.06896551724137931,0.6325967871560142,0.0,-0.7153558052434457,0.6674600190124281,-0.5,0.0,-0.8838487923359118,1.0,-0.962077015562702,1.0,-0.05641893163366354,1.0,0.7159394741152988,1.0,0.0068301062973813,1.0,-1.005701544114568,1.0,1.1197439348122595,1.0,-0.9937313799445397,1.0,0.1590477084166273,1.0
CLI-2478,Carina Arregui Pulido,47.0,femenino,cuenca,4049850.0,jubilado,130.0,49328.0,24.0,6410.0,582858.0,2.0,1.0,09/06/2026,sucursal,android,ecuador,pendiente,0.0,0.0,0.9490375148705747,0.1810344827586207,-0.340579475857482,-0.5,0.24719101123595505,-0.09904330582681874,-0.25,0.0,0.07941182896138738,1.0,1.3634493589013852,1.0,0.3392679954347021,1.0,-1.1673899612867045,1.0,-0.7243013537000694,1.0,0.42884715241878496,1.0,-0.008429055425314526,1.0,-0.42741696705649357,1.0,0.1590477084166273,1.0
CLI-2242,Ernesto Carro-Pino,68.0,femenino,quito,2199075.0,jubilado,136.0,586388.0,12.0,7930.0,1043161.0,3.0,2.0,18/04/2026,sucursal,android,ecuador,pendiente,0.0,0.7241379310344828,0.0,0.23275862068965517,0.8997094768736201,-1.0,0.8164794007490637,0.43851675032290766,0.0,0.5,1.1369201125057966,1.0,0.04494689081865905,1.0,0.4171146738783833,1.0,0.9397898814906032,1.0,-1.5406771205288021,1.0,1.2698140217377691,1.0,0.8187940129413287,1.0,0.08972016254826615,1.0,0.8765503230843952,1.0
CLI-4491,Macario de Aguilar,61.0,otro,loja,2969880.0,estudiante,223.0,79513.0,36.0,5320.0,147665.0,5.0,2.0,desconocido,web,android,ecuador,aprobado,0.0,0.4827586206896552,0.39525218443614885,0.9827586206896551,-0.2708700913600547,0.0,-0.16104868913857678,-0.6072789104523977,0.5,0.5,0.7967443292520429,1.0,0.6175525970584813,1.0,1.4385001661728747,1.0,-0.8252471474145034,1.0,0.0068301062973813,1.0,-0.17732815846419006,1.0,-1.1612674395589546,1.0,1.0312249847783386,1.0,0.8765503230843952,1.0
CLI-2128,Alonso Arias Cerro,32.0,otro,machala,2010830.0,empleado,126.0,155858.0,36.0,5940.0,75486.0,5.0,1.0,06/12/2025,app,desconocido,ecuador,rechazado,0.0,-0.5172413793103449,-0.09652797719161504,0.14655172413793102,-0.09455858036266894,0.0,0.07116104868913857,-0.6915724025496274,0.5,0.0,-0.763543483957753,1.0,-0.1017561550870115,1.0,0.286673491894072,1.0,-0.2946128239471268,1.0,0.0068301062973813,1.0,0.16782268546918708,1.0,-1.4736812409823736,1.0,1.0312249847783386,1.0,0.1590477084166273,1.0
CLI-3711,Daniela Saura Coca,34.0,femenino,ambato,2199075.0,independiente,239.0,92153.0,48.0,8360.0,393678.0,1.0,0.0,09 de April de 2025,call center,desktop,ecuador,aprobado,0.0,-0.4482758620689655,0.0,1.1206896551724137,-0.24167921443285637,0.5,0.9775280898876404,-0.31997519508759964,-0.5,-0.5,-0.6453928909647655,1.0,0.04494689081865905,1.0,1.6097012718137291,1.0,-0.7139354132477782,1.0,0.6867732139686339,1.0,1.5069301382154328,1.0,-0.4321678591422483,1.0,-0.9937313799445397,1.0,-1.154978408707881,0.0
CLI-3093,Carmela Ruth Martorell Blazquez,54.0,masculino,quito,4424470.0,estudiante,152.0,527377.0,12.0,4430.0,120195.0,0.0,0.0,desconocido,web,desktop,ecuador,pendiente,0.0,0.2413793103448276,1.1411345735734504,0.3706896551724138,0.7634291890294034,-1.0,-0.4943820224719101,-0.6393594633543622,-0.75,-0.5,0.44489989639032784,1.0,1.6105650392703903,1.0,0.6190732114861686,1.0,0.8307073024697954,1.0,-1.5406771205288021,1.0,-0.6746342748890135,1.0,-1.2698257842959673,1.0,-1.6454266338532069,0.0,-1.154978408707881,0.0
CLI-4881,Ambrosio Barrera,65.0,femenino,quito,4054380.0,empleado,28.0,202735.0,24.0,5360.0,112759.0,4.0,2.0,desconocido,app,ios,vietnam,rechazado,1.0,0.6206896551724138,0.9513604011978505,-0.6982758620689655,0.013699389393365543,-0.5,-0.14606741573033707,-0.64804351837362,0.25,0.5,0.9924533531215401,1.0,1.366469222258315,1.0,-1.308586937982773,1.0,-0.07069021110077524,1.0,-0.7243013537000694,1.0,-0.15503038601004634,1.0,-1.301047521862382,1.0,0.5731179750185994,1.0,0.8765503230843952,1.0
